1;Sokeri;Sugar;405.9;0.0;99.9;0.0;KPL_S:2,KPL_M:3,KPL_L:4,PORTS:2,PORTM:4,PORTL:8,DL:85,RKL:12,TL:4
2;Fruktoosi, hedelmäsokeri;Fructose;405.5;0.0;99.8;0.0;PORTS:2,PORTM:4,PORTL:8,DL:85,RKL:12,TL:4
3;Siirappi;Syrup;301.5;0.1;74.1;0.0;PORTS:5,PORTM:15,PORTL:30,DL:140,RKL:20,TL:6.5
4;Hunaja;Honey;330.3;0.5;80.8;0.0;PORTS:5,PORTM:15,PORTL:30,DL:140,RKL:20,TL:6.5
5;Makeinen, karamelli;Sweet, candy;355.5;0.5;87.0;0.0;KPL_S:2,KPL_M:3,KPL_L:7.5,PORTS:30,PORTM:80,PORTL:140,DL:45
6;Suklaa, keskiarvo, maito-, tumma-, valko-;Chocolate, average;542.6;9.6;47.8;34.4;KPL_S:100,KPL_M:170,KPL_L:300,PORTS:40,PORTM:100,PORTL:200
7;Suklaakonvehti, marmeladitäyte;Chocolate confection filled with marmalade;324.8;3.3;53.3;11.4;KPL_M:8,PORTS:15,PORTM:30,PORTL:100
8;Lakritsi;Liquorice, licorice;328.8;3.5;75.9;0.4;KPL_M:4,PORTS:15,PORTM:40,PORTL:80
9;Makeinen, marmeladimakeinen;Jelly candy, fruit jelly;309.5;0.1;75.0;0.1;KPL_L:30,PORTS:30,PORTM:80,PORTL:140
10;Marsipaani, mantelimassa;Marzipan, almond paste;485.9;12.6;47.6;26.9;PORTS:10,PORTM:20,PORTL:65,RKL:20
11;Makeinen, toffee;Toffee;456.1;1.8;64.7;21.0;KPL_M:5,PORTS:30,PORTM:80,PORTL:140
12;Makeinen, salmiakkipastilli;Salty liqourice pastille;296.4;0.1;63.0;0.2;KPL_M:0.5,PORTS:30,PORTM:80,PORTL:140
14;Suklaapatukka suklainen, keskiarvo;Chocolate bar, average;510.5;7.1;56.0;28.0;KPL_S:20,KPL_M:45,KPL_L:60,PORTS:20,PORTM:40,PORTL:80
20;Kaakaojauhe, ei lisättyä sokeria;Cocoa powder, unsweetened;369.9;18.5;11.0;21.7;PORTS:12,PORTM:20,PORTL:30,DL:40,RKL:6,TL:3
21;Kaakaojauhe, sokeroitu;Cocoa powder with sugar;399.7;6.4;77.4;6.5;PORTS:12,PORTM:20,PORTL:30,DL:40,RKL:6,TL:3
24;Sorbitoli;Sorbitol;239.0;0.0;0.0;0.0;PORTS:1,PORTM:2,PORTL:3
25;Liivate;Gelatin;392.5;96.4;0.0;0.1;PORTS:5,PORTM:15,PORTL:30,RKL:9,TL:3
26;Hiiva, tuore;Baking yeast, fresh;74.5;13.1;1.1;0.4;KPL_M:50,PORTS:5,PORTM:15,PORTL:30
27;Jauho, maissitärkkelys;Flour, cornstarch, cornflour;356.2;0.3;86.0;0.6;PORTS:5,PORTM:15,PORTL:30,DL:55,RKL:7
28;Sinappi;Mustard;131.4;4.4;14.1;6.0;PORTS:5,PORTM:10,PORTL:30,DL:110,RKL:16,TL:5
29;Lihaliemi, laimennettu;Meat bouillon;18.9;0.3;3.0;0.6;PORTS:200,PORTM:300,PORTL:400,DL:100,RKL:15,TL:5
30;Ruokasuola, jodioitu;Salt, iodised;2.6;0.6;0.0;0.0;PORTS:1,PORTM:2,PORTL:3,DL:125,RKL:20,TL:6.5
31;Maustekastike, soijakastike;Soy sauce;60.3;5.2;9.5;0.1;PORTS:5,PORTM:15,PORTL:30,DL:120,RKL:18,TL:6
32;Suklaa, tumma;Chocolate, plain, dark chocolate;520.5;4.9;53.3;31.0;KPL_S:45,KPL_M:100,KPL_L:200,PORTS:15,PORTM:30,PORTL:100
33;Suklaa, maitosuklaa;Chocolate, milk chocolate;538.4;10.1;49.8;33.0;KPL_S:45,KPL_M:100,KPL_L:200,PORTS:15,PORTM:30,PORTL:100
34;Halva seesamsiemenvalmiste;Halva made with sesame seeds and sugar;407.0;16.4;30.6;22.5;PORTS:10,PORTM:20,PORTL:30,DL:100,RKL:15
35;Makeinen, sokeriton;Sweet, candy, sugar-free;194.1;0.0;0.0;0.0;KPL_S:2,KPL_M:3,KPL_L:7.5,PORTS:30,PORTM:80,PORTL:140
36;Mineraalisuola, keskiarvo;Salt, low sodium;1.3;0.3;0.0;0.0;PORTS:1,PORTM:2,PORTL:3,DL:125,RKL:20,TL:6.5
37;Suklaa, sokeriton, keinotekoisesti makeutettu;Chocolate, artificially sweetened;466.6;2.3;1.7;36.6;KPL_S:45,KPL_M:100,PORTS:15,PORTM:30,PORTL:100
38;Lihaliemijauhe/tiiviste;Meat bouillon powder/cube;298.4;11.0;16.5;21.0;PORTS:5,PORTM:15,PORTL:30,DL:75,RKL:11,TL:3.5
39;Makeutusaine, aspartaami, jauhe;Sweetener, aspartam, powder;406.3;3.0;97.0;0.0;PORTS:0.1,PORTM:0.3,PORTL:0.5,TL:0.5
40;Välipalapatukka, kuituinen;Cereal bar with fibre;421.5;7.0;54.6;18.0;KPL_M:30,PORTS:30,PORTM:60,PORTL:120
43;Ruismallas;Rye malt;406.8;11.7;77.0;2.2;PORTS:5,PORTM:15,PORTL:30
44;Suklaapatukka täytesuklaa, keskiarvo;Chocolate bar with filling, average;509.2;8.0;60.0;26.0;KPL_S:20,KPL_M:45,KPL_L:60,PORTS:20,PORTM:40,PORTL:80
62;Ksylitolipastilli;Pastille sweetened with xylitol;239.1;0.5;0.0;0.8;KPL_M:1,PORTS:0.65,PORTM:1,PORTL:3
63;Suklaapatukka vähärasvainen;Chocolate bar, low-fat;422.9;5.5;55.1;13.0;KPL_S:20,KPL_M:45,KPL_L:60,PORTS:20,PORTM:40,PORTL:80
65;Ksylitolipurukumi;Chewing gum, xylitol sweetened;184.8;0.0;0.0;0.0;KPL_M:1,PORTS:1,PORTM:2,PORTL:5
66;Purukumi;Chewing gum;381.2;0.0;92.7;0.0;KPL_M:3,PORTS:1,PORTM:2,PORTL:5
68;Ohratärkkelys;Barley starch;336.7;0.1;81.6;0.2;PORTS:15,PORTM:25,PORTL:35,DL:55,RKL:8
69;Hedelmäpastilli, arabikumipastilli;Fruit pastille with gum arabic;259.5;0.0;60.6;0.2;KPL_M:1,PORTS:30,PORTM:80,PORTL:140
70;Makeutusaine, hermesetas, sakariini;Sweetener, saccharin;0.0;0.0;0.0;0.0;KPL_M:0.1,PORTS:0.1,PORTM:0.3,PORTL:0.5,TL:0.5
73;Jogurttirusina/jogurttihedelmä, kuorrutettu kuivattu hedelmä;Raisin or dried fruit coated with yoghurt;397.3;8.4;48.0;17.0;KPL_M:3,PORTS:20,PORTM:50,PORTL:100
74;Leivinjauhe;Baking powder;175.7;5.2;37.8;0.0;PORTS:5,PORTM:15,PORTL:30,RKL:15,TL:5
75;Kalaliemi, laimennettu;Fish stock broth;9.2;1.8;0.0;0.2;PORTS:200,PORTM:300,PORTL:400,DL:100,RKL:15,TL:5
79;Ruokasuola, jodioimaton, vuorisuola;Salt, rock salt, without iodine;0.0;0.0;0.0;0.0;PORTS:1,PORTM:2,PORTL:3,DL:125,RKL:20,TL:6.5
100;Jauho, ruisjauho, täysjyväjauho;Flour, rye, wholegrain rye flour;323.8;9.6;59.4;1.9;PORTS:15,PORTM:25,PORTL:35,DL:55,RKL:8
103;Ruishiutale;Rye flakes;294.4;9.6;52.0;2.0;PORTS:15,PORTM:25,PORTL:35,DL:30,RKL:4.5
110;Jauho, vehnäjauho, puolikarkea;Flour, wheat flour, semi-coarse;368.3;11.6;74.0;1.6;PORTS:15,PORTM:25,PORTL:35,DL:65,RKL:10
111;Jauho, grahamjauho;Flour, whole wheat flour, graham flour;343.9;12.9;61.7;2.5;PORTS:15,PORTM:25,PORTL:35,DL:55,RKL:9,TL:3
112;Mannasuurimo;Semolina;321.6;11.5;63.6;1.1;PORTS:15,PORTM:25,PORTL:35,DL:100,RKL:15
113;Mannasuurimo, tumma;Semolina, whole wheat;308.3;11.5;59.4;1.1;PORTS:15,PORTM:25,PORTL:35,DL:100,RKL:15
114;Vehnähiutale;Wheat flakes;335.0;12.9;58.7;2.2;PORTS:15,PORTM:25,PORTL:35,DL:30,RKL:4.5
115;Vehnänalkio;Wheat germ;360.5;29.4;31.0;10.0;PORTS:15,PORTM:25,PORTL:35,DL:25,RKL:5,TL:2
116;Lese, vehnälese;Wheat bran;241.4;14.8;16.9;4.6;PORTS:15,PORTM:25,PORTL:35,DL:20,RKL:3
117;Makaroni, pasta;Macaroni, pasta;338.7;13.0;66.4;1.1;PORTS:55,PORTM:70,PORTL:80,DL:55,RKL:7.5
119;Makaroni, tumma;Macaroni, whole wheat;355.2;13.5;65.7;2.5;PORTS:55,PORTM:70,PORTL:80,DL:55,RKL:7.5
120;Nuudeli, vehnänuudeli;Noodle, wheat;350.6;11.2;66.4;3.3;PORTS:55,PORTM:70,PORTL:80
121;Pasta, spagetti, makaroni;Pasta, spaghetti, macaroni;337.3;12.0;66.4;1.4;PORTS:55,PORTM:70,PORTL:80,DL:60
123;Makaroni, tumma, keitetty, suolaton;Macaroni, dark, boiled without salt;106.6;4.0;19.7;0.8;PORTS:135,PORTM:175,PORTL:200,DL:65,RKL:11
124;Jauho, hiivaleipävehnäjauho;Flour, dark wheat flour;363.3;13.1;68.6;2.4;PORTS:15,PORTM:25,PORTL:35,DL:55,RKL:9
125;Jauho, jauhoseos, sämpyläjauho, vehnäjauho, ruisjauho, vehnärouhe;Flour mixture, for bread rolls, wheat flour, wheat groats, rye;313.8;11.2;59.4;1.9;PORTS:15,PORTM:25,PORTL:35,DL:55,RKL:9
126;Jauho, korppujauho;Flour, breadcrumbs;366.4;11.5;73.6;1.6;PORTS:15,PORTM:25,PORTL:35,DL:50,RKL:7
133;Vohvelikuori, jäätelövohveli;Wafer, ice cream cone;427.1;8.2;78.8;7.4;KPL_S:3.5,KPL_M:8.5,KPL_L:11,PORTS:3.5,PORTM:8.5,PORTL:17
142;Jauho, vehnäjauho, leipomoteollisuus, vastajauhettu;Flour, wheat flour, semi-coarse, bakery industry, fresh;350.6;11.5;70.0;1.4;PORTS:15,PORTM:25,PORTL:35,DL:70,RKL:10.5,TL:3.5
150;Jauho, ohrajauho;Flour, barley flour;327.4;8.2;64.4;2.0;PORTS:15,PORTM:25,PORTL:35,DL:55,RKL:8
151;Ohrasuurimo;Barley, pearl;322.3;8.2;63.1;2.0;PORTS:15,PORTM:25,PORTL:35,DL:85,RKL:12.5
152;Ohrahiutale;Barley, rolled, barley flakes;330.5;8.2;64.5;2.0;PORTS:15,PORTM:25,PORTL:35,DL:35,RKL:5
153;Kaurahiutale;Oats, rolled, oat flakes;382.1;13.6;60.0;7.2;PORTS:15,PORTM:25,PORTL:35,DL:40,RKL:6
154;Jauho, jauhoseos, talkkunajauho, sisältää ohraa;Flour mixture, talkkuna powder, roasted barley, rye, oat, pea;324.6;8.2;57.6;4.3;PORTS:15,PORTM:25,PORTL:35,DL:70,RKL:11
156;Riisi puuroutuva;Rice, white;342.4;6.1;75.6;0.7;PORTS:50,PORTM:70,PORTL:100,DL:85,RKL:12.5
158;Täysjyväriisi;Rice, wholegrain;362.1;7.9;71.3;2.9;PORTS:50,PORTM:70,PORTL:100,DL:85,RKL:12.5
160;Jauho, hirssisuurimo tai -jauho;Flour, millet, whole or crushed grains;357.0;11.2;68.8;2.9;PORTS:15,PORTM:25,PORTL:35,DL:80,RKL:12
161;Jauho, tattarisuurimo tai -jauho;Flour, buckwheat, whole or crushed grains;327.2;13.0;60.5;2.0;PORTS:15,PORTM:25,PORTL:35,DL:75,RKL:11
162;Jauho, perunajauho tai -suurimo, perunatärkkelys;Flour, potato starch, potato flour;334.9;0.1;81.6;0.1;PORTS:15,PORTM:25,PORTL:35,DL:60,RKL:9.5
163;Muro, maissihiutale, corn flakes;Breakfast cereal, corn flakes;377.1;7.7;82.1;0.8;PORTS:25,PORTM:30,PORTL:35,DL:13
167;Maissi, jyvä, kuivattu;Maize, kernel, dried, unpopped;354.4;12.7;55.4;6.8;KPL_M:0.2,PORTS:15,PORTM:25,PORTL:35,DL:86,RKL:14,TL:5
168;Kalja- / mämmimallas;Malt for beer;319.8;11.7;56.8;1.6;PORTS:5,PORTM:15,PORTL:30
170;Lese, kauralese;Oat bran;376.3;16.2;52.2;7.3;PORTS:15,PORTM:25,PORTL:35,DL:60,RKL:9
172;Pasta, pinaattispagetti, sisältää kananmunaa;Spaghetti spinach, contains egg;357.4;13.5;67.1;2.7;PORTS:55,PORTM:70,PORTL:80
173;Kauramakaroni, sisältää vehnää ja kauraa;Oat macaroni, contains wheat and oats;361.1;13.0;65.1;3.7;PORTS:55,PORTM:70,PORTL:80,DL:55,RKL:7.5
175;Rouhe, vehnärouhe kokojyvästä;Wheat grain, crushed;308.0;12.9;52.9;2.5;PORTS:15,PORTM:25,PORTL:35,DL:70
176;Rouhe, ruisrouhe;Rye grain, crushed;328.1;9.6;57.1;2.5;PORTS:15,PORTM:25,PORTL:35
177;Riisi, luonnonriisi riisi-villiriisiseos, keitetty, suolaton;Rice, natural rice, mixed rice and wild rice, boiled without salt;134.0;2.4;21.3;0.9;PORTS:70,PORTM:110,PORTL:150
182;Jauho, riisijauho, riisihiutale;Flour, rice flour, rice flake;367.7;7.7;79.3;1.4;PORTS:15,PORTM:25,PORTL:35,DL:55,RKL:8
183;Jauho, täysjyväriisijauho;Flour, rice flour, whole grain;362.1;7.9;71.3;2.9;PORTS:15,PORTM:25,PORTL:35
184;Maissilastu, tacokuori;Tortilla chips, taco shell;477.5;7.6;60.0;22.6;KPL_M:10,PORTS:20,PORTM:50,PORTL:100
185;Jauho, jauhoseos, gluteeniton, vehnätärkkelystä;Flour mixture, gluten-free, contains wheat starch;361.1;5.5;80.2;1.2;PORTS:15,PORTM:25,PORTL:35,DL:60
186;Pasta, spagetti, pinaattispagetti, keitetty, suolaton;Pasta, spaghetti, spinach, boiled without salt;107.2;4.1;20.1;0.8;PORTS:135,PORTM:175,PORTL:200,DL:80
187;Makaroni, keitetty, öljyä, suolaton;Macaroni, boiled, oil;104.3;3.8;19.6;0.8;PORTS:135,PORTM:175,PORTL:200,DL:65,RKL:11
188;Pasta, spagetti, keitetty, öljyä, suolaton;Pasta, spaghetti, boiled, oil, without salt;103.9;3.5;19.6;0.9;PORTS:135,PORTM:175,PORTL:200,DL:80,RKL:12
189;Jauho, jauhoseos, ruis-vehnä;Flour mixture, rye, wheat;323.6;10.6;66.7;1.7;PORTS:15,PORTM:25,PORTL:35,DL:60,RKL:9
190;Kauramakaroni, keitetty, suolaton;Oat macaroni, boiled, no added salt;108.3;3.9;19.5;1.1;PORTS:135,PORTM:175,PORTL:200,DL:65,RKL:11
191;Kauramakaroni, keitetty, öljyä, suolaton;Oat macaroni, boiled, added oil;111.0;3.8;19.2;1.6;PORTS:135,PORTM:175,PORTL:200,DL:65,RKL:11
202;Peruna, kuivattu;Potato, dried;367.9;8.6;75.0;0.6;PORTS:20,PORTM:40,PORTL:60
203;Perunalastu;Potato crisps, potato chips, potato snack;521.2;5.3;47.6;33.0;KPL_S:1,KPL_M:2,KPL_L:3,PORTS:20,PORTM:50,PORTL:100,DL:12
204;Peruna, uusi;Potato, new;74.6;1.7;15.5;0.1;PORTS:120,PORTM:180,PORTL:240
205;Peruna, vanha, kuorittu;Potato, peeled;75.4;1.9;15.5;0.1;KPL_M:60,PORTS:120,PORTM:180,PORTL:240
206;Perunasosejauhe, valmistamaton;Mashed potato powder;379.8;5.7;73.5;4.3;PORTS:20,PORTM:35,PORTL:60,DL:75,RKL:11
207;Ranskanperunavalmiste, pakaste;French fries, frozen;247.2;4.2;42.0;6.3;PORTS:125,PORTM:180,PORTL:250
209;Perunahiutale;Potatoflake;341.2;6.4;73.2;0.6;PORTS:20,PORTM:40,PORTL:60,DL:30
300;Porkkana;Carrot;32.7;0.6;5.6;0.2;KPL_S:35,KPL_M:65,KPL_L:100,PORTS:40,PORTM:60,PORTL:100
302;Porkkana, kuivattu;Carrot, dried;268.7;5.2;45.8;1.6;PORTS:10,PORTM:15,PORTL:30
303;Lanttu;Swede, rutabaga;34.8;1.1;5.9;0.1;PORTS:30,PORTM:60,PORTL:90
304;Nauris;Turnip;21.2;1.2;2.5;0.1;KPL_S:80,KPL_M:170,KPL_L:270,PORTS:40,PORTM:60,PORTL:100
305;Punajuuri;Beetroot, red beet;44.5;1.4;8.0;0.1;KPL_M:80,PORTS:40,PORTM:60,PORTL:100
307;Etikkapunajuuri;Beetroot, pickled;35.6;1.0;6.7;0.2;KPL_S:30,KPL_M:40,KPL_L:50,PORTS:30,PORTM:60,PORTL:90
308;Retiisi;Radish;12.1;0.7;1.5;0.1;KPL_M:10,PORTS:40,PORTM:60,PORTL:100
309;Palsternakka;Parsnip;63.8;1.1;10.3;0.6;KPL_S:100,KPL_M:150,KPL_L:200,PORTS:40,PORTM:60,PORTL:100
310;Maa-artisokka;Jerusalem artichoke;52.2;1.8;2.9;0.1;KPL_M:70,PORTS:40,PORTM:60,PORTL:100
311;Juuriselleri, mukulaselleri;Celeriac, turnip-rooted celery, knob celery, celery root;22.5;1.3;2.6;0.1;KPL_S:200,KPL_M:600,KPL_L:800,PORTS:40,PORTM:60,PORTL:100
312;Mustajuuri;Black salsify;63.0;0.5;10.5;0.4;KPL_M:180,PORTS:40,PORTM:60,PORTL:100
313;Pakastekasvissekoitus, keittojuures, porkkana, lanttu, juuriselleri, purjo;Frozen vegetable mix, root vegetables, carrot-swede-celeriac-leek;34.0;1.1;5.4;0.2;PORTS:50,PORTM:80,PORTL:110,DL:60
320;Valkokaali, keräkaali;White cabbage;31.4;1.2;5.0;0.1;KPL_S:800,KPL_M:1200,KPL_L:1500,PORTS:30,PORTM:60,PORTL:90,DL:40
321;Punakaali;Red cabbage;28.6;1.5;4.2;0.1;PORTS:30,PORTM:60,PORTL:90,DL:40
322;Kukkakaali;Cauliflower;24.5;2.0;2.4;0.2;KPL_S:400,KPL_M:600,KPL_L:1000,PORTS:50,PORTM:100,PORTL:150,DL:40
324;Parsakaali, brokkoli;Broccoli;34.8;3.9;1.6;0.5;KPL_S:200,KPL_M:350,KPL_L:600,PORTS:40,PORTM:60,PORTL:100
326;Lehtikaali;Kale;38.3;2.7;1.8;0.8;PORTS:20,PORTM:50,PORTL:100,DL:50
327;Ruusukaali;Brussels sprout;41.4;3.6;3.9;0.1;KPL_M:15,PORTS:40,PORTM:60,PORTL:100,DL:60
329;Kyssäkaali, kaalirapi;Kohlrabi;32.3;1.9;4.7;0.1;KPL_M:230,PORTS:40,PORTM:60,PORTL:100
330;Lehtisalaatti, ruukkusalaatti, lollo rosso;Lettuce;12.6;1.1;1.0;0.2;KPL_S:40,KPL_M:100,KPL_L:150,PORTS:20,PORTM:50,PORTL:100
331;Jäävuorisalaatti, rapea keräsalaatti, amerikansalaatti;Iceberg lettuce;13.0;1.1;1.0;0.2;KPL_M:500,PORTS:20,PORTM:50,PORTL:100,DL:25
333;Persilja;Parsley;27.3;1.4;1.1;0.2;PORTS:0.5,PORTM:2,PORTL:5,RKL:2
334;Nokkonen;Nettle, stinging nettle;42.9;6.2;0.8;0.2;PORTS:20,PORTM:50,PORTL:100,DL:40
335;Sipuli, keltasipuli;Onion;29.4;1.2;4.8;0.1;KPL_S:30,KPL_M:55,KPL_L:200,PORTS:40,PORTM:60,PORTL:100,DL:90
336;Sipuli, kuivattu sipulilastu;Onion, dried;264.0;10.5;35.1;0.7;PORTS:5,PORTM:10,PORTL:20,RKL:9,TL:3
337;Purjosipuli;Leek;22.9;1.8;2.4;0.2;KPL_S:120,KPL_M:200,KPL_L:280,PORTS:40,PORTM:60,PORTL:100
338;Raparperi;Rhubarb;33.7;0.7;5.5;0.1;KPL_M:165,PORTS:40,PORTM:60,PORTL:100,DL:60
339;Lehtiselleri, varsiselleri;Celery;12.7;1.1;1.1;0.2;KPL_S:335,KPL_M:380,KPL_L:530,PORTS:20,PORTM:50,PORTL:100,DL:50
340;Parsa, säilötty;Asparagus, canned;15.4;1.2;1.2;0.2;KPL_M:7,PORTS:15,PORTM:30,PORTL:60,DL:55
342;Sieni, tatti, hapero;Mushroom, boletus, russula;32.1;3.0;2.9;0.5;PORTS:100,PORTM:200,PORTL:270
343;Sieni rouskut, suolattu, käyttövalmis;Mushroom, milk caps, salted;23.3;1.6;2.3;0.5;PORTS:80,PORTM:150,PORTL:200,DL:80
344;Etikkasienisäilyke;Mushroom in vinegar;38.1;1.6;5.3;0.5;PORTS:30,PORTM:60,PORTL:90,DL:60
345;Herkkusieni;Champignon, fresh;15.0;2.1;0.3;0.2;KPL_S:5,KPL_M:15,PORTS:100,PORTM:200,PORTL:270,DL:30
346;Kurkku;Cucumber;11.3;0.7;1.4;0.1;KPL_S:250,KPL_M:400,KPL_L:600,PORTS:40,PORTM:60,PORTL:100,DL:45
347;Etikkakurkku, ei lisättyä sokeria;Cucumber, pickled cucumber, without added sugar;11.6;0.7;1.3;0.1;KPL_S:70,KPL_M:100,KPL_L:200,PORTS:15,PORTM:30,PORTL:60
348;Maustekurkku, herkkukurkku, sokerisuolattu;Pickled cucumber, sweet, flavoured;19.9;0.7;3.0;0.1;KPL_S:70,KPL_M:100,KPL_L:200,PORTS:15,PORTM:30,PORTL:60
350;Kurpitsa;Pumpkin;15.9;0.8;2.0;0.1;KPL_M:600,PORTS:40,PORTM:60,PORTL:100
351;Salaatti, kurpitsasalaatti, pikkelssi;Salad, pickled pumpkin;76.9;0.7;17.0;0.2;PORTS:10,PORTM:25,PORTL:40,DL:120,RKL:18
352;Tomaatti;Tomato;22.7;0.6;3.5;0.3;KPL_S:75,KPL_M:125,KPL_L:170,PORTS:40,PORTM:60,PORTL:100
353;Ketsuppi;Tomato ketchup;91.5;1.2;19.2;0.4;PORTS:10,PORTM:20,PORTL:50,DL:120,RKL:18,TL:5
354;Tomaattisose, tomaattipyree;Tomato puree;58.2;4.5;8.0;0.5;PORTS:5,PORTM:15,PORTL:30,DL:90
355;Paprika, keskiarvo;Sweet pepper, average;28.3;0.9;4.2;0.4;KPL_S:120,KPL_M:170,KPL_L:230,PORTS:40,PORTM:60,PORTL:100
356;Sekavihannes, porkkana, kukkakaali, herne, papu;Mixed vegetables, carrot, cauliflower, pea, bean;27.9;2.3;2.9;0.2;PORTS:50,PORTM:80,PORTL:110,DL:60
358;Täysmehu, kasvistuoremehu;Vegetable juice;32.8;0.6;6.8;0.2;PORTS:150,PORTM:200,PORTL:300,DL:100,RKL:15
359;Kiinankaali;Chinese cabbage;14.5;1.2;1.6;0.1;KPL_S:300,KPL_M:850,KPL_L:1000,PORTS:20,PORTM:50,PORTL:100,DL:25
360;Mangoldi;Swiss chard;17.2;1.4;1.5;0.3;PORTS:20,PORTM:50,PORTL:100
362;Munakoiso;Aubergine;22.4;0.5;3.1;0.2;KPL_S:200,KPL_M:400,KPL_L:500,PORTS:40,PORTM:60,PORTL:100,DL:30
363;Maissi, jyvät;Sweet corn kernels;134.5;2.8;25.6;1.4;PORTS:40,PORTM:60,PORTL:100
364;Vihanneskrassi;Garden cress;27.3;1.4;0.7;1.4;PORTS:20,PORTM:50,PORTL:100
367;Kantarelli;Chanterelle;26.5;2.0;1.5;0.7;KPL_S:25,KPL_M:40,KPL_L:60,PORTS:100,PORTM:200,PORTL:270,DL:40
368;Korvasieni;False morel;21.7;1.8;0.5;0.7;PORTS:115,PORTM:215,PORTL:285
369;Tilli, tuore;Dill, fresh;29.7;3.7;0.9;0.8;PORTS:0.5,PORTM:2,PORTL:5,RKL:2.5
370;Herne, vihreä, tuore;Pea, green;75.2;5.6;9.5;0.8;PORTS:25,PORTM:45,PORTL:65,DL:60
371;Herne, vihreä, kuivattu;Pea, green, dried;245.1;19.4;27.2;1.6;PORTS:5,PORTM:15,PORTL:30,DL:85
372;Papu, vihreä taitepapu, tuore;Bean, green bean, string bean;35.6;2.1;4.8;0.3;KPL_M:15,PORTS:25,PORTM:45,PORTL:65,DL:55,RKL:9
373;Papu, ruskea tai valkoinen, kuivattu, keskiarvo;Bean, common bean, brown bean, white bean, average;305.2;22.2;39.5;1.5;PORTS:30,PORTM:37.5,PORTL:45,DL:85
375;Pähkinä, hasselpähkinä;Nut, hazelnut;644.0;14.1;3.4;61.0;KPL_M:1,PORTS:20,PORTM:50,PORTL:100,DL:65,RKL:10
376;Pähkinä, saksanpähkinä;Nut, walnut;664.4;15.2;3.2;65.2;PORTS:20,PORTM:50,PORTL:100,DL:60,RKL:6
377;Kastanja;Chestnut;194.9;3.4;36.6;2.2;KPL_M:15,PORTS:20,PORTM:50,PORTL:100
378;Pähkinä, maapähkinä;Nut, peanut;551.3;25.6;12.5;43.0;KPL_M:0.7,PORTS:20,PORTM:50,PORTL:100,DL:70,RKL:10
379;Manteli;Almond;601.6;24.1;6.6;51.2;PORTS:20,PORTM:50,PORTL:100,DL:70,RKL:10
380;Jauho, soijajauho, rasvainen;Flour, soya flour, full fat;466.4;34.5;23.5;23.5;PORTS:5,PORTM:15,PORTL:30,DL:55
381;Jauho, soijajauho, vähärasvainen;Flour, soya flour, low-fat;390.7;45.3;28.4;7.2;PORTS:5,PORTM:15,PORTL:30,DL:55
382;Kookoshiutale;Coconut flake;660.9;8.1;6.4;64.5;PORTS:2,PORTM:5,PORTL:10,DL:35,RKL:5
383;Pähkinä, suolapähkinä;Nut, peanut, salt;552.1;25.6;12.7;43.0;PORTS:20,PORTM:50,PORTL:100,DL:65,RKL:10
384;Itu, keskiarvo, sinimailanen, mungopapu;Beansprouts and alfalfa sprouts, average;35.9;4.0;2.6;0.7;KPL_M:0.4,PORTS:7,PORTM:20,PORTL:50,DL:40,RKL:7
385;Seesaminsiemen, kuorineen;Sesame seed, with hull;607.9;23.5;0.9;54.8;PORTS:5,PORTM:15,PORTL:30,DL:60,RKL:8.5,TL:3
386;Paprika, punainen;Sweet pepper, red;28.4;0.9;4.5;0.3;KPL_S:120,KPL_M:170,KPL_L:230,PORTS:40,PORTM:60,PORTL:100
387;Paprika, vihreä;Sweet pepper, green;21.2;0.9;2.5;0.3;KPL_S:120,KPL_M:170,KPL_L:230,PORTS:40,PORTM:60,PORTL:100
388;Paprika, keltainen;Sweet pepper, yellow;30.1;0.9;5.1;0.2;KPL_S:120,KPL_M:170,KPL_L:230,PORTS:40,PORTM:60,PORTL:100
389;Kesäkurpitsa, zucchini;Zucchini, summer squash;18.4;0.7;2.5;0.4;KPL_S:200,KPL_M:350,KPL_L:450,PORTS:40,PORTM:60,PORTL:100
390;Täysmehu, tomaattimehu;Tomato juice, unsweetened;22.3;0.6;3.4;0.3;PORTS:150,PORTM:200,PORTL:300,DL:100,RKL:15
391;Soijapapu, kuivattu;Soya beans, dried;374.2;35.9;10.3;17.7;PORTS:30,PORTM:37.5,PORTL:45,DL:85
392;Ruohosipuli;Chives;25.2;2.2;0.7;0.9;PORTS:0.5,PORTM:2,PORTL:5,DL:40,RKL:7
393;Valkosipuli;Garlic;108.3;7.9;16.3;0.6;KPL_M:3.5,PORTS:0.5,PORTM:2,PORTL:5
394;Salaatti, kurkkusalaatti, kurkkupikkelssi, kurkkurelissi;Salad, sweet pickle relish;69.7;0.4;15.9;0.1;PORTS:10,PORTM:25,PORTL:40,DL:120,RKL:18
395;Papu, valkoinen, keitetty;Bean, white bean, boiled;111.1;8.3;14.0;0.8;PORTS:60,PORTM:75,PORTL:90,DL:70
396;Pakastekasvissekoitus, herne-maissi-paprika;Frozen vegetable mix, pea-sweet corn-sweet pepper;82.4;3.1;13.1;0.8;PORTS:50,PORTM:80,PORTL:110,DL:60
398;Tomaattimurska;Tomatoes, crushed, canned;22.8;0.6;3.5;0.2;PORTS:40,PORTM:80,PORTL:150,DL:100,RKL:15
399;Linssi, vihreä/ruskea, kuivattu;Lentils, green/brown, dried;311.7;24.4;45.7;1.1;PORTS:40,PORTM:60,PORTL:85,DL:80
401;Omena, kuivattu;Apple, dried;276.6;1.0;60.2;0.3;PORTS:10,PORTM:30,PORTL:60,DL:25
408;Aprikoosi, sokeriliemessä;Apricot, canned, in syrup;73.3;1.0;16.0;0.1;KPL_M:20,PORTS:60,PORTM:110,PORTL:180,DL:65
409;Aprikoosi, kuivattu;Apricot, dried;220.6;5.2;43.4;0.5;KPL_M:7,PORTS:20,PORTM:40,PORTL:60,DL:50
411;Persikka, sokeriliemessä;Peach, canned, in syrup;66.3;0.3;15.2;0.1;KPL_M:45,PORTS:60,PORTM:110,PORTL:180,DL:105
412;Persikka, kuivattu;Peach, dried;280.4;5.8;52.9;1.0;PORTS:20,PORTM:40,PORTL:60
417;Ananas, sokeriliemessä;Pineapple, canned, in syrup;73.6;0.5;16.6;0.1;PORTS:60,PORTM:110,PORTL:180,DL:95
423;Viinirypäle, keskiarvo, kivetön, vihreä/tumma;Grape, average, green or red, seedless;73.5;0.6;15.5;0.4;KPL_M:7,PORTS:70,PORTM:160,PORTL:300,DL:70
427;Sekahedelmä, kuivattu;Mixed fruit, dried;222.9;3.5;43.9;0.8;PORTS:20,PORTM:40,PORTL:60,DL:65
428;Rusina;Raisin;290.0;2.2;60.1;0.5;KPL_M:0.4,PORTS:20,PORTM:40,PORTL:60,DL:60,RKL:9,TL:3
431;Oliivi, keskiarvo, punnittu kivineen, öljyssä, vihreä/musta;Olive, average, with stone, in oil, green/black;152.7;1.1;0.0;16.0;KPL_M:5,PORTS:10,PORTM:20,PORTL:50,DL:30
432;Hedelmäsalaattisäilyke, sokeriliemessä;Fruit cocktail, in syrup;87.7;0.8;19.2;0.4;PORTS:60,PORTM:110,PORTL:180,DL:70
433;Täysmehu, omenatäysmehu, c-vitamiinia;Apple juice, unsweetened, vitamin c;49.8;0.2;10.7;0.5;PORTS:150,PORTM:200,PORTL:300,DL:100,RKL:15,TL:5
434;Täysmehu, appelsiinitäysmehu, c-vitamiinia;Orange juice, unsweetened, vitamin c;46.1;0.6;10.0;0.1;PORTS:150,PORTM:200,PORTL:300,DL:100,RKL:15,TL:5
435;Täysmehu, greippitäysmehu, c-vitamiinia;Grapefruit juice, unsweetened, vitamin c;41.7;0.6;9.0;0.2;PORTS:150,PORTM:200,PORTL:300,DL:100,RKL:15,TL:5
436;Täysmehu, c-vitamiinia, keskiarvo;Fruit juice, unsweetened, vitamin c, average;44.6;0.2;10.2;0.3;PORTS:150,PORTM:200,PORTL:300,DL:100,RKL:15,TL:5
437;Täysmehu, sitruunatäysmehu, laimennettu;Lemon juice, unsweetened, diluted;14.1;0.2;1.6;0.0;PORTS:150,PORTM:200,PORTL:300,DL:100,RKL:15,TL:5
438;Täysmehu, ananastäysmehu, c-vitamiinia;Pineapple juice, unsweetened, vitamin c;59.2;0.5;13.4;0.1;PORTS:150,PORTM:200,PORTL:300,DL:100,RKL:15,TL:5
440;Puolukka;Lingonberry, cowberry;55.9;0.5;8.9;0.7;PORTS:60,PORTM:120,PORTL:180,DL:60,RKL:12
441;Karpalo;Cranberry;32.1;0.4;4.6;0.1;PORTS:60,PORTM:120,PORTL:180,DL:60,RKL:12
442;Mustikka, metsämustikka;Blueberry, bilberry;64.7;0.8;10.2;1.1;PORTS:60,PORTM:120,PORTL:180,DL:60,RKL:12
444;Mustaherukka;Blackcurrant;74.1;1.4;9.7;1.1;PORTS:60,PORTM:120,PORTL:180,DL:50,RKL:10
445;Punaherukka;Redcurrant;56.7;1.4;7.5;0.4;PORTS:60,PORTM:120,PORTL:180,DL:50,RKL:10
446;Karviainen;Gooseberry;39.9;0.9;5.4;0.4;PORTS:60,PORTM:120,PORTL:180,DL:45,RKL:9
447;Mansikka;Strawberry;44.6;0.5;7.7;0.3;PORTS:60,PORTM:120,PORTL:180,DL:50,RKL:10
448;Vadelma;Raspberry;47.6;1.0;5.7;0.8;PORTS:60,PORTM:120,PORTL:180,DL:50,RKL:10
449;Lakka, suomuurain, hilla;Cloudberry;55.2;1.5;6.8;1.1;PORTS:60,PORTM:120,PORTL:180,DL:50,RKL:10
450;Marjahillo, keskiarvo;Mixed berry jam;161.6;0.3;38.0;0.1;PORTS:17,PORTM:40,PORTL:65,DL:115,RKL:17,TL:5.5
451;Mehu, höyrymehu, laimentamaton, sokeroitu;Berry juice, sweetened, undiluted, home-made;208.7;0.9;48.2;0.6;PORTS:25,PORTM:30,PORTL:50,DL:100,RKL:15,TL:5
452;Mehu, höyrymehu, mustaherukka, laimentamaton, sokeroitu;Blackcurrant juice, sweetened, undiluted, home-made;178.0;0.8;42.0;0.0;PORTS:25,PORTM:30,PORTL:50,DL:100,RKL:15,TL:5
453;Mehu, höyrymehu laimentamaton, sokeriton;Berry juice, unsweetened, undiluted, home-made;37.9;0.6;7.8;0.0;PORTS:25,PORTM:30,PORTL:50,DL:100,RKL:15,TL:5
454;Marja, keskiarvo;Berry, average;50.9;0.8;7.2;0.6;PORTS:60,PORTM:120,PORTL:180,DL:55,RKL:12
455;Tyrnimarja;Sea buckthorn berry;56.6;1.5;2.2;3.2;PORTS:60,PORTM:120,PORTL:180,DL:55,RKL:11
456;Marmeladi, marjoista;Berry marmalade;197.0;0.7;46.6;0.1;PORTS:10,PORTM:20,PORTL:30,DL:115,RKL:17,TL:5.5
457;Pihlajanmarja;Rowanberry, sorbus;74.7;1.1;4.2;1.2;PORTS:60,PORTM:120,PORTL:180,DL:50,RKL:10
458;Mehu, mustaherukka-puolukkamehujuoma;Juice drink, blackcurrant-lingonberry, contains sugar;73.4;0.1;17.3;0.3;PORTS:150,PORTM:200,PORTL:300,DL:100,RKL:15,TL:5
459;Mehu, mehujuoma, puolukka, laimentamaton;Juice drink, lingonberry, undiluted, contains sugar;71.0;0.0;16.8;0.3;PORTS:25,PORTM:30,PORTL:50,DL:100,RKL:15,TL:5
461;Mehu, höyrymehu laimennettu, sokeroitu;Berry juice, sweetened, diluted, home-made;41.8;0.2;9.6;0.1;PORTS:150,PORTM:200,PORTL:300,DL:100,RKL:15,TL:5
462;Mehu, höyrymehu, mustaherukka, laimennettu, sokeroitu;Blackcurrant juice, sweetened, diluted, home-made;35.7;0.2;8.4;0.0;PORTS:150,PORTM:200,PORTL:300,DL:100,RKL:15,TL:5
463;Mehu, höyrymehu laimennettu, sokeriton;Berry juice, unsweetened, diluted, home-made;7.6;0.1;1.6;0.0;PORTS:150,PORTM:200,PORTL:300,DL:100,RKL:15,TL:5
469;Täysmehu, viiden hedelmän mehu, c-vitamiinia;Fruit juice, five fruits, unsweetened, vitamin c;47.1;0.6;10.3;0.1;PORTS:150,PORTM:200,PORTL:300,DL:100,RKL:15,TL:5
471;Ananas, omassa liemessään;Pineapple, canned, in own juice;52.6;0.4;11.2;0.1;PORTS:60,PORTM:110,PORTL:180,DL:95
472;Omenasose, makeuttamaton;Applesauce, unsweetened;45.0;0.2;9.5;0.1;PORTS:17,PORTM:40,PORTL:80,DL:120
473;Mehu, nektari, hedelmäjuoma, hedelmäpitoisuus 50 %;Fruit nectar, berry nectar, sweetened, 50% fruit;49.3;0.3;11.4;0.1;PORTS:150,PORTM:200,PORTL:300,DL:100,RKL:15,TL:5
474;Täysmehu, marjatäysmehu;Berry juice, unsweetened;33.5;0.7;6.1;0.2;PORTS:150,PORTM:200,PORTL:300,DL:100,RKL:15,TL:5
476;Hillo, fruktoosilla makeutettu;Jam, sweetened with fructose;144.7;0.1;33.5;0.3;PORTS:17,PORTM:40,PORTL:65,DL:115,RKL:17,TL:5.5
477;Meloni, verkkomeloni/cantaloupemeloni, kuorittu;Muskmelon/cantaloupe melon, without skin;22.6;0.6;4.1;0.2;KPL_M:360,PORTS:55,PORTM:150,PORTL:250,DL:70
478;Marjajuoma, nektari, marjapitoisuus 50 %;Berry nectar drink, sweetened, contains 50% berries;127.3;0.6;29.3;0.3;PORTS:150,PORTM:200,PORTL:300,DL:100,RKL:15,TL:5
500;Voi;Butter;727.0;1.2;0.8;81.3;PORTS:3,PORTM:6,PORTL:10,DL:95,RKL:14,TL:4.5
501;(arc) rasvaseos 80 %;(arc)blended spread 80%;714.7;1.2;0.6;80.0;PORTS:3,PORTM:6,PORTL:10,DL:95,RKL:14,TL:4.5
516;Leivontamargariini 80 %, sunnuntai, vl;Hard margarine  80%, sunnuntai, for baking, low-lactose;711.3;0.0;0.5;80.2;PORTS:3,PORTM:6,PORTL:10,DL:95,RKL:14,TL:4.5
528;(arc) syväpaistorasva 100 %, uppopaistorasva;(arc)catering fat for deep frying 100%;879.6;0.6;0.4;99.0;PORTS:3,PORTM:6,PORTL:10,DL:95,RKL:14
529;Teollisuusmargariini 80 %, kaulintamargariini;Margarine, pastry, 80% fat, industrial;707.5;0.0;0.0;80.0;PORTS:3,PORTM:6,PORTL:10,DL:95,RKL:14
530;Leipomoteollisuusmargariini 80 %, leivonta;Catering margarine for baking, 80% fat;709.0;0.4;0.0;80.0;PORTS:3,PORTM:6,PORTL:10,DL:95,RKL:14,TL:4.5
531;Ruokaöljy teollisuuskäyttöön, 70 % rypsiöljyä, 30 % palmuöljyä;Catering oil, 70% rapeseed oil, 30% palm oil;884.3;0.0;0.0;100.0;PORTS:10,PORTM:25,PORTL:40,DL:90,RKL:13.5,TL:4.5
535;Rypsiöljy;Rapeseed oil;884.3;0.0;0.0;100.0;PORTS:10,PORTM:25,PORTL:40,DL:90,RKL:13.5,TL:4.5
536;Oliiviöljy;Olive oil;884.3;0.0;0.0;100.0;PORTS:10,PORTM:25,PORTL:40,DL:90,RKL:13.5,TL:4.5
537;Maapähkinäöljy;Peanut oil;884.3;0.0;0.0;100.0;PORTS:10,PORTM:25,PORTL:40,DL:90,RKL:13.5,TL:4.5
540;Auringonkukkaöljy;Sunflower oil;884.3;0.0;0.0;100.0;PORTS:10,PORTM:25,PORTL:40,DL:90,RKL:13.5,TL:4.5
541;Ruokaöljy keskiarvo, 87 % rypsi- 8 % auringonkukka- ja 5% oliiviöljy;Cooking oil, average, 87% rapeseed, 8% sunflower,and 5% olive oil;883.4;0.0;0.0;99.9;PORTS:10,PORTM:25,PORTL:40,DL:90,RKL:13.5,TL:4.5
542;Soijaöljy;Soybean oil;883.4;0.0;0.0;99.9;PORTS:10,PORTM:25,PORTL:40,DL:90,RKL:13.5,TL:4.5
543;Maissiöljy;Corn oil, maize oil;883.4;0.0;0.0;99.9;PORTS:10,PORTM:25,PORTL:40,DL:90,RKL:13.5,TL:4.5
550;Paistinrasva, laardi;Lard, frying fat;858.3;1.2;0.0;96.5;PORTS:3,PORTM:6,PORTL:10,DL:95,RKL:14
552;Kookosrasva 100 %;Coconut butter;883.4;0.0;0.0;99.9;PORTS:3,PORTM:6,PORTL:10,DL:95,RKL:14
553;Tali, raaka naudanrasva;Tallow, beef fat;880.4;1.2;0.0;99.0;PORTS:3,PORTM:6,PORTL:10,DL:85,RKL:12
562;Majoneesi, hampurilaiskastike, rasvaa 60 %;Mayonnaise, 60% fat;545.6;1.5;2.1;60.0;PORTS:10,PORTM:25,PORTL:40,DL:95,RKL:14,TL:4.5
563;Salaatinkastike, ranskalainen, sisältää sinappia;Salad dressing, french dressing with mustard;420.8;0.1;11.2;42.3;PORTS:10,PORTM:25,PORTL:40,DL:95,RKL:14,TL:4.5
565;Rasvaseos 40 %, kevyt levi, vähemmän suolaa, vl;Blended spread 40%, kevyt levi, low-sodium, low-lactose;390.3;7.0;2.0;40.0;PORTS:3,PORTM:6,PORTL:10,DL:95,RKL:14,TL:4.5
568;Margariini 60 %, rainbow/pirkka/eldorado/k-menu;Margarine 60%, rainbow/pirkka/eldorado/k-menu;534.3;0.9;0.7;60.0;PORTS:3,PORTM:6,PORTL:10,DL:95,RKL:14,TL:4.5
570;Rasvaseos 40 %, kevyt levi, vl;Blended spread 40%, kevyt levi, low-lactose;378.1;4.0;2.0;40.0;PORTS:3,PORTM:6,PORTL:10,DL:95,RKL:14,TL:4.5
572;(arc) margariini 40%, lätta;(arc)margarine 40%, lätta;376.9;0.4;3.0;40.0;PORTS:3,PORTM:6,PORTL:10,DL:95,RKL:14,TL:4.5
576;Voi, suolaton;Butter, unsalted;727.0;1.2;0.8;81.3;PORTS:3,PORTM:6,PORTL:10,DL:95,RKL:14,TL:4.5
578;Majoneesi, rasvaa 27-33 %;Mayonnaise, 27-33% fat;296.6;1.5;6.2;30.0;PORTS:10,PORTM:25,PORTL:40,DL:95,RKL:14,TL:4.5
579;Salaatinkastike, rasvaa <17 %, vähärasvainen;Salad dressing, <17% fat, low-fat;118.9;0.2;9.4;9.0;PORTS:10,PORTM:25,PORTL:40,DL:95,RKL:14,TL:4.5
585;Voi, voimakassuolainen;Butter, high-sodium;727.0;1.2;0.8;81.3;PORTS:3,PORTM:6,PORTL:10,DL:95,RKL:14,TL:4.5
586;(arc) rasvaseos 80 %, voimakassuolainen;(arc)blended spread 80%, high-sodium;714.7;1.2;0.6;80.0;PORTS:3,PORTM:6,PORTL:10,DL:95,RKL:14,TL:4.5
593;Leivontamargariini 80 %, pirkka/rainbow;Margarine for baking 80%, pirkka/rainbow;710.3;0.8;0.4;80.0;PORTS:3,PORTM:6,PORTL:10,DL:95,RKL:14,TL:4.5
597;Rasvaseoslevite 75 %, tuotekeskiarvo;Blended spread 75%, average of industrial products;668.2;0.4;0.8;75.0;PORTS:3,PORTM:6,PORTL:10,DL:95,RKL:14,TL:4.5
598;Voiöljy 100 %, maitorasvaa;Butter oil 100%, milkfat;886.8;0.6;0.0;100.0;PORTS:3,PORTM:6,PORTL:10,DL:90,RKL:13.5,TL:4.5
599;(arc) kasvirasvalevite 32%, benecol kevyt;(arc)vegetable fat spread 32%, benecol light;296.4;2.7;0.6;32.0;PORTS:3,PORTM:6,PORTL:10,DL:95,RKL:14,TL:4.5
600;Maito, tilamaito, raakamaito, rasvaa 4,4 %, ei lisätty d-vitamiinia;Milk, raw milk, 4.4 % fat, without added vitamin d;71.2;3.0;4.8;4.4;PORTS:150,PORTM:200,PORTL:400,DL:100,RKL:15,TL:5
602;Ternimaito;Beestings, colostrum;65.7;4.6;4.0;3.4;PORTS:150,PORTM:200,PORTL:400,DL:100,RKL:15,TL:5
604;Maito, kutunmaito, vuohenmaito;Milk, goat milk;65.7;3.2;4.5;3.9;PORTS:150,PORTM:200,PORTL:400,DL:100,RKL:15,TL:5
606;Maito, rasvaton, d-vitamiinia 1 ug;Milk, 0% fat, i ug added vitamin d;33.9;3.1;4.9;0.1;PORTS:150,PORTM:200,PORTL:400,DL:100,RKL:15,TL:5
611;Piimä, talouspiimä, rasvaa 0,8 %;Sour milk, 0.8% fat;38.5;3.4;3.6;0.8;PORTS:150,PORTM:200,PORTL:400,DL:100,RKL:15,TL:5
612;Piimä, rasvaton, d-vit 1 ug;Sour milk, 1 ug vitamin d;30.0;2.9;3.6;0.1;PORTS:150,PORTM:200,PORTL:400,DL:100,RKL:15,TL:5
613;Piimä, kirnupiimä;Sour milk, butter milk;34.3;3.2;4.2;0.2;PORTS:150,PORTM:200,PORTL:400,DL:100,RKL:15,TL:5
615;Kermaviili, rasvaa 10-12 %;Sour cream, 10-12% fat;132.3;2.6;3.2;12.0;PORTS:40,PORTM:100,PORTL:200,DL:100,RKL:15,TL:5
616;Piimä, asidofiluspiimä, rasvaa 2,5 %, d-vit 1 ug, probiootteja;Sour milk, acidophilus, 2.5% fat, 1 ug vitamin d, probiotics;51.2;2.8;3.5;2.5;PORTS:150,PORTM:200,PORTL:400,DL:100,RKL:15,TL:5
617;Viili, maustamaton, rasvaa 3,5 %;Curd milk, plain, 3.5% fat;62.6;3.0;3.5;3.5;PORTS:150,PORTM:200,PORTL:250,DL:100,RKL:15,TL:5
618;Viili, maustamaton, kevytviili, rasvaa 2,5 %;Curd milk, plain, 2.5% fat;48.7;2.9;3.6;2.5;PORTS:150,PORTM:200,PORTL:250,DL:100,RKL:15,TL:5
619;Jogurtti, maustamaton, rasvaa 2,5 %, vl;Yoghurt, plain, 2.5% fat, low-lactose;60.3;3.2;5.0;2.5;PORTS:150,PORTM:200,PORTL:250,DL:100,RKL:15,TL:5
620;Jogurtti, maustamaton, bulgarian, rasvaa 3,9%;Yoghurt, plain, bulgarian, 9% fat;64.5;3.0;3.4;3.9;PORTS:100,PORTM:150,PORTL:200,DL:100,RKL:15,TL:5
622;Rahka, maitorahka, maustamaton, rasvaa <0,5 %;Quark, <0.5% fat;59.3;9.8;3.0;0.4;PORTS:125,PORTM:200,PORTL:250,DL:100,RKL:15,TL:5
627;Maito, ykkösmaito, d-vitamiinia 1 ug;Milk, 1% fat, 1 ug added vitamin d;42.7;3.4;4.8;1.0;PORTS:150,PORTM:200,PORTL:400,DL:100,RKL:15,TL:5
628;Creme fraiche, ranskankerma, rasvaa 28 %;Creme fraiche, 28% fat;277.2;2.0;3.0;28.0;PORTS:100,PORTM:150,PORTL:200,DL:100,RKL:15,TL:5
629;Kerma, vispikerma, rasvaa 38 % ,vl, iskukuumennettu;Whipping cream, 38% fat, low-lactose, ultra-heat-treated;362.7;1.9;2.6;38.0;PORTS:25,PORTM:50,PORTL:100,DL:100,RKL:15,TL:5
630;Smetana, rasvaa n. 40 %;Sour cream, 40% fat;389.9;2.1;2.2;42.0;PORTS:100,PORTM:150,PORTL:200,DL:100,RKL:15,TL:5
631;Kerma, kuohukerma, rasvaa 38 %;Whipping cream, 38% fat;355.8;1.9;2.9;38.0;PORTS:170,PORTM:270,PORTL:450,DL:100,RKL:15,TL:5
632;Ruoanvalmistuskerma, rasvaa 19 %, kahvikerma;Cooking cream, 19% fat;205.4;2.4;4.0;19.0;PORTS:25,PORTM:50,PORTL:100,DL:100,RKL:15,TL:5
633;Kerma, kahvikerma, kevyt, rasvaa 10 %, vl;Cream, low-fat, 1o% fat, low-lactose;120.1;3.1;4.5;10.0;PORTS:25,PORTM:50,PORTL:100,DL:100,RKL:15,TL:5
635;Raejuusto, rasvaton, vl;Cottage cheese, fat-free, low-lactose;83.0;18.0;2.0;0.2;PORTS:7,PORTM:15,PORTL:25,DL:85,RKL:9.5,TL:4
636;Viili, kerrosviili, maustettu hillolla, ykkösviili, rasvaa 1 %, vl;Curd milk, flavoured with jam, 1% fat, low-lactose;65.3;2.5;11.4;0.8;PORTS:150,PORTM:200,PORTL:250,DL:100,RKL:15,TL:5
637;Jogurtti, maustamaton, rasvaton, vl, d-vit 0,5 ug;Yoghurt, plain, fat-free, low-lactose, 0.5 ug vitamin d;34.3;3.1;5.0;0.1;PORTS:150,PORTM:200,PORTL:250,DL:100,RKL:15,TL:5
639;Jogurtti, maustettu, rasvaton;Yoghurt, flavoured, fat-free;71.2;2.8;14.2;0.1;PORTS:150,PORTM:200,PORTL:250,DL:100,RKL:15,TL:5
640;Juusto, valkohomejuusto, rasvaa 26-30 %, camembert/brie;Cheese, white mould cheese, camembert/brie, 26-30% fat;330.4;20.8;0.0;27.2;PORTS:20,PORTM:40,PORTL:60,DL:90
641;Juusto, kermajuusto, rasvaa 30 %, turunmaa/oltermanni/korsholm/masurkka;Cheese, turunmaa/oltermanni, 30% fat;373.6;22.3;0.0;32.0;KPL_S:4,KPL_M:8,KPL_L:12,PORTS:4,PORTM:8,PORTL:15
642;Juusto, emmentaljuusto, rasvaa 27-30 %, punaleima;Cheese, emmental, 27-30% fat, red-label;378.6;27.9;0.0;30.0;KPL_S:4,KPL_M:8,KPL_L:12,PORTS:4,PORTM:8,PORTL:15
643;Juusto, kova pienikoloinen juusto, rasvaa 24-27 %, edam;Cheese, hard cheese, edam type, 24-27% fat;340.5;26.5;0.0;25.7;KPL_S:4,KPL_M:8,KPL_L:12,PORTS:4,PORTM:8,PORTL:15
644;Juusto, puolikova juusto, rasvaa 9-11 %, kevyt, edam/kadett;Cheese, semi-hard cheese, edam/kadett, 9-11% fat;214.4;31.0;0.0;10.0;KPL_S:4,KPL_M:8,KPL_L:12,PORTS:4,PORTM:8,PORTL:15
645;Juusto, kutunjuusto, vuohenjuusto, rasvaa 30 %, kova juusto;Cheese, hard cheese, goat cheese, 20-25% fat;351.7;12.0;3.6;32.6;PORTS:4,PORTM:8,PORTL:15
647;Sulatejuusto, rasvaa 20-24 %, keskirasvainen;Processed cheese, 20-24% fat;297.8;18.6;2.5;24.0;KPL_M:20,PORTS:7,PORTM:15,PORTL:25,DL:100,RKL:15
648;Sulatejuusto, rasvaa 27-35 %, runsasrasvainen;Processed cheese, 27-35% fat;331.0;12.0;2.0;31.0;KPL_M:20,PORTS:7,PORTM:15,PORTL:25,DL:100,RKL:15
649;Raejuusto, rasvaa 2-5 %;Cottage cheese, 2-5% fat;92.1;15.8;2.5;2.0;PORTS:7,PORTM:15,PORTL:25,DL:85,RKL:9.5,TL:4
650;Tuorejuusto, kotijuusto, rasvaa 9-14 %, maalaisjuusto;Cheese, home-made fresh cheese, 9-14% fat;198.5;20.2;4.3;11.0;PORTS:20,PORTM:40,PORTL:60
653;Juusto, sinihomejuusto, rasvaa 27-30 %, aura/danazole, keskiarvo;Cheese, blue cheese, aura/danazole, average, 27-30% fat;338.5;20.2;0.0;29.0;PORTS:20,PORTM:40,PORTL:60
654;Juusto, gouda, keskiarvo, rasvaa 28-30 %;Cheese, gouda, average, 28-30% fat;375.2;23.5;0.0;31.0;KPL_S:4,KPL_M:8,KPL_L:12,PORTS:4,PORTM:8,PORTL:15
655;Juusto, puolikova juusto, rasvaa 25-35 %, lappi/småland/billinge/rustholli;Cheese, semi-hard cheese, lappi/småland/billinge/rustholli, 25-35% fat;364.4;27.9;0.0;28.4;KPL_S:4,KPL_M:8,KPL_L:12,PORTS:4,PORTM:8,PORTL:15
657;Juusto, leipäjuusto, rasvaa 17-23 %;Cheese, finnish oven cheese, 17-23% fat;277.0;18.6;2.5;21.0;PORTS:20,PORTM:40,PORTL:80
658;Tuorejuusto, runsasrasvainen, mustapippurijuusto;Cream cheese, 36-44% fat, kasakka/musta-pekka;347.3;12.0;7.2;30.0;KPL_M:20,PORTS:7,PORTM:15,PORTL:25,DL:100,RKL:15
659;Sulatejuusto, rasvaa 9-12 %, vähärasvainen;Processed cheese, 9-12% fat, low-fat;178.9;17.0;3.1;11.0;KPL_M:20,PORTS:7,PORTM:15,PORTL:25,DL:100,RKL:15
661;Jäätelö, pehmytjäätelö, vohveli;Soft ice cream with wafer;149.9;4.1;14.1;8.5;PORTS:70,PORTM:135,PORTL:190
663;Jäätelö, kermajäätelö;Ice cream, cream based;183.7;3.9;17.3;11.0;PORTS:30,PORTM:65,PORTL:125,DL:50
664;Jäätelö, kermajäätelöpuikko, suklaakuorrute, keskiarvo;Ice cream bar, cream based, chocolate-coated;268.5;5.1;23.0;17.8;KPL_S:30,KPL_M:60,KPL_L:85,PORTS:30,PORTM:65,PORTL:125
665;Jäätelö, kermajäätelötuutti;Ice cream cornet, cream based;221.8;4.1;24.9;11.6;KPL_S:60,KPL_M:70,KPL_L:115,PORTS:30,PORTM:65,PORTL:125
666;Jäätelö, maitojäätelö;Ice cream, milk based;152.2;4.2;17.9;7.0;PORTS:30,PORTM:65,PORTL:125,DL:50
667;Jäätelö, sokeriton, keinotekoisesti makeutettu, rasvaa 6,5 %;Ice cream, artificially sweetened, 6.5% fat;157.3;6.9;17.4;6.6;PORTS:30,PORTM:65,PORTL:125,DL:50
668;Jäätelö, kermajäätelö, rasvaa yli 12 %, keskiarvo;Ice cream, cream based, >12% fat;209.3;3.9;16.7;14.2;PORTS:30,PORTM:65,PORTL:125,DL:50
669;(arc) jäätelö, rasvaton;(arc)ice cream, fat-free;128.6;5.6;24.0;0.5;PORTS:30,PORTM:65,PORTL:125,DL:50
672;Maitojauhe, rasvaton;Milk powder, fat-free milk;355.6;32.4;52.9;1.0;PORTS:5,PORTM:15,PORTL:30,DL:50,RKL:7
675;Maito, kevytmaito, vl, d-vitamiinia 1 ug;Milk, 1.5% fat, low-lactose, 1 ug added vitamin d;45.6;3.0;4.8;1.5;PORTS:150,PORTM:200,PORTL:400,DL:100,RKL:15,TL:5
680;Viili, maustamaton, rasvaa 1 %, ykkösviili;Curd milk, plain, 1% fat;36.5;3.1;3.6;1.0;PORTS:150,PORTM:200,PORTL:250,DL:100,RKL:15,TL:5
682;Tuorejuusto, rasvaa 30 %, maustettu, creme bonjour/cantadou;Cream cheese, 30% fat, flavoured, creme bonjour/cantadou;305.0;3.5;4.2;30.0;KPL_M:20,PORTS:7,PORTM:15,PORTL:25,DL:100,RKL:15
684;Maito, kevytmaito, d-vitamiinia 1 ug;Milk, 1.5% fat, 1 ug added vitamin d;45.6;3.0;4.8;1.5;PORTS:150,PORTM:200,PORTL:400,DL:100,RKL:15,TL:5
685;Jogurtti, maustettu, rasvaton, osittain keinotekoisesti makeutettu, ka.;Yoghurt, flavoured, fat-free, partially artifially sweetened;55.4;5.9;6.7;0.1;PORTS:150,PORTM:200,PORTL:250,DL:100,RKL:15,TL:5
686;Jogurtti, maustettu, rasvaa 7 %;Yoghurt, flavoured, 7% fat;121.1;2.8;14.3;7.0;PORTS:150,PORTM:200,PORTL:250,DL:100,RKL:15,TL:5
687;Jogurtti, ruoanvalmistusjogurtti, rasvaa 6-8 %, vl;Yoghurt, fat 6-8%, for food preparation;103.5;3.1;4.5;8.0;PORTS:100,PORTM:150,PORTL:200,DL:100,RKL:15,TL:5
689;Maito, täysmaito, d-vitamiinia 1 ug;Milk, 3.5% fat, 1 ug added vitamin d;63.3;3.0;4.8;3.5;PORTS:150,PORTM:200,PORTL:400,DL:100,RKL:15,TL:5
690;Juusto, salaattijuusto, rasvaa 18 %, lehmänmaito, suolaliemessä;Cheese, feta type salad cheese in brine, 18% fat;230.1;14.0;1.7;18.0;PORTS:20,PORTM:40,PORTL:60,DL:60
691;Juusto, emmentaljuusto, rasvaa 27-30 %, suurikoloinen, sinileima/gruyere;Cheese, emmental, 27-30% fat, blue-label;378.6;27.9;0.0;30.0;KPL_S:4,KPL_M:8,KPL_L:12,PORTS:4,PORTM:8,PORTL:15
698;Juusto, cheddar, rasvaa 34 %;Cheese, cheddar type, 34% fat;412.8;25.6;0.1;34.4;KPL_M:20,PORTS:4,PORTM:8,PORTL:15
699;Ruoanvalmistuskerma, kasvirasvakerma, rasvaa 15 %;Cooking cream, vegetable fat, 15% fat;151.5;2.1;2.5;15.0;PORTS:25,PORTM:50,PORTL:100,DL:100,RKL:15,TL:5
701;Sianruho, keskirasvainen;Pork, medium fat;266.9;17.2;0.0;22.3;PORTS:125,PORTM:150,PORTL:200
703;Siankyljys/selkä, paksu rasvakerros;Pork chop, thick layer of fat;252.7;18.0;0.0;20.3;KPL_S:100,KPL_M:120,KPL_L:150,PORTS:125,PORTM:150,PORTL:215
704;Siankinkku, silavoineen;Ham, fatty;216.2;18.8;0.0;15.8;PORTS:100,PORTM:125,PORTL:250
705;Sianlapa;Pork shoulder;215.3;18.8;0.0;15.7;KPL_M:800,PORTS:125,PORTM:150,PORTL:215
706;Siankylki;Pork ribs;333.2;14.8;0.0;30.9;PORTS:125,PORTM:150,PORTL:215
707;Pekoni, 32 % rasvaa;Bacon, 32% fat;344.2;14.2;0.0;32.4;KPL_M:20,PORTS:55,PORTM:100,PORTL:200
708;Sian selkäsilava;Fatback;785.7;2.5;0.0;87.7;PORTS:55,PORTM:100,PORTL:200
709;Sianpotka;Pork knuckle, ham hock;166.6;18.8;0.0;10.2;KPL_M:850,PORTS:125,PORTM:150,PORTL:200
711;Jauheliha, sika-nauta;Pork beef mince;265.7;17.6;0.0;22.0;PORTS:80,PORTM:140,PORTL:230
712;Jauheliha, naudan, vähärasvainen, rasvaa 7 %;Lean steak mince, 7% fat;138.1;18.8;0.0;7.0;PORTS:80,PORTM:140,PORTL:230
713;Sianliha, keskiarvo;Pork, average;195.2;18.9;0.0;13.4;PORTS:125,PORTM:150,PORTL:200
714;Naudanliha, rasvainen, keskiarvo;Beef, average;143.1;16.9;0.0;8.4;PORTS:125,PORTM:150,PORTL:215
716;Naudanruho, keskirasvainen, 13 % rasvaa;Beef, medium fat, 13% fat;189.4;19.7;0.0;12.4;PORTS:125,PORTM:150,PORTL:200
718;Naudanpaisti;Beef round;113.4;21.6;0.0;2.9;KPL_S:200,KPL_M:250,KPL_L:300,PORTS:125,PORTM:150,PORTL:190
719;Naudanlapa/etuselkä, naudan keittoliha;Beef chuck, beef shoulder;116.6;21.2;0.0;3.5;PORTS:125,PORTM:150,PORTL:215
720;Naudanpotka;Beef knuckle;142.5;21.4;0.0;6.3;PORTS:125,PORTM:150,PORTL:200
721;Naudanrinta;Beef brisket;153.4;19.9;0.0;8.2;PORTS:125,PORTM:150,PORTL:200
722;Naudanfilee, ulkofilee;Beef sirloin;128.6;22.9;0.0;4.0;KPL_S:1500,KPL_M:1750,KPL_L:2000,PORTS:150,PORTM:190,PORTL:250
723;Naudankylki;Beef flank;202.1;20.0;0.0;13.7;PORTS:150,PORTM:190,PORTL:250
726;Vasikanpaisti;Veal roast, raw;109.5;22.7;0.0;1.9;KPL_S:1000,KPL_M:1250,KPL_L:1500,PORTS:125,PORTM:150,PORTL:190
730;Lampaanliha, vähärasvainen;Lamb, low-fat;183.3;19.0;0.0;12.0;PORTS:125,PORTM:150,PORTL:200
731;Lampaanliha, rasvainen;Lamb;234.0;16.2;0.0;19.0;PORTS:125,PORTM:150,PORTL:200
732;Lampaanpaisti;Lamb roast;188.0;19.1;0.0;12.5;KPL_S:2000,KPL_M:2250,KPL_L:2500,PORTS:125,PORTM:150,PORTL:200
734;Poronliha;Reindeer;127.4;21.6;0.0;4.5;PORTS:125,PORTM:150,PORTL:200
735;Hirvenliha, hirvi;Elk;112.4;21.1;0.0;3.0;PORTS:125,PORTM:150,PORTL:200
736;Jänis;Hare;130.1;21.1;0.0;5.0;PORTS:125,PORTM:150,PORTL:190
737;Kani;Rabbit;162.8;21.1;0.0;8.7;PORTS:125,PORTM:150,PORTL:190
741;Lihasäilyke, naudanliha;Beef, canned;153.9;18.2;4.0;7.2;KPL_M:400,PORTS:80,PORTM:150,PORTL:200,DL:75
743;Lihasäilyke, sika-nauta;Pork and beef, canned;251.9;16.1;5.0;18.8;PORTS:80,PORTM:150,PORTL:200,DL:75
747;Lihahyytelö, teollinen, naudanlihasta;Beef jelly;94.5;12.4;0.0;5.0;PORTS:25,PORTM:80,PORTL:105
748;Sianpaisti, vähärasvainen;Pork roast, lean;120.6;20.8;0.0;4.1;PORTS:125,PORTM:150,PORTL:190
750;Kana;Chicken;188.4;20.2;0.0;12.0;KPL_M:1500,PORTS:150,PORTM:200,PORTL:250
751;Broileri, kokonainen, nahkoineen, raaka;Chicken with skin;165.9;17.5;0.0;10.7;KPL_S:800,KPL_M:1200,KPL_L:1500,PORTS:200,PORTM:250,PORTL:330
752;Kalkkuna nahkoineen;Turkey with skin;137.1;22.0;0.0;5.4;KPL_S:4000,KPL_M:6000,KPL_L:8000,PORTS:100,PORTM:200,PORTL:300
753;Metsälintu;Game bird;122.1;20.2;0.0;4.5;KPL_S:500,KPL_M:1000,KPL_L:2000,PORTS:100,PORTM:200,PORTL:300
754;Broilerisuikale;Chicken strips;122.6;21.2;0.0;4.1;PORTS:150,PORTM:200,PORTL:250,DL:100
775;Kokolihaleikkele, saunapalvikinkku, rasvaa 6 %;Ham, smoked, 6% fat;119.8;16.4;0.0;6.0;PORTS:4,PORTM:12,PORTL:20
776;Kokolihaleikkele, naudanlihaleikkele, rasvaa 2,8 %;Beef, cured, 2.8% fat;105.5;19.9;0.0;2.8;KPL_S:8,KPL_M:12,KPL_L:25,PORTS:4,PORTM:12,PORTL:20
779;Kokolihaleikkele, keittokinkku, rasvaa 3 %;Ham, cooked ham, 3% fat;100.5;17.6;0.6;3.0;KPL_S:9,KPL_M:15,KPL_L:20,PORTS:4,PORTM:12,PORTL:20
786;Maksa, naudan;Liver, beef;136.6;20.3;5.0;3.8;PORTS:100,PORTM:150,PORTL:200
787;Maksa, sian;Liver, pork;134.2;22.5;2.5;3.7;PORTS:100,PORTM:150,PORTL:200
788;Maksa, broilerin;Liver, chicken;115.1;18.9;0.7;4.0;KPL_S:25,KPL_M:30,PORTS:100,PORTM:150,PORTL:200
789;Maksa, poron;Liver, reindeer;118.6;22.0;0.0;3.3;PORTS:100,PORTM:150,PORTL:200
790;Maksa, keskiarvo;Liver, average;131.9;19.6;4.0;4.1;PORTS:100,PORTM:150,PORTL:200
791;Munuainen;Kidney;95.5;15.6;0.0;3.6;KPL_S:300,KPL_M:400,KPL_L:500,PORTS:125,PORTM:150,PORTL:190
792;Sydän, naudan;Heart, beef;98.9;16.5;0.0;3.6;PORTS:100,PORTM:120,PORTL:150
793;Kieli, naudan;Tongue, beef;200.5;16.7;0.0;15.0;PORTS:140,PORTM:215,PORTL:285
794;Veri;Blood;52.1;11.8;0.1;0.4;PORTS:100,PORTM:150,PORTL:200,DL:100,RKL:15,TL:5
797;Kokolihaleikkele, poroleikkele, kylmäsavustettu;Reindeer, cold smoked;127.4;21.6;0.0;4.5;PORTS:4,PORTM:12,PORTL:20
799;Kokolihaleikkele, kinkkuleikkele, vähärasvainen, rasvaa 3 %;Ham, cooked ham, low-fat, 3% fat;99.8;17.6;0.2;3.1;KPL_S:8,KPL_M:12,KPL_L:15,PORTS:4,PORTM:12,PORTL:20
800;Silakka, tuore, itämeri;Baltic herring;120.4;16.3;0.0;6.1;KPL_S:13,KPL_M:20,KPL_L:40,PORTS:100,PORTM:160,PORTL:215
801;Silakka, suolattu, itämeri;Baltic herring, salted;118.3;16.0;0.0;6.0;KPL_S:20,KPL_M:35,KPL_L:50,PORTS:15,PORTM:30,PORTL:50
802;Silakka, savustettu, itämeri;Baltic herring, smoked;142.9;18.8;0.0;7.5;KPL_M:70,KPL_L:100,PORTS:75,PORTM:100,PORTL:150
803;Silli, tynnyriin suolattu;Herring, salted;160.3;13.2;0.0;12.1;KPL_S:100,KPL_M:200,KPL_L:300,PORTS:15,PORTM:30,PORTL:50
804;Turska;Cod;76.8;17.2;0.0;0.8;KPL_S:1000,KPL_M:2500,KPL_L:4000,PORTS:100,PORTM:160,PORTL:215
805;Kuha;Zander, pike-perch;79.6;18.7;0.0;0.4;KPL_S:650,KPL_M:1300,KPL_L:1900,PORTS:100,PORTM:160,PORTL:215
806;Puna-ahven, savustettu;Redfish, smoked;117.1;16.8;0.0;5.5;PORTS:75,PORTM:100,PORTL:150
807;Sinipallas, savustettu;Halibut, smoked;203.9;18.2;0.0;14.7;PORTS:75,PORTM:100,PORTL:150
809;Muikku, järvi;Vendace, lake;110.6;18.7;0.0;3.9;KPL_S:15,KPL_M:25,KPL_L:30,PORTS:100,PORTM:160,PORTL:215
810;Muikku, järvi, suolattu;Vendace, salted lake fish;120.7;21.0;0.0;4.0;KPL_S:12,KPL_M:25,KPL_L:40,PORTS:40,PORTM:100,PORTL:180
811;Muikku, järvi, savustettu;Vendace, smoked lake fish;137.7;23.5;0.0;4.8;PORTS:75,PORTM:100,PORTL:150
812;Ahven;Perch;82.5;18.8;0.0;0.7;KPL_S:100,KPL_M:200,KPL_L:300,PORTS:100,PORTM:160,PORTL:215
813;Hauki;Pike;80.9;19.0;0.0;0.4;KPL_S:1000,KPL_M:1500,KPL_L:2000,PORTS:100,PORTM:160,PORTL:215
814;Lahna;Bream;98.5;17.3;0.0;3.2;PORTS:100,PORTM:160,PORTL:215
815;Siika;Powan, whitefish, pollan, lavaret;102.4;20.2;0.0;2.3;KPL_S:500,KPL_M:1000,KPL_L:1500,PORTS:100,PORTM:160,PORTL:215
816;Siika, savustettu;Powan, smoked;109.9;20.9;0.0;2.8;KPL_M:500,PORTS:75,PORTM:100,PORTL:150
817;Lohi, kokonainen;Salmon, whole;127.0;12.2;0.0;8.8;KPL_S:2000,KPL_M:3000,KPL_L:4000,PORTS:100,PORTM:160,PORTL:215
818;Lohi, tuoresuolattu;Salmon, salt-cured;217.7;24.2;0.0;13.5;KPL_M:15,PORTS:30,PORTM:60,PORTL:90
819;Made;Burbot;71.0;15.7;0.0;0.8;KPL_S:500,KPL_M:1800,KPL_L:3000,PORTS:100,PORTM:160,PORTL:215
820;Kampela;Flounder;76.9;15.0;0.0;1.8;KPL_S:300,KPL_M:650,KPL_L:1000,PORTS:100,PORTM:160,PORTL:215
821;Ankerias;Eel;349.7;17.5;0.0;31.5;KPL_M:1000,PORTS:100,PORTM:160,PORTL:215
822;Kirjolohi, kokonainen, keskiarvo;Rainbow trout, whole, average;99.2;10.9;0.0;6.2;KPL_S:1000,KPL_M:1100,KPL_L:1200,PORTS:100,PORTM:160,PORTL:215
823;Taimen;Trout;107.8;20.0;0.0;3.0;KPL_S:2000,KPL_M:2500,KPL_L:3000,PORTS:100,PORTM:160,PORTL:215
824;Kala, keskiarvo, silakka/muikku/ahven/hauki;Fish, average, baltic herring/vendace/perch/pike;98.6;18.2;0.0;2.8;PORTS:100,PORTM:160,PORTL:215
825;Nahkiainen, savustettu;Lamprey, smoked;350.0;17.5;0.0;31.5;KPL_M:40,PORTS:75,PORTM:100,PORTL:150
826;Seiti, pakaste;Saithe, frozen;80.2;17.6;0.0;1.0;PORTS:100,PORTM:160,PORTL:215
828;Tonnikala, öljyssä, säilyke;Tuna, in oil, canned;189.8;27.1;0.0;9.0;PORTS:80,PORTM:115,PORTL:150,DL:55,RKL:10
829;Anjovis;Anchovy;257.2;28.9;9.6;11.4;KPL_M:5.5,PORTS:10,PORTM:20,PORTL:25
830;Lohi, öljyssä;Salmon in oil, canned;248.8;19.8;0.0;19.1;PORTS:40,PORTM:100,PORTL:180,DL:55,RKL:10
831;Sardiini, keskiarvo, öljyssä ja tomaattikastikkeessa;Sardine, average, in oil and tomato sauce;207.7;20.0;0.0;14.3;KPL_S:18,KPL_M:25,KPL_L:35,PORTS:40,PORTM:85,PORTL:170
832;Kaviaari, sammen mäti;Caviar, dark roe of sturgeon;144.7;20.8;0.0;6.8;PORTS:15,PORTM:30,PORTL:50,DL:100,RKL:15,TL:5
833;Mätitahna;Roe paste;409.0;10.2;12.5;35.8;PORTS:5,PORTM:15,PORTL:30,DL:100,RKL:15
834;Sinisimpukka, vedessä, säilyke;Mussel in water, canned;81.2;15.6;0.0;2.0;KPL_S:4,KPL_M:5.5,KPL_L:7,PORTS:30,PORTM:45,PORTL:100
835;Katkarapu;Shrimp;65.7;14.4;0.0;0.8;KPL_M:2,PORTS:50,PORTM:75,PORTL:100,DL:50
836;Rapu;Crayfish;65.6;14.6;0.0;0.7;KPL_S:70,KPL_M:115,KPL_L:160,PORTS:100,PORTM:160,PORTL:215
837;Silli, mauste/suolasilli, keskiarvo;Herring, pickled/salted, average;218.9;11.9;18.0;11.0;PORTS:15,PORTM:30,PORTL:50
838;Silakka, mauste/suolasilakka, keskiarvo;Baltic herring, pickled/salted, average;113.3;14.8;0.0;6.0;PORTS:15,PORTM:30,PORTL:50
844;Lahna, savustettu;Bream, smoked;124.0;21.3;0.0;4.2;PORTS:75,PORTM:100,PORTL:150
845;Särki;Roach;94.9;18.2;0.0;2.4;PORTS:100,PORTM:160,PORTL:215
846;Puna-ahven, punasimppu, pakaste;Redfish, rosefish, frozen;117.1;16.8;0.0;5.5;PORTS:100,PORTM:160,PORTL:215
848;Kirjolohifilee, meri;Rainbow trout sea, fillet;152.6;16.8;0.0;9.6;KPL_S:400,KPL_M:500,KPL_L:600,PORTS:100,PORTM:160,PORTL:215
851;Kananmunan keltuainen, 34 % kananmunan massasta;Egg yolk, 34% of egg mass;323.5;15.9;0.2;29.2;KPL_S:15,KPL_M:20,KPL_L:25,PORTS:20,PORTM:40,PORTL:60
852;Kananmunan valkuainen, 66 % kananmunan massasta;Egg white, 66% of egg mass;45.7;10.8;0.4;0.0;KPL_S:30,KPL_M:35,KPL_L:40,PORTS:35,PORTM:70,PORTL:105
855;Viiriäisen muna;Egg, quail, raw;135.7;12.9;0.4;9.2;KPL_M:10,PORTS:10,PORTM:30,PORTL:50
856;Kala, savustettu, keskiarvo, vähärasvainen;Fish, low-fat, average, smoked;121.7;20.5;0.0;4.3;PORTS:75,PORTM:100,PORTL:150
857;Kala, savustettu, keskiarvo, rasvainen;Fish, fatty, smoked;240.2;17.3;0.0;19.7;PORTS:75,PORTM:100,PORTL:150
858;Kananmuna, kuoreton;Egg without shell;134.2;12.6;0.3;9.2;KPL_M:55,PORTS:30,PORTM:55,PORTL:165
859;Silli, valkosipuli-/sinappikastikkeessa;Herring in garlic or mustard sauce;277.7;13.5;16.0;17.8;KPL_S:4,KPL_M:5,KPL_L:6,PORTS:15,PORTM:30,PORTL:50
860;Silakka, tilli-/sinappikastikkeessa;Baltic herring in dill or mustard sauce;178.8;11.1;0.0;15.1;PORTS:15,PORTM:30,PORTL:50
862;Tonnikala;Tuna;139.6;23.7;0.0;4.9;PORTS:100,PORTM:160,PORTL:215
863;Osteri;Oyster, european;7.9;1.5;0.0;0.2;KPL_M:90,PORTS:40,PORTM:100,PORTL:180
864;Etana;Snail;85.9;16.1;2.0;1.4;KPL_M:10,KPL_L:15,PORTS:60,PORTM:100,PORTL:165
865;Mustekala;Squid;84.2;17.9;0.0;1.3;KPL_M:18,PORTS:40,PORTM:100,PORTL:180
866;Hummeri;Lobster;83.4;18.8;0.0;0.8;KPL_S:100,KPL_M:150,KPL_L:200,PORTS:100,PORTM:150,PORTL:200
870;Kirjolohifilee, tuoresuolattu;Rainbow trout fillet, salt-cured;163.6;15.8;2.0;9.0;KPL_M:15,PORTS:30,PORTM:60,PORTL:90
871;Lohifilee;Salmon fillet;195.3;18.7;0.0;13.5;PORTS:100,PORTM:160,PORTL:215
900;Kahvi, kahvijuoma, keskiarvo;Coffee, average;3.2;0.3;0.3;0.1;KPL_S:70,KPL_M:170,KPL_L:270,PORTS:110,PORTM:170,PORTL:220,DL:100,RKL:15,TL:5
901;Tee;Tea;0.2;0.1;0.0;0.0;PORTS:170,PORTM:250,PORTL:400,DL:100,RKL:15,TL:5
902;Olut, keskiolut, 4,5 til% alkoholia;Beer, lager, medium strength, 4.5% volume;42.6;0.4;4.1;0.0;KPL_S:330,KPL_M:400,KPL_L:500,PORTS:330,PORTM:400,PORTL:500,DL:100,RKL:15
903;Olut, a-olut, 5-5,5 til% alkoholia;Beer, lager, strong, 5-5.5% volume;40.3;0.5;2.4;0.0;KPL_S:330,KPL_M:400,KPL_L:500,PORTS:330,PORTM:400,PORTL:500,DL:100,RKL:15
904;Viini, keskiarvo, 8-15 til% alkoholia;Wine, average, 8-15% volume;67.8;0.3;0.5;0.0;PORTS:80,PORTM:120,PORTL:160,DL:100,RKL:15,TL:5
905;Väkevä viini, makea, katkero, sherry, vermutti, madeira, hedelmäviini;Wine, fortified, sweet, bitters, sherry, vermouth, madeira, fruit wine;157.0;0.2;11.5;0.0;PORTS:80,PORTM:120,PORTL:160,DL:100,RKL:15,TL:5
906;Viina, kirkas, vodka, gini;Spirit, vodka, gin;228.7;0.0;0.0;0.0;PORTS:20,PORTM:40,PORTL:80,DL:80,RKL:12,TL:4
907;Konjakki/rommi/viski, 40 til% alkoholia;Spirit, brandy/rum/whisky 40% volume;228.7;0.0;0.0;0.0;PORTS:20,PORTM:40,PORTL:80,DL:80,RKL:12,TL:4
908;Likööri, 20-30 til% alkoholia;Liqueur, 20-30% volume;258.0;0.0;32.8;0.0;PORTS:20,PORTM:40,PORTL:80,DL:100,RKL:15,TL:5
909;Gin long drink, 5,5 til%;Gin and grapefruit drink, 5.5% volume;50.1;0.0;5.0;0.0;PORTS:170,PORTM:330,PORTL:500,DL:100,RKL:15,TL:5
910;Virvoitusjuoma;Soft drink, lemonade;37.2;0.1;9.1;0.0;PORTS:300,PORTM:400,PORTL:500,DL:100,RKL:15,TL:5
911;Siideri, makea, <3 til% alkoholia;Cider, sweet, <3% volume;34.9;0.3;3.6;0.0;PORTS:170,PORTM:330,PORTL:500,DL:100,RKL:15,TL:5
912;Sima;Mead, finnish sima;50.8;0.0;12.5;0.0;PORTS:170,PORTM:300,PORTL:500,DL:100,RKL:15,TL:5
913;Olut, i-olut, <2,8 til% alkoholia;Beer, lager, very mild <2.8% volume;19.3;0.3;1.0;0.0;PORTS:170,PORTM:330,PORTL:500,DL:100,RKL:15,TL:5
914;Kalja, kotiolut;Beer home-made, alcohol-free;8.6;0.3;1.8;0.0;PORTS:170,PORTM:330,PORTL:500,DL:100,RKL:15,TL:5
915;Kivennäisvesi, mineraalivesi;Mineral water;0.0;0.0;0.0;0.0;PORTS:170,PORTM:300,PORTL:500,DL:100,RKL:15,TL:5
917;Tee, sitruunateejuomajauhe, valmistamaton, sokerilla makeutettu pikatee;Lemon tea drink powder, sweetened instant tea;388.0;0.5;95.0;0.0;PORTS:5,PORTM:10,PORTL:20
920;Virvoitusjuoma, sokeriton, light;Soft drink, light, sugar-free;0.0;0.0;0.0;0.0;PORTS:300,PORTM:400,PORTL:500,DL:100,RKL:15,TL:5
921;Kivennäisvesi, vähänatriuminen;Mineral water, low sodium;0.0;0.0;0.0;0.0;PORTS:170,PORTM:300,PORTL:500,DL:100,RKL:15,TL:5
922;Vesi, vesijohtovesi;Water, tap water;0.0;0.0;0.0;0.0;PORTS:170,PORTM:300,PORTL:500,DL:100,RKL:15,TL:5
923;Tee, yrttitee;Tea, herbal tea;0.0;0.0;0.0;0.0;PORTS:170,PORTM:250,PORTL:400,DL:100,RKL:15,TL:5
924;Punaviini;Red wine;70.5;0.3;0.2;0.0;PORTS:80,PORTM:120,PORTL:160,DL:100,RKL:15,TL:5
925;Valkoviini, kuiva;White wine, dry;68.6;0.3;0.6;0.0;PORTS:80,PORTM:120,PORTL:160,DL:100,RKL:15,TL:5
926;Valkoviini, makea;White wine, sweet;96.7;0.3;6.0;0.0;PORTS:80,PORTM:120,PORTL:160,DL:100,RKL:15,TL:5
928;Virvoitusjuoma, kolajuoma, keskiarvo;Soft drink, cola, average;44.5;0.1;10.9;0.0;PORTS:300,PORTM:400,PORTL:500,DL:100,RKL:15,TL:5
929;Viinietikka;Vinegar, wine vinegar;20.7;0.0;0.5;0.0;PORTS:5,PORTM:15,PORTL:30,DL:100,RKL:15,TL:5
930;Kahvi, suodatinkahvijuoma;Filtered coffee drink;2.6;0.3;0.3;0.0;KPL_S:70,KPL_M:170,KPL_L:270,PORTS:110,PORTM:170,PORTL:220,DL:100,RKL:15,TL:5
931;Kahvi, pannukahvijuoma;Boiled coffee drink;3.8;0.3;0.3;0.1;KPL_S:70,KPL_M:170,KPL_L:270,PORTS:110,PORTM:170,PORTL:220,DL:100,RKL:15,TL:5
932;Kahvi, cappuccino, makeuttamaton, täysmaito;Cappuccino, unsweetened, whole milk;45.0;2.2;3.4;2.4;PORTS:150,PORTM:180,PORTL:220,DL:100,RKL:15,TL:5
933;Väkiviinaetikka;Vinegar;33.1;0.0;0.5;0.0;PORTS:5,PORTM:15,PORTL:30,DL:100,RKL:15,TL:5
934;Hunaja-omena-viinietikka;Vinegar with honey and apple;56.3;0.1;8.4;0.0;PORTS:5,PORTM:15,PORTL:30,DL:100,RKL:15,TL:5
936;Mieto viini, 4-5 til% alkoholia;Wine, light, 4-5% volume;61.2;0.2;8.3;0.0;PORTS:80,PORTM:120,PORTL:160,DL:100,RKL:15,TL:5
937;Tee, vihreä tee;Tea, green tea;0.3;0.1;0.0;0.0;PORTS:170,PORTM:250,PORTL:400,DL:100,RKL:15,TL:5
938;Virvoitusjuoma, osittain keinotekoisesti makeutettu;Soft drink, partially artificially sweetened;8.4;0.1;2.0;0.0;PORTS:300,PORTM:400,PORTL:500,DL:100,RKL:15,TL:5
939;Siideri, makea, 4,7 til% alkoholia;Cider, sweet, 4.7% volume;50.9;0.3;5.5;0.0;KPL_S:330,KPL_M:400,KPL_L:500,PORTS:170,PORTM:330,PORTL:500,DL:100,RKL:15,TL:5
940;Olut, vahva, 7,5-8 til% alkoholia;Beer, strong ale, 7.5-8% volume;68.8;0.4;6.1;0.0;PORTS:330,PORTM:400,PORTL:500,DL:100,RKL:15
941;Virvoitusjuoma, kolajuoma light, osittain keinotekoisesti makeutettu;Soft drink, cola, light, partially artificially sweetened;0.7;0.1;0.0;0.0;PORTS:300,PORTM:400,PORTL:500,DL:100,RKL:15,TL:5
942;Kermalikööri, 15-17 til% alkoholia;Cream liqueur, 15-17% volume;298.7;0.0;20.9;14.8;PORTS:40,PORTM:80,PORTL:110,DL:100,RKL:15,TL:5
943;Tuoremehucampari, katkerodrinkki;Orange campari, cocktail;86.1;0.4;10.5;0.1;PORTS:80,PORTM:160,PORTL:240,DL:100,RKL:15,TL:5
944;Irish coffee kahvijuoma, 8 til%;Irish coffee, 8% volume;109.1;0.4;5.4;3.2;PORTS:110,PORTM:160,PORTL:200,DL:100,RKL:15,TL:5
945;Viiniglögi;Wine, mulled;84.9;0.2;8.5;0.0;PORTS:130,PORTM:170,PORTL:250,DL:100,RKL:15,TL:5
946;Tärkkelyssiirappi, glukoosisiirappi;Glucose syrup, partly refined, starchy;316.9;0.0;78.0;0.0;PORTS:5,PORTM:15,PORTL:30,DL:140,RKL:20,TL:6.5
947;Bloody mary tomaattimehuvodka;Bloody mary;87.5;0.4;2.2;0.2;PORTS:110,PORTM:170,PORTL:270,DL:100,RKL:15,TL:5
948;Rommikola;Rum cola;66.6;0.1;9.6;0.0;PORTS:110,PORTM:170,PORTL:240,DL:100,RKL:15,TL:5
949;Screwdriver, tuoremehuvodka;Screwdriver;68.1;0.5;8.8;0.1;PORTS:110,PORTM:170,PORTL:240,DL:100,RKL:15,TL:5
950;Gin tonic, 4 til%;Gin tonic;59.2;0.0;7.8;0.0;PORTS:110,PORTM:160,PORTL:240,DL:100,RKL:15,TL:5
951;Tom collins ginidrinkki;Tom collins, gin cocktail;48.0;0.0;3.1;0.0;PORTS:110,PORTM:170,PORTL:240,DL:100,RKL:15,TL:5
952;Dry martini ginidrinkki;Dry martini;210.8;0.1;2.9;0.0;PORTS:40,PORTM:80,PORTL:110,DL:100,RKL:15,TL:5
953;Munatoti;Eggnog;83.9;4.2;4.5;2.6;PORTS:110,PORTM:170,PORTL:240,DL:100,RKL:15,TL:5
1000;Ruisvelli, vesi, ruisjauho, suolaa;Rye gruel, rye flour, water, salt;18.6;0.6;3.4;0.1;PORTS:150,PORTM:250,PORTL:350,DL:100,RKL:15,TL:5
1001;Ruisvelli, mehu, ruisjauho, suolaa;Rye gruel, rye flour, juice, salt;91.2;0.8;20.4;0.3;PORTS:150,PORTM:250,PORTL:350,DL:100,RKL:15,TL:5
1002;Ruispuuro, vesi, ruisjauho, suolaa;Rye porridge, rye flour, water, salt;39.3;1.2;7.2;0.2;PORTS:150,PORTM:230,PORTL:320,DL:100,RKL:15,TL:5
1003;Ruispuuro, maito, ruisjauho, suolaa;Rye porridge, rye flour, milk, salt;92.5;4.3;13.6;1.7;PORTS:150,PORTM:230,PORTL:320,DL:100,RKL:15,TL:5
1005;Ruis-perunapuuro, vesi, suolaa;Rye potato porridge, water, salt;50.9;1.4;9.9;0.2;PORTS:150,PORTM:230,PORTL:320,DL:100,RKL:15,TL:5
1006;Ruis-marjapuuro, vesi, puolukka, sokeri, suolaa;Rye berry porridge, water, lingonberry, sugar, salt;67.2;1.4;13.0;0.4;PORTS:150,PORTM:230,PORTL:320,DL:100,RKL:15,TL:5
1007;Ruispuuro, ruisjauho, puolukka, sokeriton, suolaa;Rye lingonberry porridge, salt, without sugar;51.5;1.4;9.2;0.4;PORTS:150,PORTM:230,PORTL:320,DL:100,RKL:15,TL:5
1009;Ruisleipä, perinteinen, vesi, täysjyväruisjauho;Ryebread, water, wholegrain rye flour;239.5;7.3;43.7;1.4;KPL_S:20,KPL_M:35,KPL_L:50,PORTS:20,PORTM:35,PORTL:50
1011;Sekaleipä, hapanimeläleipä, piimä, vehnä-, ruisjauho;Multigrain bread, sweet-and-sour bread, sour milk, wheat and rye flour;267.9;8.2;52.9;1.3;KPL_M:20,PORTS:20,PORTM:30,PORTL:40
1013;Karjalanpiirakka, perinteinen, voideltu, riisi, ruisvehnäkuori;Karelian pasty, rice filling;148.4;4.2;24.3;3.2;KPL_S:35,KPL_M:60,KPL_L:90,PORTS:40,PORTM:80,PORTL:130
1014;Perunapiirakka, ruiskuori;Karelian pasty, potato filling, rye crust;145.4;4.0;21.9;3.8;KPL_S:35,KPL_M:60,KPL_L:90,PORTS:40,PORTM:80,PORTL:130
1015;Marjapiirakka, rukiinen, marjasurvos, ruiskuori;Berry pie, crushed berries, rye crust;175.3;2.0;35.0;1.6;KPL_S:50,KPL_M:90,KPL_L:130,PORTS:80,PORTM:120,PORTL:160
1017;Keitinpiirakka, riisi, muna, ruiskuori, sulhaspiirakka;Boiled karelian pasty, rice filling in rye crust;251.8;3.8;19.9;16.9;PORTS:40,PORTM:80,PORTL:130
1022;Leipäpuuro, vesi, puolukka, mannasuurimo, ruisleipä, sokeria, suolaa;Bread porridge, lingonberries, rye bread, semolina;67.7;1.0;14.5;0.2;PORTS:150,PORTM:230,PORTL:320,DL:100,RKL:15,TL:5
1023;Mämmi;Mämmi, sweetened malt porridge, finnish easter pudding;120.3;3.0;23.5;0.5;PORTS:100,PORTM:150,PORTL:200,DL:120,RKL:25
1025;Ruisvelli, maito, ruishiutale, suolaa;Rye gruel, rye flakes, milk, salt;65.5;3.7;8.2;1.7;PORTS:150,PORTM:250,PORTL:350,DL:100,RKL:15,TL:5
1026;Ruispuuro, vesi, ruishiutale, suolaa;Rye porridge, rye flakes, water, salt;34.5;1.1;6.1;0.2;PORTS:150,PORTM:230,PORTL:320,DL:100,RKL:15,TL:5
1027;Ruispuuro, maito, ruishiutale, suolaa;Rye porridge, rye flakes, milk, salt;72.4;3.9;9.5;1.7;PORTS:150,PORTM:230,PORTL:320,DL:100,RKL:15,TL:5
1028;Neljänviljanvelli, maito, suolaa;Mixed flake gruel, milk, salt;73.5;4.0;9.6;1.8;PORTS:150,PORTM:250,PORTL:350,DL:100,RKL:15,TL:5
1030;Neljänviljanpuuro, maito, suolaa;Mixed flake porridge, milk, salt;80.9;4.1;11.1;1.8;PORTS:150,PORTM:230,PORTL:320,DL:100,RKL:15,TL:5
1031;Vehnätortilla, burrito, wrap, kasvistäyte;Wheat tortilla, burrito, wrap, vegetable filling;141.0;5.9;16.4;5.0;KPL_M:150,PORTS:100,PORTM:170,PORTL:300
1032;Kruskapuuro, rouhepuuro, rusina, vesi, suolaa;Kruska porridge, crushed grains and raisins, water, salt;77.6;1.6;14.8;0.5;PORTS:150,PORTM:230,PORTL:320,DL:100,RKL:15,TL:5
1033;Vehnätortilla, burrito, wrap, jauhelihatäyte;Wheat tortilla, burrito, wrap, pork beef mince filling;191.3;7.5;19.6;8.7;KPL_M:150,PORTS:100,PORTM:170,PORTL:300
1035;Vehnätortilla, burrito, wrap, broileritäyte;Wheat tortilla, burrito, wrap, chicken filling;175.3;10.5;17.1;6.8;KPL_M:150,PORTS:100,PORTM:170,PORTL:300
1036;Ruisleipä, ruista 51%;Rye bread, 51% rye;250.1;7.9;47.0;1.3;KPL_S:20,KPL_M:30,KPL_L:40,PORTS:20,PORTM:35,PORTL:50
1056;Vaalea leipä, pitaleipä;White bread, pita bread;230.8;7.5;46.1;1.0;KPL_S:40,KPL_M:55,KPL_L:70,PORTS:40,PORTM:80,PORTL:130
1100;Vehnävelli, maito, vehnäjauho, sokeria, suolaa;Wheat gruel, milk, wheat flour, sugar, salt;85.8;3.9;10.1;3.1;PORTS:150,PORTM:250,PORTL:350,DL:100,RKL:15,TL:5
1101;Munavelli, maito, sokeria, suolaa;Egg gruel with milk;71.8;4.4;7.9;2.4;PORTS:150,PORTM:250,PORTL:350,DL:100,RKL:15,TL:5
1104;Vehnäpuuro, kevytmaito, vehnäjauho, sokeri, suolaa;Wheat porridge, low-fat milk, wheat flour, sugar, salt;115.3;4.4;14.4;4.3;PORTS:150,PORTM:230,PORTL:320,DL:100,RKL:15,TL:5
1107;Vaalea leipä, ranskanleipä, kevytmaito, vehnäjauho;White bread, french bread, low-fat milk, wheat flour;273.4;9.3;53.3;1.6;KPL_S:15,KPL_M:25,KPL_L:35,PORTS:20,PORTM:30,PORTL:40
1108;Vaalea leipä, vehnäsämpylä, kevytmaito;White bread, wheat roll, low-fat milk;310.7;8.7;52.0;6.7;KPL_S:30,KPL_M:50,KPL_L:70,PORTS:20,PORTM:30,PORTL:40
1111;Sekaleipä, rieska, kevytmaito, vehnä-, ruisjauho;Multigrain bread, flatbread, low-fat milk, wheat and rye flour;329.2;9.3;55.2;6.4;KPL_S:35,KPL_M:50,KPL_L:125,PORTS:30,PORTM:50,PORTL:70
1132;Viineri, kevytmaito, runsasrasvainen, rasvaa 20 %;Danish pastry, low-fat milk, 20% fat;363.0;7.2;37.7;20.0;KPL_S:40,KPL_M:80,KPL_L:105,PORTS:35,PORTM:55,PORTL:105
1139;Munkki, kevytmaito, kotitekoinen;Doughnut, low-fat milk, home-made;313.0;7.4;47.3;9.9;KPL_S:80,KPL_M:90,KPL_L:125,PORTS:35,PORTM:80,PORTL:105
1150;Sokeririnkeli, kevytmaito;Bagel, sweet, low-fat milk;360.6;7.9;48.8;14.3;KPL_S:20,KPL_M:40,KPL_L:50,PORTS:35,PORTM:55,PORTL:105
1160;Torttupohja, sokeriton;Dough, unsweetened;507.5;7.7;33.2;38.3;PORTS:75,PORTM:150,PORTL:300
1161;Marjapiirakka, pullapohja, kevytmaito;Berry pie, basic sweet dough, low-fat milk;225.0;5.5;39.1;4.0;KPL_S:50,KPL_M:90,KPL_L:130,PORTS:80,PORTM:120,PORTL:160
1162;Marjapiirakka, pullapohja, rasvaton maito;Berry pie, basic sweet dough, fat-free milk;223.6;5.5;39.1;3.9;KPL_S:50,KPL_M:90,KPL_L:130,PORTS:80,PORTM:120,PORTL:160
1163;Marjapiirakka, pullapohja, täysmaito;Berry pie, basic sweet dough, whole milk;227.0;5.5;39.1;4.3;KPL_S:50,KPL_M:90,KPL_L:130,PORTS:80,PORTM:120,PORTL:160
1164;Hillopiirakka, pullapohja, kevytmaito;Jam pie, basic sweet dough, low-fat milk;304.2;7.9;53.1;5.8;KPL_S:50,KPL_M:90,KPL_L:130,PORTS:80,PORTM:120,PORTL:160
1165;Hillopiirakka, pullapohja, rasvaton maito;Jam pie, basic sweet dough, fat-free milk;298.6;7.8;52.5;5.5;KPL_S:50,KPL_M:90,KPL_L:130,PORTS:80,PORTM:120,PORTL:160
1170;Omenapiirakka, pullapohja, kevytmaito;Apple pie, basic sweet dough, low-fat milk;242.0;6.0;42.8;4.4;KPL_S:50,KPL_M:90,KPL_L:130,PORTS:80,PORTM:120,PORTL:160
1173;Rahkapiirakka, pullapohja, kevytmaito;Quark pie, basic sweet dough, low-fat milk;264.7;8.6;41.5;6.4;KPL_S:50,KPL_M:90,KPL_L:130,PORTS:80,PORTM:120,PORTL:160
1179;Marjapiirakka, muropohja;Berry pie, shortbread crust;240.3;3.7;28.3;11.5;KPL_S:50,KPL_M:90,KPL_L:130,PORTS:80,PORTM:120,PORTL:160
1180;Marjapiirakka, muropohja, kermaviilitäyte;Berry pie with sour milk, shortbread crust;223.6;4.1;24.0;11.6;KPL_S:50,KPL_M:90,KPL_L:130,PORTS:80,PORTM:120,PORTL:160
1181;Hillopiirakka, muropohja;Jam pie, shortbread crust;368.2;5.3;45.8;17.8;KPL_S:50,KPL_M:90,KPL_L:130,PORTS:80,PORTM:120,PORTL:160
1182;Raparperipiirakka, muropohja;Rhubarb pie, shortbread crust;257.4;3.5;34.8;10.9;KPL_S:50,KPL_M:90,KPL_L:130,PORTS:80,PORTM:120,PORTL:160
1183;Omenapiirakka, muropohja;Apple pie, shortbread crust;200.6;2.7;26.3;8.9;KPL_S:50,KPL_M:90,KPL_L:130,PORTS:80,PORTM:120,PORTL:160
1184;Rahkapiirakka, muropohja;Quark pie, shortbread crust;295.3;7.8;31.5;14.9;KPL_S:50,KPL_M:90,KPL_L:130,PORTS:80,PORTM:120,PORTL:160
1185;Omena-rahkapiirakka, muropohja;Apple pie with quark filling, shortbread crust;188.4;4.3;20.9;9.4;KPL_S:50,KPL_M:90,KPL_L:130,PORTS:80,PORTM:120,PORTL:160
1193;Kääretortun/täytekakun pohja, sokeriton;Swiss roll dough, unsweetened;243.1;13.4;30.7;6.9;PORTS:30,PORTM:50,PORTL:100
1202;Kuivakakku, toscakakku;Tosca cake;430.6;9.8;42.2;24.1;KPL_S:40,KPL_M:70,KPL_L:100,PORTS:40,PORTM:70,PORTL:100
1204;Täytekakku, marja-kermakakku;Sponge cake, berry and cream filling;266.3;4.1;33.1;12.8;KPL_S:40,KPL_M:70,KPL_L:100,PORTS:30,PORTM:50,PORTL:100
1206;Täytekakku, kinuski-kermakakku;Sponge cake, caramel cake with whipped cream;242.5;3.4;35.1;9.6;KPL_S:40,KPL_M:70,KPL_L:100,PORTS:30,PORTM:50,PORTL:100
1207;Täytekakku, kreemitäytekakku;Sponge cake with custard;336.3;4.1;34.7;20.1;KPL_S:40,KPL_M:70,KPL_L:100,PORTS:30,PORTM:50,PORTL:100
1208;Täytekakku, hedelmä-kermakakku, liivatekuorrutus;Sponge cake, fruit and cream filling, gelatin topping;197.0;3.9;33.3;5.0;KPL_S:40,KPL_M:70,KPL_L:100,PORTS:30,PORTM:50,PORTL:100
1218;Porkkanapiirakka, voitaikina;Carrot pie, butter dough;276.3;4.9;19.6;19.6;KPL_S:70,KPL_M:100,KPL_L:135,PORTS:40,PORTM:80,PORTL:130
1220;Sienipiirakka, voitaikina;Mushroom pie, butter dough;162.9;4.0;11.6;10.7;KPL_S:70,KPL_M:100,KPL_L:130,PORTS:40,PORTM:80,PORTL:135
1221;Kasvispiirakka, kasviksia, juustoa, muropohja;Vegetarian pie, shortcrust pastry;282.6;9.2;15.5;19.9;KPL_S:80,KPL_M:115,KPL_L:150,PORTS:80,PORTM:120,PORTL:160
1223;Ohukainen, kevytmaito;Thin pancake, low-fat milk;186.5;7.3;20.8;8.0;KPL_S:18,KPL_M:40,KPL_L:70,PORTS:75,PORTM:150,PORTL:300
1228;Blini, kevytmaito, ohrajauho;Blin with low-fat milk, barley flour;167.2;6.4;18.6;7.0;KPL_M:50,PORTS:75,PORTM:150,PORTL:300
1231;Pannukakku, kevytmaito;Oven-baked pancake, low-fat milk;152.7;6.7;21.5;4.1;KPL_M:85,PORTS:85,PORTM:170,PORTL:250
1239;Maitokastike, valkokastike, kevytmaito, rasva-jauhosuurus;White sauce, low-fat milk, thickened with flour and fat;122.5;3.8;9.4;7.7;PORTS:50,PORTM:100,PORTL:150,DL:100,RKL:15
1242;Maitokastike, valkokastike, kevytmaito, jauhosuurus;White sauce, low-fat milk, thickened with flour;69.1;3.9;9.0;1.7;PORTS:50,PORTM:100,PORTL:150,DL:100,RKL:15
1243;Vaalea kastike, lihaliemi, jauhosuurus;Sauce veloute, meat bouillon, thickened with flour;95.6;1.1;7.6;6.8;PORTS:50,PORTM:100,PORTL:150,DL:100,RKL:15
1244;Ruskea kastike, rasva-jauhosuurus;Brown gravy, thickened with fat and flour;89.7;0.9;5.4;7.2;PORTS:50,PORTM:100,PORTL:150,DL:100,RKL:15
1245;Paistinkastike, kerma;Thin brown sauce with cream;71.5;1.3;8.0;3.6;PORTS:50,PORTM:100,PORTL:150,DL:100,RKL:15
1246;Hollandaisekastike, rasva, keltuainen, vehnäjauho;Hollandaise sauce;567.8;4.4;3.0;60.7;PORTS:50,PORTM:100,PORTL:150,DL:100,RKL:15
1247;Munakastike, kevytmaito, rasva-jauhosuurus;Egg sauce, low-fat milk, thickened with flour and fat;124.5;5.3;7.9;7.9;PORTS:50,PORTM:100,PORTL:150,DL:100,RKL:15,TL:5
1253;Vanukas, luumuvanukas;Pudding, prune pudding;123.5;4.2;17.6;3.5;PORTS:100,PORTM:150,PORTL:200,DL:100,RKL:15
1258;Köyhät ritarit, kevytmaito, ei kermaa, ei hilloa;French toast with low-fat milk;251.4;6.7;25.2;13.5;KPL_M:100,PORTS:35,PORTM:55,PORTL:105
1262;Pappilan hätävara, kermaa, hilloa, pikkuleipää;Cookie crumbs, whipped cream and jam dessert, pappilan hätävara;286.5;2.3;22.3;20.8;PORTS:100,PORTM:120,PORTL:200,DL:60
1265;Grahamvelli, maito, suolaa;Graham gruel, milk, salt;67.8;3.9;8.6;1.7;PORTS:150,PORTM:250,PORTL:350,DL:100,RKL:15,TL:5
1266;Grahampuuro, vesi, suolaa;Graham porridge, water, salt;61.0;2.3;10.9;0.4;PORTS:150,PORTM:230,PORTL:320,DL:100,RKL:15,TL:5
1268;Graham-marjapuuro, vesi, puolukka, sokeri, suola;Graham berry porridge, water, lingonberry, sugar, salt;70.0;1.9;13.3;0.4;PORTS:150,PORTM:230,PORTL:320,DL:100,RKL:15,TL:5
1269;Sekaleipä, grahamleipä, kevytmaito, grahamjauho;Multigrain bread, graham bread, low-fat milk, graham flour;254.6;9.8;45.1;2.1;KPL_M:20,PORTS:20,PORTM:30,PORTL:40
1270;Sekaleipä, grahamsämpylä, kevytmaito, graham-, vehnäjauho;Multigrain bread, graham roll, low-fat milk, graham flour, wheat flour;248.3;7.8;41.3;4.7;KPL_S:30,KPL_M:50,KPL_L:70,PORTS:20,PORTM:30,PORTL:40
1276;Mannavelli, maito, suolaa;Semolina gruel, milk, salt;64.6;3.8;8.4;1.6;PORTS:150,PORTM:250,PORTL:350,DL:100,RKL:15,TL:5
1277;Mannapuuro, maito, suolaa;Semolina porridge, milk, salt;81.0;4.2;11.9;1.6;PORTS:150,PORTM:230,PORTL:320,DL:100,RKL:15,TL:5
1278;Mannapuuro, vispipuuro, puolukka;Semolina lingonberry porridge, whipped;71.5;1.3;14.8;0.3;PORTS:150,PORTM:200,PORTL:300,DL:95,RKL:13
1279;Mannapuuro, vispipuuro, puolukka, sokeriton, suolaa;Semolina lingonberry porridge, whipped, salt, without sugar;40.6;1.3;7.7;0.2;PORTS:150,PORTM:200,PORTL:300,DL:95,RKL:13
1280;Mannapuuro, vispipuuro, aprikoosi, sokeri, suolaton;Semolina apricot porridge, whipped, without salt;79.0;1.6;17.0;0.2;PORTS:150,PORTM:200,PORTL:300,DL:95,RKL:13
1281;Mannapuuro, maito, kaakaojauhe, sokeri, suolaton;Semolina chocolate porridge, milk, without salt;94.3;4.5;13.9;1.9;PORTS:150,PORTM:230,PORTL:320,DL:100,RKL:15,TL:5
1283;Mannavelli, maito, tumma mannasuurimo, suolaa;Semolina gruel, whole grain semolina, milk;63.9;3.8;8.1;1.6;PORTS:150,PORTM:250,PORTL:350,DL:100,RKL:15,TL:5
1284;Mannapuuro, vesi, tumma mannasuurimo, suolaa;Semolina porridge, whole grain semolina, water;36.1;1.4;7.0;0.1;PORTS:150,PORTM:230,PORTL:320,DL:100,RKL:15,TL:5
1285;Mannapuuro, maito, tumma mannasuurimo, suolaa;Semolina porridge, whole grain semolina, milk;79.5;4.2;11.4;1.6;PORTS:150,PORTM:230,PORTL:320,DL:100,RKL:15,TL:5
1286;Vehnävelli, maito, vehnähiutale, suolaa;Wheat gruel, milk, wheat flakes, salt;68.1;3.9;8.6;1.7;PORTS:150,PORTM:250,PORTL:350,DL:100,RKL:15,TL:5
1287;Vehnävelli, vesi, vehnähiutale, suolaa;Wheat gruel, water, wheat flakes, salt;20.8;0.8;3.6;0.1;PORTS:150,PORTM:250,PORTL:350,DL:100,RKL:15,TL:5
1288;Vehnäpuuro, maito, vehnähiutale, suolaa;Wheat porridge, milk, wheat flakes, salt;83.8;4.5;11.6;1.7;PORTS:150,PORTM:230,PORTL:320,DL:100,RKL:15,TL:5
1289;Makaronivelli, maito, suolaa;Macaroni gruel, milk, salt;62.9;3.7;8.0;1.6;PORTS:150,PORTM:250,PORTL:350,DL:100,RKL:15,TL:5
1290;Makaronipuuro, maito, suolaa;Macaroni porridge, milk, salt;84.1;4.5;12.5;1.6;PORTS:150,PORTM:230,PORTL:320,DL:100,RKL:15,TL:5
1291;Makaronilaatikko, lihaton, kevytmaito;Macaroni casserole, low-fat milk, without meat;103.0;5.4;14.0;2.6;PORTS:200,PORTM:300,PORTL:400,DL:100,RKL:15
1294;Makaroni, paistettu;Macaroni, fried;161.4;4.0;20.4;6.8;PORTS:135,PORTM:175,PORTL:200
1295;Vaalea leipä, hiivaleipä, vesi, hiivaleipäjauho;White bread, dark wheat flour, water;249.4;8.2;45.4;3.0;KPL_M:20,PORTS:20,PORTM:30,PORTL:40
1297;Sekaleipä, piimälimppu, piimä, vehnä-, hiivaleipäjauho;Multigrain bread, buttermilk bread, sour milk, wheat and dark wheat flour;304.9;9.9;57.2;3.0;KPL_M:20,PORTS:20,PORTM:30,PORTL:40
1298;Sekaleipä, porkkanasämpylä, kevytmaito, hiivaleipä-, sämpyläjauho;Multigrain bread, carrot roll, low-fat milk, dark wheat flour, flour mix;228.1;7.3;37.1;4.7;KPL_S:30,KPL_M:50,KPL_L:70,PORTS:20,PORTM:30,PORTL:40
1301;Sekaleipä, sämpylä, kevytmaito, sämpyläjauho;Multigrain bread, bread roll, low-fat milk, flour mix;224.5;7.2;36.5;4.6;KPL_S:30,KPL_M:50,KPL_L:70,PORTS:20,PORTM:30,PORTL:40
1305;Marjapiirakka, muro/pullapohja, keskiarvo;Berry pie, shortbread crust/basic sweet dough, average;263.5;4.6;33.5;11.5;KPL_S:50,KPL_M:90,KPL_L:130,PORTS:80,PORTM:120,PORTL:160
1307;Pulla, korvapuusti, runsasrasvainen, kevytmaito;Bun, cinnamon bun, high-fat, low-fat milk;336.8;7.6;46.6;12.8;KPL_S:40,KPL_M:60,KPL_L:105,PORTS:40,PORTM:70,PORTL:105
1309;Vaalea leipä, patonki/ranskanleipä, vesi, vehnäjauho, teollinen;White bread, wheat bread, french bread, industrial;279.9;9.0;56.0;1.2;KPL_S:15,KPL_M:25,KPL_L:23,PORTS:20,PORTM:30,PORTL:40
1320;Sekaleipä, tattarileipä, vesi, tattarijauho, luontaisesti gluteeniton;Multigrain bread, buckwheat bread, water, buckwheat flour, naturally gluten-free;223.6;7.8;35.8;4.5;PORTS:20,PORTM:30,PORTL:40
1326;Kääretorttu, gluteeniton;Swiss roll, gluten-free;244.9;5.8;45.4;4.0;KPL_S:10,KPL_M:20,KPL_L:40,PORTS:30,PORTM:50,PORTL:100
1330;Ruisleipä, ruishiivaleipä, vesi, ruis-, hiivaleipäjauho;Rye bread, water, rye and dark wheat flour;221.7;7.3;41.3;1.4;KPL_M:30,PORTS:20,PORTM:35,PORTL:50
1331;Ruisleipä, ruis-, hiivaleipäjauho, teollinen;Rye bread, wholegrain rye, dark wheat flour, industrial;246.3;7.7;45.0;1.5;KPL_S:20,KPL_M:35,KPL_L:50,PORTS:20,PORTM:35,PORTL:50
1336;Sekaleipä, grahamleipä, vesi, hiivaleipä-, grahamjauho;Multigrain bread, graham bread, water, dark wheat flour, graham flour;219.8;8.0;41.0;1.4;KPL_M:20,PORTS:20,PORTM:30,PORTL:40
1337;Sekaleipä, grahamleipä, kevytmaito, hiivaleipä-, grahamjauho;Multigrain bread, graham bread, low-fat milk, dark wheat flour, graham flour;239.0;9.3;43.1;2.1;KPL_M:20,PORTS:20,PORTM:30,PORTL:40
1338;Ruisleipä, ruisrouheleipä perunainen, ruispalat;Rye bread, wholegrain rye, potato, ruispalat;279.5;8.2;51.0;1.9;KPL_M:30,PORTS:20,PORTM:35,PORTL:50
1340;Sekaleipä, siemenleipä, vesi, vehnäjauho, vehnärouhe, seesam/pellavansiemen;Multigrain bread, seed bread, water, wheat flour, crushed wheat grains, seeds;241.3;8.0;40.3;4.4;KPL_M:20,PORTS:20,PORTM:30,PORTL:40
1341;Sekaleipä, rouheleipä, vesi, vehnäjauho, ruis-, vehnärouhe, kaurahiutale;Multigrain bread, crushed grains, water, wheat and rye flour, oat flakes;226.9;7.4;44.5;1.2;KPL_M:20,PORTS:20,PORTM:30,PORTL:40
1342;Ruisleipä, tumma täysjyväleipä vähäsuolainen;Rye bread, wholegrain rye, low-sodium;241.6;6.9;44.8;1.5;KPL_M:30,PORTS:20,PORTM:35,PORTL:50
1343;Marja-raparperipiirakka, pehmeä;Berry and rhubarb pie, soft;251.8;4.6;32.0;11.1;KPL_S:50,KPL_M:90,KPL_L:130,PORTS:80,PORTM:120,PORTL:160
1344;Marjapiirakka, fruktoosilla makeutettu, pehmeä;Berry pie, sweetened with fructose, soft;245.2;5.4;31.3;10.3;KPL_S:50,KPL_M:90,KPL_L:130,PORTS:80,PORTM:120,PORTL:160
1347;Joulutorttu, luumutäyte;Christmas star pastry;402.1;4.4;38.5;25.1;KPL_S:30,KPL_M:40,KPL_L:50,PORTS:30,PORTM:40,PORTL:80
1348;Mysli, hedelmäinen;Muesli with dried fruit;321.2;7.9;61.8;2.6;PORTS:12,PORTM:25,PORTL:40,DL:40,RKL:6,TL:3
1370;Riisi, keitetty, suolaton;Rice, boiled without salt;93.4;1.6;20.6;0.2;PORTS:70,PORTM:110,PORTL:150,DL:80,RKL:12
1372;Makaroni, keitetty, suolaa;Macaroni, boiled, salt;99.9;3.8;19.6;0.3;PORTS:135,PORTM:175,PORTL:200,DL:65,RKL:11
1373;Pasta, spagetti, keitetty, suolaa;Pasta, spaghetti, boiled, salt;99.5;3.5;19.6;0.4;PORTS:135,PORTM:175,PORTL:200,DL:80,RKL:12
1374;Makaroni, tumma, keitetty, suolaa;Macaroni, dark, boiled, salt;104.8;4.0;19.4;0.7;PORTS:135,PORTM:175,PORTL:200,DL:65,RKL:11
1375;Ruis-riisiseos, keitetty, suolaa;Crashed rye grain e and rice mix, boiled, salt;139.1;3.4;29.4;0.6;PORTS:70,PORTM:110,PORTL:150
1376;Riisi, pitkäjyväinen, keitetty, suolaa;Rice, long-grain, boiled, salt;108.7;2.4;23.4;0.3;PORTS:70,PORTM:110,PORTL:150,DL:80,RKL:12
1377;Täysjyväriisi, keitetty, suolaton;Rice, wholegrain, boiled without salt;144.9;3.2;28.5;1.2;PORTS:70,PORTM:110,PORTL:150,DL:80,RKL:12
1378;Riisi, luonnonriisi riisi-villiriisiseos, keitetty, suolaa;Rice, natural rice, mixed rice and wild rice, boiled, salt;107.5;2.4;21.2;0.9;PORTS:70,PORTM:110,PORTL:150
1379;Riisi, keitetty, suolaa;Rice, boiled, salt;101.6;1.8;22.4;0.2;PORTS:70,PORTM:110,PORTL:150,DL:80,RKL:12
1389;Ruis-vehnä-perunataikina;Rye, wheat and potato dough;438.3;6.2;45.5;24.8;PORTS:75,PORTM:150,PORTL:300
1416;Ruisleipä, mallasleipä, saaristolaisleipä, rukiinen;Rye bread, sweet and sour rye malt bread;226.4;5.3;45.0;1.0;KPL_M:30,PORTS:20,PORTM:35,PORTL:50
1445;Täytetty leipä, patonki, tomaatti, paprika, juusto, salaatti, sipuli;Sandwich, baguette, tomato, sweet pepper, cheese, lettuce, onion;175.8;6.4;22.4;6.1;PORTS:170,PORTM:250,PORTL:320
1448;Tomaattisalsa;Tomato salsa;25.0;0.9;3.6;0.3;PORTS:15,PORTM:45,PORTL:100,DL:100,RKL:15,TL:5
1450;Punaviinikastike;Red wine sauce;73.3;1.1;3.9;4.8;PORTS:50,PORTM:100,PORTL:150,DL:100,RKL:15
1461;Juustosarvi, hiivataikina;Cheese pasty;278.1;11.7;37.3;8.5;KPL_M:60,PORTS:40,PORTM:60,PORTL:120
1500;Ohravelli, maito, ohrajauho, suolaa;Barley gruel, barley flour, milk, salt;62.4;3.5;7.9;1.7;PORTS:150,PORTM:250,PORTL:350,DL:100,RKL:15,TL:5
1501;Ohrapuuro, vesi, ohrajauho, suolaa;Barley porridge, pearl barley, water, salt;46.6;1.2;9.2;0.3;PORTS:150,PORTM:230,PORTL:320,DL:100,RKL:15,TL:5
1502;Sekaleipä, ohraleipä, kevytmaito, hiivaleipä-, ohrajauho, kaurahiutale;Multigrain bread, barley bread, low-fat milk, dark wheat and barley flour, oat;265.2;9.5;48.7;2.2;KPL_M:20,PORTS:20,PORTM:30,PORTL:40
1503;Sekaleipä, rieska, peruna-ohra, vesi, ohrajauho, kotitekoinen;Multigrain bread, flatbread, potato and barley, water, barley flour, home-made;157.4;4.0;31.5;0.7;KPL_S:35,KPL_M:50,KPL_L:125,PORTS:30,PORTM:50,PORTL:70
1504;Ohravelli, maito, ohrasuurimo, suolaa;Barley gruel, pearl barley, milk, salt;68.3;3.6;9.1;1.7;PORTS:150,PORTM:250,PORTL:350,DL:100,RKL:15,TL:5
1505;Ohrapuuro, maito, ohrasuurimo, suolaa;Barley porridge, pearl barley, milk, salt;93.6;4.4;13.9;1.9;PORTS:150,PORTM:230,PORTL:320,DL:100,RKL:15,TL:5
1506;Ohrapuuro, vesi, ohrasuurimo, puolukka, sokeri, suolaa;Barley porridge, pearl barley, lingonberry, sugar, salt;75.2;1.1;15.8;0.3;PORTS:150,PORTM:230,PORTL:320,DL:100,RKL:15,TL:5
1507;Sekaleipä, rieska, ohrasuurimo, piimä;Multigrain bread, faltbread, pearl barley, sour milk;177.0;6.8;30.8;1.8;KPL_S:35,KPL_M:50,KPL_L:125,PORTS:30,PORTM:50,PORTL:70
1509;Ohrapuuro, vesi, ohrahiutale, suolaa;Barley porridge, barley flakes, water, salt;34.4;0.9;6.7;0.2;PORTS:150,PORTM:230,PORTL:320,DL:100,RKL:15,TL:5
1510;Ohrapuuro, maito, ohrahiutale, suolaa;Barley porridge, barley flakes, milk, salt;79.5;3.8;11.5;1.7;PORTS:150,PORTM:230,PORTL:320,DL:100,RKL:15,TL:5
1511;Kauravelli, vesi, suolaa;Oat gruel, oat flakes, water, salt;31.1;1.1;4.9;0.6;PORTS:150,PORTM:250,PORTL:350,DL:100,RKL:15,TL:5
1512;Kauravelli, maito, suolaa;Oat gruel, oat flakes, milk, salt;77.3;4.2;9.7;2.1;PORTS:150,PORTM:250,PORTL:350,DL:100,RKL:15,TL:5
1513;Kaurapuuro, vesi, suolaa;Oat porridge, oat flakes, water, salt;57.4;2.0;9.0;1.1;PORTS:150,PORTM:230,PORTL:320,DL:100,RKL:15,TL:5
1514;Kaurapuuro, kevytmaito, suolaa;Oat porridge, oat flakes, low-fat milk, salt;100.2;4.9;13.5;2.5;PORTS:150,PORTM:230,PORTL:320,DL:100,RKL:15,TL:5
1516;Luumukeitto, kaurahiutaleita;Prune kissel, prune soup, with oat flakes;35.0;1.3;5.6;0.6;PORTS:100,PORTM:150,PORTL:200,DL:100,RKL:15,TL:5
1518;Luumu-kaurapuuro, vesi, sokeri, suola;Prune porridge, oat flakes, prunes, water, sugar, salt;78.7;2.0;14.2;0.9;PORTS:150,PORTM:230,PORTL:320,DL:100,RKL:15,TL:5
1520;Sekaleipä, kauraleipä, kevytmaito, vehnäjauho, kaurahiutale;Multigrain bread, oat bread, low-fat milk, wheat flour, oat flakes;247.5;8.8;46.5;2.0;KPL_M:20,PORTS:20,PORTM:30,PORTL:40
1521;Sekaleipä, kaurasämpylä, kevytmaito, hiivaleipäjauho, kaurahiutale;Multigrain bread, oat roll, low-fat milk, dark wheat flour, oat flakes;280.6;8.3;40.5;8.4;KPL_S:30,KPL_M:50,KPL_L:70,PORTS:20,PORTM:30,PORTL:40
1524;Keksi, kauralastu, sisältää vehnää;Oat biscuit, lacy oatmeal cookies, contains wheat;470.4;5.1;62.6;21.4;KPL_M:7,PORTS:7,PORTM:14,PORTL:35
1526;Talkkunapuuro, vesi, suolaa;Talkkuna porridge, talkkuna powder, water, salt;63.4;1.6;11.3;0.8;PORTS:150,PORTM:230,PORTL:320,DL:100,RKL:15,TL:5
1527;Talkkunapiimä, piimä, talkkunajauho;Talkkuna powder with sour milk;54.7;3.7;6.7;1.0;PORTS:150,PORTM:230,PORTL:320,DL:100,RKL:15,TL:5
1530;Raparperi-riisipuuro, vesi, sokeri;Rhubarb rice porridge, water, sugar;88.7;0.7;20.3;0.1;PORTS:150,PORTM:230,PORTL:320,DL:100,RKL:15,TL:5
1531;Omena-riisipuuro, vesi, sokeri;Apple rice porridge, water, sugar;109.8;0.6;25.8;0.1;PORTS:150,PORTM:230,PORTL:320,DL:100,RKL:15,TL:5
1532;Aprikoosi-riisipuuro, vesi, sokeri;Apricot rice porridge, water, sugar;83.4;1.0;18.8;0.1;PORTS:150,PORTM:230,PORTL:320,DL:100,RKL:15,TL:5
1537;Riisi-kermajälkiruokapohja;Rice and cream dessert;198.6;1.6;21.1;11.9;PORTS:100,PORTM:150,PORTL:200,DL:100,RKL:15,TL:5
1538;Luumu-riisijälkiruoka;Prune rice dessert;166.4;1.9;21.2;7.4;PORTS:80,PORTM:150,PORTL:250,DL:100,RKL:15
1541;Hirssipuuro, vesi, suolaa;Millet porridge, water, salt;44.0;1.4;8.5;0.4;PORTS:150,PORTM:230,PORTL:320,DL:100,RKL:15,TL:5
1542;Hirssipuuro, maito, suolaa;Millet porridge, milk, salt;86.3;4.2;12.7;1.8;PORTS:150,PORTM:230,PORTL:320,DL:100,RKL:15,TL:5
1543;Tattarivelli, maito, suolaa;Buckwheat gruel, milk, salt;74.6;4.2;9.9;1.8;PORTS:150,PORTM:250,PORTL:350,DL:100,RKL:15,TL:5
1544;Tattaripuuro, vesi, suolaa;Buckwheat porridge, water, salt;62.5;2.5;11.5;0.4;PORTS:150,PORTM:230,PORTL:320,DL:100,RKL:15,TL:5
1545;Tattaripuuro, maito, suolaa;Buckwheat porridge, milk, salt;98.0;5.0;14.8;1.7;PORTS:150,PORTM:230,PORTL:320,DL:100,RKL:15,TL:5
1546;Perunavelli, maito, perunasuurimo, suolaa;Potato gruel, potato pearls, milk, salt;73.2;3.1;8.3;3.0;PORTS:150,PORTM:250,PORTL:350,DL:100,RKL:15,TL:5
1547;Perunapuuro, maito, perunasuurimo, suolaa;Potato porridge, potato pearls, milk, salt;78.7;3.0;12.9;1.5;PORTS:150,PORTM:230,PORTL:320,DL:100,RKL:15,TL:5
1548;Maissivelli, maito, suolaa;Maize gruel, milk, salt;68.3;3.1;10.1;1.6;PORTS:150,PORTM:250,PORTL:350,DL:100,RKL:15,TL:5
1549;Vanukas, maissivanukas, kevytmaito;Pudding, maize pudding, low-fat milk;173.6;5.5;20.2;7.7;PORTS:100,PORTM:150,PORTL:200,DL:100,RKL:15,TL:5
1552;Popcorn, ruokaöljy;Popcorn, cooking oil;495.6;9.0;43.0;30.0;KPL_M:0.1,PORTS:20,PORTM:50,PORTL:100,DL:3,RKL:0.5
1554;Juustonaksu;Cheese puffs;544.8;10.0;51.0;33.2;KPL_S:1,KPL_M:3,KPL_L:5,PORTS:20,PORTM:50,PORTL:100,DL:7
1556;Sekaleipä, sämpylä, vesi, sämpyläjauho;Multigrain bread, bread roll, water, flour mix;215.3;6.6;35.6;4.3;KPL_S:30,KPL_M:50,KPL_L:70,PORTS:20,PORTM:30,PORTL:40
1559;Riisipuuro, maito, täysjyväriisi, suolaa;Rice porridge, whole grain rice, milk, salt;95.7;4.1;14.6;1.9;PORTS:150,PORTM:230,PORTL:320,DL:100,RKL:15,TL:5
1560;Riisi, pitkäjyväinen, lihaliemessä, keitetty;Rice, long-grain, boiled, meat bouillon;120.3;2.6;25.3;0.7;PORTS:70,PORTM:110,PORTL:150,DL:80,RKL:12
1561;Kaurapuuro, vesi, suolaton;Oat porridge, oat flakes, water, without salt;57.7;2.0;9.1;1.1;PORTS:150,PORTM:230,PORTL:320,DL:100,RKL:15,TL:5
1562;Vehnäpuuro, vesi, vehnähiutale, suolaton;Wheat porridge, water, wheat flakes, without salt;42.3;1.6;7.4;0.3;PORTS:150,PORTM:230,PORTL:320,DL:100,RKL:15,TL:5
1563;Ruispuuro, vesi, ruishiutale, suolaton;Rye porridge, rye flakes, water, without salt;34.6;1.1;6.1;0.2;PORTS:150,PORTM:230,PORTL:320,DL:100,RKL:15,TL:5
1564;Neljänviljanpuuro, vesi, suolaton;Mixed flake porridge, water, without salt;50.7;1.7;8.9;0.5;PORTS:150,PORTM:230,PORTL:320,DL:100,RKL:15,TL:5
1565;Riisipuuro, maito, riisihiutale, suolaton;Rice porridge, rice flakes, milk, without salt;90.7;3.9;14.7;1.6;PORTS:150,PORTM:230,PORTL:320,DL:100,RKL:15,TL:5
1566;Riisipuuro, vesi, riisihiutale, suolaton;Rice porridge, water, without salt;46.4;1.0;10.0;0.2;PORTS:150,PORTM:230,PORTL:320,DL:100,RKL:15,TL:5
1567;Mannapuuro, maito, suolaton;Semolina porridge, milk, without salt;82.5;4.3;12.2;1.6;PORTS:150,PORTM:230,PORTL:320,DL:100,RKL:15,TL:5
1568;Riisipuuro, maito, riisi, suolaa;Rice porridge, milk, salt;93.0;3.9;15.2;1.6;PORTS:150,PORTM:230,PORTL:320,DL:100,RKL:15,TL:5
1569;Riisivelli, maito, riisi, suolaa;Rice gruel, rice, milk, salt;63.6;3.4;8.5;1.6;PORTS:150,PORTM:250,PORTL:350,DL:100,RKL:15,TL:5
1571;Riisivelli, maito, riisihiutale, suolaa;Rice gruel, rice flakes, milk, salt;60.6;3.5;7.7;1.6;PORTS:150,PORTM:250,PORTL:350,DL:100,RKL:15,TL:5
1572;Riisivelli, vesi, riisihiutale, suolaa;Rice gruel, rice flakes, water, salt;11.8;0.2;2.5;0.0;PORTS:150,PORTM:250,PORTL:350,DL:100,RKL:15,TL:5
1575;Hirssi, keitetty, suolaa;Millet, boiled with salt;142.8;4.5;27.5;1.2;PORTS:70,PORTM:110,PORTL:150,DL:55
1576;Tattari, keitetty, suolaa;Buckwheat, boiled, salt;130.9;5.2;24.2;0.8;PORTS:70,PORTM:110,PORTL:150
1577;Rouhe, vehnärouhe, keitetty, suolaa;Wheat grain, boiled, salt;123.2;5.2;21.2;1.0;PORTS:70,PORTM:110,PORTL:150,DL:85
1578;Hirssi, keitetty, suolaton;Millet, boiled without salt;142.8;4.5;27.5;1.2;PORTS:70,PORTM:110,PORTL:150,DL:55
1579;Tattari, keitetty, suolaton;Buckwheat, boiled without  salt;130.9;5.2;24.2;0.8;PORTS:70,PORTM:110,PORTL:150
1580;Rouhe, vehnärouhe, keitetty, suolaton;Wheat grain, boiled without salt;123.2;5.2;21.2;1.0;PORTS:70,PORTM:110,PORTL:150,DL:85
1582;Sekaleipä, rieska, ohra-peruna, vehnäjauho, maito;Multigrain bread, flatbread, barley and potato, wheat flour, milk;201.2;6.0;40.4;0.8;KPL_S:35,KPL_M:50,KPL_L:125,PORTS:30,PORTM:50,PORTL:70
1860;Pasta, täytepasta, ravioli, pinaattitäyte, keitetty;Ravioli with spinach filling, boiled;211.9;9.0;28.8;6.2;KPL_M:9,PORTS:135,PORTM:175,PORTL:200
2002;Peruna, paistettu;Potato, fried;134.2;2.2;18.1;5.3;PORTS:125,PORTM:200,PORTL:275,DL:55
2005;Maitoperuna, kevytmaito;Potatoes in low-fat milk;113.4;1.9;7.8;8.2;PORTS:120,PORTM:200,PORTL:340,DL:100,RKL:15
2009;Purjo-perunasosekeitto, vesi;Puréed potato leek soup;36.6;0.8;5.3;1.1;PORTS:200,PORTM:350,PORTL:400,DL:100,RKL:15
2010;Salaatti, perunasalaatti, peruna, sipuli, ei majoneesia;Salad, potato salad, onion, without mayonnaise;70.8;1.8;14.4;0.1;PORTS:50,PORTM:75,PORTL:100,DL:70,RKL:14
2011;Perunalaatikko, perunasoselaatikko, munamaito, lihaton;Mashed potato casserole, milk, eggs, without meat;102.0;3.6;17.0;1.7;PORTS:100,PORTM:125,PORTL:150
2012;Peruna-sipulilaatikko, kevytmaito;Potato and onion casserole, low-fat milk;80.6;3.6;11.5;1.8;PORTS:120,PORTM:225,PORTL:300,DL:100
2021;Kermaperuna;Sliced baked potatoes with cream;185.4;2.9;10.6;14.4;PORTS:120,PORTM:225,PORTL:300,DL:100,RKL:15
2022;Valkosipuliperuna;Scalloped garlic potatoes;117.9;2.5;13.1;5.8;PORTS:120,PORTM:225,PORTL:300,DL:100,RKL:15
2023;Perunasose, vesi, perunasosejauheesta;Mashed potatoes, mashed potato powder, water;65.4;1.0;12.7;0.7;PORTS:125,PORTM:200,PORTL:300,DL:85,RKL:12
2024;Lohkoperuna;Potato wedges, oven-baked;148.5;2.3;19.3;6.3;PORTS:125,PORTM:200,PORTL:275
2025;Ranskanperuna, uunissa kypsennetty;French fries, oven-baked;260.2;4.5;44.2;6.6;PORTS:125,PORTM:180,PORTL:250,DL:50
2028;Peruna-pinaattisose;Mashed potatoes and spinach;79.1;2.0;12.2;2.0;PORTS:125,PORTM:200,PORTL:300,DL:85,RKL:12
2029;Perunasose, kevytmaito;Mashed potatoes, low-fat milk;85.1;2.1;13.0;2.4;PORTS:125,PORTM:200,PORTL:300,DL:85,RKL:12
2030;Röstiperuna;Potato cutlet;148.8;2.4;18.6;6.6;KPL_M:55,PORTS:120,PORTM:150,PORTL:200
2031;Juustoröstiperuna;Potato with cheese, fried;177.7;6.2;15.2;9.8;KPL_M:55,PORTS:120,PORTM:150,PORTL:200
2033;Peruna, kuorittu, keitetty, suolaa;Potato, peeled, boiled with salt;75.0;1.9;15.4;0.1;KPL_M:60,PORTS:120,PORTM:180,PORTL:240
3000;Porkkana, paistettu;Carrot, fried;90.4;0.7;6.3;6.3;PORTS:40,PORTM:100,PORTL:200
3001;Porkkanasurvos;Mashed carrot;39.6;1.1;6.7;0.3;PORTS:40,PORTM:100,PORTL:200,DL:100,RKL:15
3002;Porkkanamuhennos;Carrot stew;49.6;0.9;5.8;2.1;PORTS:40,PORTM:100,PORTL:200,DL:100,RKL:15
3003;Porkkanasosekeitto, vesi;Puréed carrot soup;24.5;0.3;2.6;1.1;PORTS:200,PORTM:350,PORTL:400,DL:100,RKL:15
3004;Porkkanasosekeitto, maito;Puréed carrot soup, milk;19.1;0.6;3.0;0.2;PORTS:200,PORTM:350,PORTL:400,DL:100,RKL:15
3005;Porkkanalaatikko, kevytmaito;Carrot casserole, low-fat milk;120.7;4.1;17.7;3.1;PORTS:100,PORTM:125,PORTL:150
3006;Porkkanaohukainen, kevytmaito;Thin carrot pancake, carrot crepes, low-fat milk;163.1;5.7;17.7;7.4;KPL_M:15,PORTS:100,PORTM:150,PORTL:200
3009;Lanttu, haudutettu;Swede, simmered;90.1;1.3;6.7;5.8;PORTS:40,PORTM:100,PORTL:200,DL:100,RKL:15
3010;Lanttusurvos;Swede, mashed;51.6;1.4;7.1;1.3;PORTS:40,PORTM:100,PORTL:200,DL:100,RKL:15
3014;Lanttupiirakka, lanttusurvos, ruiskuori;Swede pasty with rye crust;105.4;3.2;19.2;0.5;PORTS:80,PORTM:120,PORTL:160
3015;Hapanlohko, nauris, peruna, kerma, ruisjauhot;Stew with potato, rutabaga and rye dough;41.5;1.2;4.8;1.4;PORTS:100,PORTM:200,PORTL:300
3016;Punajuuripihvi, kasvispihvi, paistettu;Beetroot patty, fried;143.5;4.5;16.5;5.9;KPL_M:50,PORTS:100,PORTM:150,PORTL:225
3017;Rosolli, ei kastiketta, ei silliä;Rosolli salad, mixed beetroot salad, no dressing, no herring;43.1;1.0;8.3;0.1;PORTS:40,PORTM:80,PORTL:140,DL:50,RKL:16
3021;Punajuurikeitto, kasviskeitto;Beetroot soup;36.5;0.7;3.6;2.0;PORTS:200,PORTM:350,PORTL:400,DL:100,RKL:15
3022;Palsternakkamuhennos;Parsnip stew;78.3;1.7;9.5;2.8;PORTS:40,PORTM:100,PORTL:200,DL:100
3023;Maa-artisokkakeitto, kerma;Creamy jerusalem artichoke soup;64.3;1.4;2.7;3.7;PORTS:200,PORTM:350,PORTL:400,DL:100,RKL:15
3024;Sellerimuhennos;Celeriac, mashed;56.0;2.4;6.5;1.8;PORTS:40,PORTM:100,PORTL:200,DL:100
3025;Mustajuurimuhennos;Black salsify stew;112.0;0.7;12.2;4.9;PORTS:40,PORTM:100,PORTL:200,DL:100
3026;Peruna-kasvispata, porkkana, lanttu, kukkakaali;Vegetable stew with potato, carrot, swede and cauliflower;85.6;2.8;12.8;1.8;PORTS:200,PORTM:300,PORTL:400,DL:100
3027;Ohukainen, kasvistäyte, kevytmaito;Crepes filled with vegetables, low-fat milk;154.6;6.1;16.9;6.5;KPL_M:210,PORTS:100,PORTM:200,PORTL:300
3030;Parsa, voisulaa;Asparagus with melted butter;46.3;2.9;2.0;2.2;PORTS:40,PORTM:100,PORTL:200
3034;Munakoiso, paistettu;Aubergine, fried;187.2;0.4;2.5;19.3;PORTS:40,PORTM:100,PORTL:200
3040;Maissinjyvä, keitetty, suolaton;Sweet corn, boiled;127.8;2.7;24.3;1.3;PORTS:40,PORTM:60,PORTL:100
3200;Kaali, valkokaali, paistettu;Cabbage, fried;88.4;1.4;5.6;6.1;PORTS:40,PORTM:80,PORTL:200,DL:110
3201;Kaalikeitto, ruskistettu kaali, ei lihaa;Cabbage soup, sautéed cabbage;51.7;0.9;3.5;3.5;PORTS:200,PORTM:350,PORTL:400,DL:100,RKL:15,TL:5
3202;Kaali-perunakeitto, ei lihaa;Cabbage soup with potatoes;19.1;0.6;3.5;0.0;PORTS:200,PORTM:350,PORTL:400,DL:100,RKL:15
3204;Hapankaali;Sour cabbage/sauerkraut;31.7;1.1;5.2;0.1;PORTS:40,PORTM:80,PORTL:150,DL:60,RKL:12
3206;Punakaalimuhennos, haudutettu punakaali;Red cabbage stew;100.9;1.4;10.5;5.4;PORTS:40,PORTM:100,PORTL:200,DL:110
3207;Kukkakaalisosekeitto, kerma;Creamy cauliflower soup, puréed;56.6;1.6;2.6;4.0;PORTS:200,PORTM:350,PORTL:400,DL:100,RKL:15
3208;Kukkakaalimuhennos;Cauliflower stew;78.3;3.2;7.8;3.4;PORTS:40,PORTM:100,PORTL:200,DL:100
3209;Kukkakaali, kuorrutettu, kevytmaito, kukkakaaligratiini;Cauliflower gratin, low-fat milk;94.9;4.9;5.1;5.8;PORTS:90,PORTM:180,PORTL:280,DL:100
3212;Parsakaalimuhennos;Broccoli stew;85.0;4.3;7.5;3.6;PORTS:40,PORTM:100,PORTL:200,DL:100
3213;Ruusukaalikeitto, kerma;Creamy brussels sprout soup;41.3;1.6;2.0;2.6;PORTS:200,PORTM:350,PORTL:400,DL:100,RKL:15
3214;Kyssäkaalimuhennos;Kohlrabi stew;84.0;3.2;9.3;3.4;PORTS:40,PORTM:100,PORTL:200,DL:100
3215;Pinaattikeitto;Spinach soup;57.5;2.6;4.7;3.0;PORTS:200,PORTM:350,PORTL:400,DL:100,RKL:15
3216;Pinaattimuhennos, kevytmaito;Spinach stew, low-fat milk;75.3;3.1;6.2;4.1;PORTS:40,PORTM:100,PORTL:200,DL:100
3219;Pinaattiohukainen, kevytmaito;Thin spinach pancake, spinach crepes, low-fat milk;147.5;6.1;15.9;6.2;KPL_M:15,PORTS:100,PORTM:150,PORTL:200
3222;Pinaatti-riisilaatikko, kevytmaito;Spinach and rice casserole, low-fat milk;82.5;3.7;11.4;2.2;PORTS:200,PORTM:300,PORTL:400
3224;Nokkosmuhennos, kevytmaito;Nettle stew, low-fat milk;86.4;4.6;6.5;4.1;PORTS:40,PORTM:100,PORTL:200,DL:100
3230;Sipuli, paistettu;Onion, fried;101.3;1.3;4.9;8.2;PORTS:40,PORTM:60,PORTL:100,DL:70
3231;Sipuli, paistettu, haudutettu, kasvisliemi, siirappi;Onion cooked in vegetable bouillon and syrup;80.4;1.3;6.8;4.9;PORTS:40,PORTM:100,PORTL:200,DL:70
3232;Purjo, paistettu, haudutettu, kasvisliemi, siirappi;Leek cooked in vegetable bouillon and syrup;74.1;1.8;4.5;5.0;PORTS:40,PORTM:100,PORTL:200,DL:70
3233;Sipulikeitto, juustokuorrutettu;Onion soup, gratinated with cheese;57.5;2.0;2.9;4.1;PORTS:200,PORTM:350,PORTL:400,DL:100,RKL:15
3234;Sipulimuhennos, kevytmaito;Onion stew, low-fat milk;69.5;2.4;7.3;3.1;PORTS:40,PORTM:100,PORTL:200,DL:100,RKL:15
3237;Hillosipulisäilyke;Pickled onion;47.8;1.2;9.5;0.1;KPL_M:2,PORTS:15,PORTM:30,PORTL:60,DL:70
3238;Kiisseli, raparperikeitto;Rhubarb kissel, rhubarb soup;80.7;0.2;19.1;0.0;PORTS:100,PORTM:150,PORTL:200,DL:100,RKL:15
3239;Parsakeitto, säilykeparsa;Asparagus soup, canned asparagus;74.1;1.6;2.8;6.1;PORTS:200,PORTM:350,PORTL:400,DL:100,RKL:15
3240;Sieni, paistettu;Mushroom, fried;102.7;3.6;3.5;7.8;PORTS:80,PORTM:150,PORTL:200,DL:80,RKL:20
3241;Sienikeitto, kermaa;Creamy mushroom soup;84.3;2.2;3.3;6.7;PORTS:200,PORTM:350,PORTL:400,DL:100,RKL:15,TL:5
3242;Sienikastike/muhennos, kevytmaito, kerma;Mushroom stew, low-fat milk, cream;139.1;2.8;6.6;10.8;PORTS:150,PORTM:200,PORTL:250,DL:100,RKL:15,TL:5
3245;Sienikastike, vesi, rasvasuurus;Mushroom gravy, thickened;55.4;1.3;3.8;3.7;PORTS:150,PORTM:200,PORTL:250,DL:100,RKL:15,TL:5
3246;Sieni-sipulihakkelus;Chopped mushroom and onion;24.5;1.5;2.8;0.4;PORTS:40,PORTM:80,PORTL:200,DL:80,RKL:16
3247;Salaatti, sienisalaatti, kerma;Salad, mushroom salad with cream;102.7;1.6;2.8;9.3;PORTS:50,PORTM:60,PORTL:70,DL:75
3249;Perunalaatikko, sieni-perunalaatikko, munamaito;Mushroom and potato casserole, milk, eggs;84.0;2.9;9.3;3.5;PORTS:200,PORTM:300,PORTL:400
3250;Sieni-ohrasuurimolaatikko;Mushroom barley casserole;60.4;1.9;5.7;3.1;PORTS:200,PORTM:300,PORTL:400
3253;Pannukakku, sienipannukakku;Oven-baked mushroom pancake;129.3;6.3;17.2;3.6;PORTS:85,PORTM:170,PORTL:250
3254;Sieni-juurespata, peruna, juurekset;Mushroom root vegetable stew, potato;60.4;1.5;9.2;1.4;PORTS:200,PORTM:300,PORTL:400
3255;Sieniohukainen, kevytmaito;Thin mushroom pancake, low-fat milk;187.1;5.5;15.4;11.3;KPL_S:20,KPL_M:30,KPL_L:50,PORTS:100,PORTM:150,PORTL:200
3259;Herkkusienikeitto;Champignon soup;48.5;1.5;1.5;3.8;PORTS:200,PORTM:350,PORTL:400,DL:100,RKL:15
3260;Herkkusienimuhennos, kevytmaito;Champignon stew, low-fat milk;149.7;3.1;5.9;12.2;PORTS:150,PORTM:200,PORTL:250,DL:100,RKL:15,TL:5
3264;Kurpitsamuhennos;Pumpkin stew;75.0;2.6;7.8;3.4;PORTS:40,PORTM:100,PORTL:200,DL:100,RKL:15
3265;Tomaattikeitto;Tomato soup;37.4;0.6;3.5;2.1;PORTS:200,PORTM:350,PORTL:400,DL:100,RKL:15
3266;Tomaatti, täytetty, sienitäyte, korppujauhoa;Tomato filled with mushrooms, breadcrumbs;85.2;1.2;4.5;6.5;KPL_M:120,PORTS:100,PORTM:150,PORTL:300
3267;Kesäkeitto;Vegetable soup, milk-based, summersoup;36.3;1.5;5.3;0.8;PORTS:200,PORTM:350,PORTL:400,DL:100,RKL:15
3268;Kasvissosekeitto, maito;Puréed vegetable soup, milk-based;29.5;1.0;4.5;0.5;PORTS:200,PORTM:350,PORTL:400,DL:100,RKL:15
3269;Sekavihannesmuhennos, kevytmaito;Vegetable stew, low-fat milk;68.5;3.1;6.2;3.0;PORTS:40,PORTM:100,PORTL:200,DL:100,RKL:15
3272;Juuressurvos, kevytmaito, vehnäjauhoa;Root vegetables, mashed, low-fat milk;64.3;1.5;6.1;3.3;PORTS:125,PORTM:200,PORTL:300,DL:100,RKL:15,TL:5
3275;Vihannesmunavuoka;Vegetable egg casserole;73.4;5.0;3.5;4.0;PORTS:200,PORTM:300,PORTL:400,DL:100,RKL:15
3276;Perunalaatikko, kasvislaatikko, keittojuurekset, kevytmaito;Vegetable and potato casserole, low-fat milk;77.8;3.6;9.9;2.2;PORTS:200,PORTM:300,PORTL:400,DL:100,RKL:20
3279;Risotto, kasvisrisotto;Risotto, vegetable risotto;76.2;1.7;13.4;1.4;PORTS:300,PORTM:350,PORTL:400
3280;Kasvispihvi/pyörykkä, paistettu;Vegetable patty, fried;130.1;4.2;14.7;5.4;PORTS:100,PORTM:150,PORTL:225
3282;Salaatti, porkkana-appelsiini, raaste;Salad, carrot and orange, grated;36.6;0.6;6.6;0.2;PORTS:50,PORTM:125,PORTL:150,DL:80
3283;Salaatti, porkkana-ananas, raaste;Salad, carrot and pineapple, grated;45.0;0.6;8.9;0.2;PORTS:50,PORTM:125,PORTL:150,DL:80
3284;Salaatti, porkkana-omena, raaste;Salad, carrot and apple, grated;35.1;0.5;6.4;0.2;PORTS:50,PORTM:125,PORTL:150,DL:50
3285;Salaatti, porkkana-puolukka, raaste;Salad, carrot and lingonberry, grated;39.7;0.6;6.5;0.3;PORTS:50,PORTM:125,PORTL:150,DL:80
3286;Salaatti, porkkana-raejuusto, raaste;Salad, carrot and cottage cheese, grated;62.4;8.2;4.0;1.1;PORTS:50,PORTM:125,PORTL:150
3287;Salaatti, porkkana-kurpitsa, raaste;Salad, carrot and pumpkin, grated;50.4;0.7;10.1;0.2;PORTS:50,PORTM:125,PORTL:150,DL:80
3288;Salaatti, porkkana-lanttu, raaste;Salad, carrot and swede, grated;33.7;0.9;5.7;0.1;PORTS:50,PORTM:125,PORTL:150,DL:50
3289;Salaatti, lanttu-rusina, raaste;Salad, swede and raisin, grated;60.3;1.2;11.3;0.1;PORTS:50,PORTM:125,PORTL:150
3290;Salaatti, lanttu-ananas, raaste;Salad, swede and pineapple, grated;46.4;0.9;9.1;0.1;PORTS:50,PORTM:125,PORTL:150,DL:80
3291;Salaatti, lanttu-appelsiini-rusina, raaste;Salad, swede, orange and raisin, grated;63.0;1.1;12.1;0.1;PORTS:50,PORTM:125,PORTL:150,DL:80
3292;Salaatti, punajuuri-omena;Salad, beetroot and apple;38.1;0.6;7.5;0.1;PORTS:50,PORTM:75,PORTL:100,DL:60
3293;Salaatti, punajuuri-sieni-sipuli;Salad, beetroot, mushrooms and apple;33.0;1.8;4.8;0.3;PORTS:50,PORTM:75,PORTL:100,DL:60
3295;Salaatti, kaali-puolukka;Salad, cabbage and lingonberry;38.7;1.0;6.1;0.3;PORTS:50,PORTM:125,PORTL:150,DL:60
3296;Salaatti, kaali-punajuuri;Salad, cabbage and beetroot;37.9;1.3;6.5;0.1;PORTS:50,PORTM:125,PORTL:150,DL:60
3297;Salaatti, kaali-kurpitsa;Salad, cabbage and pumpkin;45.0;1.1;8.6;0.1;PORTS:50,PORTM:125,PORTL:150,DL:60
3298;Salaatti, kaali-ananas;Salad, cabbage and pineapple;44.0;1.0;8.5;0.1;PORTS:50,PORTM:125,PORTL:150,DL:60
3299;Salaatti, kaali-kurkku-purjo;Salad, cabbage, cucumber and leek;25.1;1.1;3.7;0.1;PORTS:50,PORTM:125,PORTL:150,DL:60
3300;Salaatti, kaali-porkkana-appelsiini;Salad, cabbage, carrot and orange;34.8;0.8;6.0;0.1;PORTS:50,PORTM:125,PORTL:150,DL:70
3301;Salaatti, kaali-omena-maustekurkku;Salad, cabbage, apple and pickled cucumber;32.1;0.9;5.4;0.1;PORTS:50,PORTM:125,PORTL:150,DL:60
3302;Salaatti, kaali-herne-maissi-paprika;Salad, cabbage, pea, sweet corn and sweet pepper;53.5;2.2;8.6;0.4;PORTS:50,PORTM:125,PORTL:150,DL:60
3303;Salaatti, punakaali-ananas;Salad, red cabbage and pineapple;46.6;1.1;9.1;0.1;PORTS:50,PORTM:125,PORTL:150,DL:60
3305;Salaatti, punakaali-puolukka;Salad, red cabbage and lingonberries;36.8;1.2;5.6;0.3;PORTS:50,PORTM:125,PORTL:150,DL:60
3306;Salaatti, punakaali-omena;Salad, red cabbage and apple;32.2;1.1;5.4;0.1;PORTS:50,PORTM:125,PORTL:150,DL:60
3307;Salaatti, lehtisalaatti-kurkku-tomaatti, vihersekasalaatti;Salad, lettuce, cucumber and tomato;16.1;0.7;2.1;0.2;PORTS:50,PORTM:125,PORTL:150,DL:60
3308;Salaatti, tomaatti-sipuli;Salad, tomato and onion;25.4;0.8;4.0;0.2;PORTS:50,PORTM:125,PORTL:150,DL:60
3309;Salaatti, tomaatti-papu-sipuli;Salad, tomato, bean and onion;29.2;1.3;4.2;0.2;PORTS:50,PORTM:125,PORTL:150
3310;Salaatti, kiinankaali-ananas;Salad, chinese cabbage and pineapple;38.2;0.9;7.6;0.1;PORTS:50,PORTM:125,PORTL:150
3311;Salaatti, kiinankaali-sipuli;Salad, chinese cabbage and onion;19.5;1.2;2.7;0.1;PORTS:50,PORTM:125,PORTL:150
3312;Salaatti, kiinankaali-kurkku-tomaatti;Salad, chinese cabbage, cucumber and tomato;16.4;0.8;2.2;0.2;PORTS:50,PORTM:125,PORTL:150
3313;Salaatti, kiinankaali-herne-maissi-paprika;Salad, chinese cabbage, pea, sweet corn and sweet pepper;43.4;2.2;6.6;0.4;PORTS:50,PORTM:125,PORTL:150
3314;Salaatti, raejuusto-herne-maissi-paprika;Salad, cottage cheese, pea, sweet corn and sweet pepper;89.3;9.8;8.3;1.5;PORTS:50,PORTM:125,PORTL:150
3315;Salaatti, kiinankaali-kurkku-tomaatti, ranskalainen kastike;Salad, chinese cabbage, cucumber and tomato, french dressing;56.7;0.7;3.1;4.4;PORTS:50,PORTM:125,PORTL:150,DL:60
3316;Salaatti, lehtisalaatti-kurkku-tomaatti, ranskalainen kastike;Salad, lettuce, cucumber and tomato, french dressing;65.5;0.6;3.2;5.3;PORTS:50,PORTM:125,PORTL:150,DL:60
3318;Salaatti, italiansalaatti, majoneesikastike;Salad, italian salad with mayonnaise;207.6;3.1;6.7;18.7;PORTS:20,PORTM:80,PORTL:170,DL:110,RKL:20
3319;Vihanneskeitto, vesi;Vegetable soup;25.0;0.9;4.7;0.1;PORTS:200,PORTM:350,PORTL:400,DL:100,RKL:15
3320;Salaatti, majoneesisalaatti, majoneesikastike, keskiarvo;Salad, mayonnaise salad, average of industrial products;143.5;1.7;8.0;11.4;PORTS:20,PORTM:80,PORTL:170,DL:90,RKL:15
3321;Pussikeitto, tuotekeskiarvo;Instant soup, average of dry soup mixes;46.8;1.5;5.2;1.9;PORTS:200,PORTM:350,PORTL:400,DL:100,RKL:15
3322;Kasviskastike, tomaattinen;Vegetable gravy with tomato;33.4;0.8;3.0;1.7;PORTS:150,PORTM:200,PORTL:250,DL:100,RKL:15
3323;Pestokastike, yrttikastike;Pesto sauce, herb sauce;472.4;8.0;1.4;48.5;PORTS:15,PORTM:30,PORTL:60,DL:100,RKL:15
3324;Ratatouille, vihanneshöystö, kasvispata, kasvislisäke;Ratatouille, vegetable stew;44.5;0.9;4.0;2.2;PORTS:40,PORTM:100,PORTL:200,DL:100,RKL:15
3325;Pyttipannu, kasvispyttipannu, sienet;Vegetable hash, mushroom, potato;63.1;2.0;7.0;2.5;PORTS:120,PORTM:230,PORTL:300,DL:80
3326;Lasagne, kasvislasagne;Lasagne, vegetable lasagne;114.4;4.5;12.2;4.9;PORTS:220,PORTM:300,PORTL:350,DL:120,RKL:18
3327;Moussaka, jauheliha-munakoisovuoka, sika-nauta;Moussaka, pork beef mince;99.1;4.3;7.6;5.4;PORTS:220,PORTM:300,PORTL:350,DL:100
3328;Kylmä kastike, avokadokastike, guacamole;Avocado sauce, guacamole;159.0;2.2;1.5;15.0;PORTS:30,PORTM:50,PORTL:80
3329;Ateriasalaatti, kreikkalainen, fetajuustosalaatti, öljykastike;Greek salad, feta cheese salad, oil-based dressing;100.5;2.6;1.7;8.9;PORTS:200,PORTM:250,PORTL:300,DL:75
3331;Sipulipiirakka, muropohja;Onion pie, shortcrust pastry;238.6;6.5;14.9;16.7;KPL_S:80,KPL_M:115,KPL_L:150,PORTS:80,PORTM:120,PORTL:160
3332;Feta-pinaattipiirakka, muropohja, kermaviili;Feta and spinach pie, sour cream filling, shortcrust pastry;215.9;6.5;12.3;15.3;KPL_S:80,KPL_M:115,KPL_L:150,PORTS:80,PORTM:120,PORTL:160
3333;Ateriasalaatti, kreikkalainen, fetajuustosalaatti, ei kastiketta;Greek salad without dressing;73.4;2.7;1.7;5.8;PORTS:200,PORTM:250,PORTL:300,DL:75
3334;Herkkusieni, paistettu;Champignon, fried;100.3;2.5;0.4;9.6;PORTS:80,PORTM:150,PORTL:200
3336;Kasviskastike, tomaattinen, papuja, kasviksia;Bean vegetable gravy with tomato;75.4;3.5;8.8;2.3;PORTS:150,PORTM:200,PORTL:250,DL:100,RKL:15
3337;Salaatti, perunasalaatti, majoneesikastike;Salad, potato salad with mayonnaise;163.8;1.6;9.9;12.9;PORTS:20,PORTM:80,PORTL:170,DL:90,RKL:15
3341;Porkkana, keitetty, suolaa;Carrot, boiled, salt;33.2;0.6;5.6;0.2;KPL_M:60,PORTS:40,PORTM:60,PORTL:100,DL:50,RKL:10
3342;Kukkakaali, keitetty, suolaton;Cauliflower, boiled without salt;24.5;2.0;2.4;0.2;KPL_M:400,PORTS:50,PORTM:100,PORTL:150,DL:55
3343;Parsakaali, keitetty, suolaton;Broccoli, boiled without salt;34.8;3.9;1.6;0.5;KPL_M:50,KPL_L:80,PORTS:25,PORTM:50,PORTL:80,DL:55
3344;Ruusukaali, keitetty, suolaton;Brussels sprout, boiled without salt;41.4;3.6;3.9;0.1;KPL_M:15,PORTS:40,PORTM:80,PORTL:125
3345;Sekavihannes, keitetty, suolaton;Mixed vegetables, boiled without salt;27.9;2.3;2.9;0.2;PORTS:50,PORTM:80,PORTL:110,DL:60
3346;Kukkakaali, keitetty, suolaa;Cauliflower, boiled with salt;24.2;2.0;2.3;0.2;KPL_M:400,PORTS:50,PORTM:100,PORTL:150,DL:55
3347;Parsakaali, keitetty, suolaa;Broccoli, boiled, salt;34.5;3.9;1.6;0.5;KPL_M:50,KPL_L:80,PORTS:25,PORTM:50,PORTL:80,DL:55
3348;Salaatti, jäävuorisalaatti, tomaatti, kurkku, ranskalainen kastike;Salad, iceberg lettuce, tomato and cucumber, french dressing;56.2;0.7;2.9;4.4;PORTS:50,PORTM:125,PORTL:150,DL:60
3349;Ruusukaali, keitetty, suolaa;Brussels sprout, boiled, salt;41.0;3.6;3.8;0.1;KPL_M:15,PORTS:40,PORTM:80,PORTL:125
3350;Sekavihannes, keitetty, suolaa;Mixed vegetables, boiled, salt;27.6;2.2;2.9;0.2;PORTS:50,PORTM:80,PORTL:110,DL:60
3351;Punajuuri, keitetty, suolaa;Beetroot, boiled, salt;45.2;1.4;8.1;0.1;KPL_M:80,PORTS:40,PORTM:60,PORTL:100
3352;Porkkana, keitetty, suolaa ja öljyä;Carrot, boiled, salt and oil;44.7;0.6;5.6;1.6;KPL_M:60,PORTS:40,PORTM:60,PORTL:100,DL:50
3355;Juurespatee, porkkana, lanttu, peruna;Root patee, carrot, swede, potato;131.6;4.1;8.8;8.5;PORTS:40,PORTM:80,PORTL:120
3356;Lanttu, keitetty, suolaa;Swede, boiled with salt;35.3;1.1;6.0;0.1;PORTS:40,PORTM:60,PORTL:100,DL:50
3360;Salaatti, salaattipöydän antimet, tavanomainen, keskiarvo;Salad, average mixture;65.7;1.0;6.3;3.6;PORTS:50,PORTM:125,PORTL:150,DL:60
3365;Ateriasalaatti, juustosalaatti, kotijuusto, öljykastike;Farmer's cheese salad, oil-based dressing;115.1;5.0;3.4;8.7;PORTS:200,PORTM:250,PORTL:300,DL:75
3368;Korvasienikeitto, kerma;Creamy false morel soup;116.6;1.5;3.3;10.0;PORTS:200,PORTM:350,PORTL:400,DL:100,RKL:15
3700;Pakastekasvissekoitus, herne-maissi-paprikasekoitus, keitetty;Frozen vegetable mix, pea-sweet corn-sweet pepper, boiled;82.4;3.1;13.1;0.8;PORTS:50,PORTM:80,PORTL:110,DL:60
3701;Hernemuhennos, maito, tuoreet herneet;Pea stew, milk and fresh peas;104.2;5.8;12.2;2.8;PORTS:50,PORTM:100,PORTL:150,DL:100
3703;Hernemuhennos, kuivatut herneet;Pea stew, dried peas;77.6;4.8;7.2;2.1;PORTS:50,PORTM:100,PORTL:150,DL:100,RKL:15
3704;Papumuhennos, maito, tuoreet pavut;Bean stew, milk, fresh beans;71.7;2.9;8.3;2.4;PORTS:40,PORTM:100,PORTL:200,DL:100
3705;Papumuhennos, vesi, kuivatut pavut;Bean stew, water, dried beans;201.9;11.2;24.9;3.9;PORTS:40,PORTM:100,PORTL:200,DL:100
3707;Pähkinämureke/pyörykkä;Nut patty, potato, rice;155.7;3.0;17.0;7.7;PORTS:100,PORTM:120,PORTL:150
3708;Salaatti, kiinankaali-kurkku-tomaatti, kotitekoinen ranskalainen kastike;Salad, chinese cabbage, cucumber and tomato, home-made french dressing;58.3;0.7;3.1;4.6;PORTS:50,PORTM:125,PORTL:150,DL:60
3709;Salaatti, lehtisalaatti-kurkku-tomaatti, kotitekoinen ranskalainen kastike;Salad, lettuce, cucumber and tomato, home-made french dressing;58.1;0.6;3.0;4.6;PORTS:50,PORTM:125,PORTL:150,DL:60
3710;Soijapapu, keitetty, suolaton;Soya beans, boiled without salt;168.4;16.1;4.6;8.0;PORTS:60,PORTM:75,PORTL:90,DL:75
3711;Linssikeitto;Lentil soup;70.8;4.0;8.5;1.8;PORTS:200,PORTM:350,PORTL:400,DL:100,RKL:15
3712;Papu-kesäkurpitsakeitto;Bean and zucchini soup;49.2;1.8;3.4;2.8;PORTS:200,PORTM:350,PORTL:400,DL:100,RKL:15
3713;Papupata;Bean stew;146.4;9.2;15.5;3.3;PORTS:200,PORTM:300,PORTL:400,DL:110
3714;Soijapihvi, paistettu;Soya bean patty, fried;166.7;7.7;9.9;9.8;PORTS:100,PORTM:150,PORTL:225
3716;Korvasieni, keitetty, suolaton;False morel, boiled;28.1;2.4;0.6;0.9;PORTS:80,PORTM:150,PORTL:200
3717;Kasvis-sienipiirakka, juustokuorrute, voitaikinapohja;Vegetable-mushroom pie, gratinated with cheese, butter dough;264.5;6.6;14.3;19.8;KPL_S:80,KPL_M:115,KPL_L:150,PORTS:80,PORTM:120,PORTL:160
3799;Kesäkurpitsa, täytetty, kasviksia, herkkusieniä;Zucchini filled with vegetables;84.5;4.0;2.8;6.0;PORTS:100,PORTM:150,PORTL:300
3800;Kesäkurpitsa, täytetty, jauheliha, paprika, tomaatti;Zucchini filled with minced meat;91.5;4.3;3.3;6.5;PORTS:100,PORTM:150,PORTL:300
3801;Munakoiso, täytetty, sieni, paprika, tomaatti;Aubergine filled with mushrooms;36.0;1.8;3.1;1.2;PORTS:100,PORTM:150,PORTL:300
4000;Kiisseli, omenakeitto, tuoreet omenat;Apple kissel, apple soup, fresh apples;33.8;0.1;7.7;0.0;PORTS:100,PORTM:150,PORTL:200,DL:100,RKL:15
4001;Kiisseli, omenakeitto, kuivatut omenat;Apple kissel, apple soup, dried apples;61.7;0.1;14.2;0.0;PORTS:100,PORTM:150,PORTL:200,DL:100,RKL:15
4002;Omena-kaurahiutalepaistos;Apple crisp delight, apple, oat flakes;155.4;1.7;19.7;7.2;PORTS:80,PORTM:120,PORTL:160,DL:100
4005;Kiisseli, luumukeitto;Prune kissel, prune soup;88.2;1.4;17.5;0.3;PORTS:100,PORTM:150,PORTL:200,DL:100,RKL:15
4006;Kiisseli, luumu-riisikeitto;Prune rice kissel, prune rice soup;75.3;0.6;16.7;0.1;PORTS:100,PORTM:150,PORTL:200,DL:100,RKL:15
4007;Luumukohokas;Prune souffle;123.8;4.8;22.1;0.7;PORTS:40,PORTM:80,PORTL:120
4008;Kiisseli, aprikoosikeitto;Apricot kissel, apricot soup;70.7;0.6;16.1;0.1;PORTS:100,PORTM:150,PORTL:200,DL:100,RKL:15
4009;Kiisseli, ruusunmarjakeitto;Rose hip kissel, rose hip soup;86.2;0.1;20.8;0.0;PORTS:100,PORTM:150,PORTL:200,DL:100,RKL:15
4010;Kiisseli, appelsiinikeitto;Orange kissel, orange soup;50.5;0.2;11.7;0.0;PORTS:100,PORTM:150,PORTL:200,DL:100,RKL:15
4011;Appelsiiniriisi;Orange rice dessert;108.9;1.1;13.0;5.4;PORTS:100,PORTM:150,PORTL:200
4012;Kiisseli, sekahedelmäkeitto;Mixed fruit kissel, mixed fruit soup;57.7;0.5;12.7;0.1;PORTS:100,PORTM:150,PORTL:200,DL:100,RKL:15
4013;Kiisseli, sekahedelmäkeitto, sokeriton;Mixed fruit kissel, mixed fruit soup, without sugar;42.4;0.5;8.9;0.1;PORTS:100,PORTM:150,PORTL:200,DL:100,RKL:15
4014;Kiisseli, rusinakeitto;Raisin kissel, raisin soup;104.9;0.5;23.3;0.1;PORTS:100,PORTM:150,PORTL:200,DL:100,RKL:15
4015;Hedelmäsalaatti, appelsiini, banaani, omena, viinirypäle;Fruit salad, orange, banana, apple, grape;51.0;0.5;10.7;0.2;PORTS:80,PORTM:140,PORTL:250,DL:70
4016;Hedelmäsalaatti, appelsiini, banaani, omena, persikka;Fruit salad, orange, banana, apple, peach;56.7;0.5;12.2;0.2;PORTS:80,PORTM:140,PORTL:250,DL:70
4017;Hedelmäsalaatti, sokeriton, appelsiini, banaani, omena, viinirypäle;Fruit salad, unsweetened, orange, banana, apple, grape;45.8;0.5;9.4;0.2;PORTS:80,PORTM:140,PORTL:250,DL:70
4018;Hedelmähyytelö, hyytelösokeri;Fruit jelly;82.8;0.5;18.6;0.2;PORTS:80,PORTM:150,PORTL:250,DL:100,RKL:15
4019;Banaani, friteerattu, uppopaistettu;Banana, deep-fried;200.4;3.5;21.3;10.8;PORTS:80,PORTM:120,PORTL:160
4400;Kiisseli, puolukkakeitto;Lingonberry kissel, lingonberry soup;55.3;0.1;12.5;0.2;PORTS:100,PORTM:150,PORTL:200,DL:100,RKL:15
4401;Puolukkasurvos, sokeroitu;Lingonberry, mashed, sugar;143.4;0.4;31.6;0.5;PORTS:17,PORTM:40,PORTL:80,DL:100,RKL:15,TL:5
4402;Kiisseli, karpalokeitto;Cranberry kissel, cranberry soup;72.4;0.1;17.1;0.0;PORTS:100,PORTM:150,PORTL:200,DL:100,RKL:15
4403;Mustikkasurvos, tuore, sokeroitu;Blueberry puree, sweetened;98.9;0.7;19.2;1.0;PORTS:17,PORTM:40,PORTL:80,DL:100,RKL:15,TL:5
4404;Kiisseli, mustikkakeitto;Bilberry kissel, bilberry soup;57.3;0.2;12.8;0.2;PORTS:100,PORTM:150,PORTL:200,DL:100,RKL:15
4405;Kiisseli, mustaherukkakeitto;Blackcurrant kissel, blackcurrant soup;59.5;0.3;12.7;0.2;PORTS:100,PORTM:150,PORTL:200,DL:100,RKL:15
4406;Kiisseli, punaherukkakeitto;Redcurrant kissel, redcurrant soup;55.5;0.3;12.2;0.1;PORTS:100,PORTM:150,PORTL:200,DL:100,RKL:15
4407;Mansikkasurvos tuore, sokeroitu;Strawberry puree, sweetened;80.8;0.5;16.9;0.3;PORTS:17,PORTM:40,PORTL:80,DL:100,RKL:15,TL:5
4408;Vadelmasurvos, tuore, sokeroitu;Raspberry puree, sugar;83.4;0.9;15.1;0.7;PORTS:17,PORTM:40,PORTL:80,DL:100,RKL:15,TL:5
4409;Mehuhyytelö;Juice jelly;86.6;3.2;17.6;0.2;PORTS:80,PORTM:150,PORTL:250,DL:100,RKL:15
4410;Kiisseli, marjakeitto;Berry kissel, berry soup;54.2;0.2;12.1;0.1;PORTS:100,PORTM:150,PORTL:200,DL:100,RKL:15
4411;Kiisseli, marjakeitto, sokeriton;Berry kissel, berry soup, without sugar;30.0;0.2;6.0;0.1;PORTS:100,PORTM:150,PORTL:200,DL:100,RKL:15
4412;Marjavaahto, marjat, kerma, muna;Berry mousse, cream, eggs;146.1;2.3;9.1;10.4;PORTS:80,PORTM:150,PORTL:250
4413;Sorbetti, marjasorbetti, kotitekoinen;Berry sorbet, home-made;53.4;1.9;9.5;0.2;PORTS:30,PORTM:65,PORTL:125,DL:70
4415;Marjatalkkuna;Berries with talkkuna powder;125.3;2.5;22.0;1.4;PORTS:80,PORTM:140,PORTL:250
4416;Kiisseli, marjakeitto, fruktoosilla makeutettu;Berry kissel, berry soup, sweetened with fructose;29.4;0.2;5.8;0.2;PORTS:100,PORTM:150,PORTL:200,DL:100,RKL:15
4419;Sorbetti, vadelmasorbetti, kotitekoinen;Raspberry sorbet, home-made;84.9;0.4;18.3;0.3;PORTS:30,PORTM:65,PORTL:125,DL:70
4420;Marjahyytelö, marjat, hyytelösokeri;Berry jelly, jam sugar;75.4;0.6;15.1;0.4;PORTS:80,PORTM:150,PORTL:250,DL:100
4421;Puolukkasurvos, sokeriton;Lingonberry, mashed, without sugar;55.9;0.5;8.9;0.7;PORTS:17,PORTM:40,PORTL:80,DL:100,RKL:15,TL:5
5000;Salaatinkastike, ranskalainen, ravintolakastike, öljy, keltuainen, sokeri, suola;Salad dressing, french dressing, restaurants, oil, egg yolk, sugar, salt;775.4;1.3;9.1;82.9;PORTS:10,PORTM:25,PORTL:40,DL:95,RKL:14,TL:4.5
5001;Majoneesi, kotitekoinen;Mayonnaise, home-made;746.2;1.6;0.3;83.4;PORTS:10,PORTM:25,PORTL:40,DL:95,RKL:15
5002;Tillikastike, valkoviiniä;White wine and dill sauce;107.4;1.7;8.5;4.3;PORTS:50,PORTM:100,PORTL:150,DL:100,RKL:15
5003;Salaatinkastike, ranskalainen, kotitekoinen, öljy, mehu, sokeri ja suola;Salad dressing, french dressing, oil, juice, sugar, salt, home-made;435.5;0.1;11.1;44.1;PORTS:10,PORTM:25,PORTL:40,DL:95,RKL:14,TL:4.5
5004;Salaatinkastike, sinappinen, öljy, mehu, etikka;Salad dressing, mustard, oil, juice, vinegar;304.0;0.8;5.3;30.9;PORTS:10,PORTM:25,PORTL:40,DL:95,RKL:14,TL:4.5
5005;Salaatinkastike, ranskalainen, öljy ja etikka;Salad dressing, french dressing, oil, vinegar;667.7;0.0;0.1;74.9;PORTS:10,PORTM:25,PORTL:40,DL:95,RKL:14,TL:4.5
5006;Kylmä kastike, tartarkastike, majoneesipohjainen;Tartar sauce;528.8;1.4;3.0;57.6;PORTS:20,PORTM:40,PORTL:100,DL:100,RKL:15
5007;Voileipäpikkelssi;Sandwich relish;496.4;1.9;4.0;54.2;PORTS:10,PORTM:25,PORTL:40,DL:120,RKL:18
5008;Maustekastike, grillauskastike;Barbeque sauce;571.9;1.0;2.8;62.2;PORTS:5,PORTM:15,PORTL:30,DL:100,RKL:15,TL:5
5009;Bearnaisekastike;Bearnaise sauce;407.2;3.2;1.1;42.3;PORTS:50,PORTM:100,PORTL:150,DL:90,RKL:13.5
5010;Maustekastike, etikkainen, säilöntäliemi;Sauce with vinegar and seasoning, preservation liquid;123.0;0.0;28.2;0.0;PORTS:5,PORTM:15,PORTL:30,DL:100,RKL:15,TL:5
5900;Ruoanvalmistusrasva, keskiarvo;Cooking fat, average;788.0;0.2;0.2;88.9;PORTS:3,PORTM:6,PORTL:10,DL:95,RKL:14,TL:4.5
5901;Pulla- ja piirakkarasva, voita 50 %, margariinia 50 %;Fat used in baking, butter 50%, margarine 50%;718.6;0.8;0.6;80.7;PORTS:3,PORTM:6,PORTL:10
5904;Voitaikinarasva;Fat used in butter dough;717.2;0.6;0.4;80.7;PORTS:3,PORTM:6,PORTL:10
5905;Pikkuleipärasva, 75 % voita, 25 % leipomoteollisuusmargariinia;Fat used in cookies, butter and margarine, for baking industry;722.1;0.9;0.6;81.0;PORTS:3,PORTM:6,PORTL:10
5906;Leipärasva, leivontaan;Fat used in bread and pizza;708.8;0.3;0.0;80.0;PORTS:3,PORTM:6,PORTL:10
5907;(arc) teollisuusuppopaistorasva;(arc)oil for deep fat frying, industrial;884.3;0.0;0.0;100.0;PORTS:3,PORTM:6,PORTL:10
5917;Yrttilevite, tuorejuusto, margariini, valkosipuli;Herb spread, cream cheese, margarine, garlic;379.8;2.4;2.9;40.1;PORTS:7,PORTM:15,PORTL:25,DL:100,RKL:15
6000;Kiisseli, maitokiisseli, kevytmaito, kananmuna;Milk custard, low-fat, egg;90.9;3.8;13.6;2.2;PORTS:100,PORTM:150,PORTL:200,DL:100,RKL:15
6001;Kiisseli, maitokiisseli, kevytmaito, sokeriton;Milk custard, low-fat, without sugar;74.3;3.9;9.7;2.1;PORTS:100,PORTM:150,PORTL:200,DL:100,RKL:15
6002;Kiisseli, suklaakiisseli, kevytmaito;Chocolate soup, low-fat milk;93.3;3.2;14.9;2.0;PORTS:100,PORTM:150,PORTL:200,DL:100,RKL:15
6003;Kiisseli, suklaakiisseli, sokeriton;Chocolate soup, without sugar;79.5;3.8;10.2;2.3;PORTS:100,PORTM:150,PORTL:200,DL:100,RKL:15
6004;Kiisseli, maissikiisseli;Maize custard;93.4;4.3;13.1;2.5;PORTS:100,PORTM:150,PORTL:200,DL:100,RKL:15
6006;Kermavaahto, sokeroitu, kotitekoinen;Whipped cream, sweetened;334.9;1.9;9.1;32.8;PORTS:10,PORTM:25,PORTL:50,DL:50,RKL:7
6007;Kaakaojuoma, sokeroitu, kevytmaito;Cocoa, hot chocolate, low-fat milk, sweetened;56.2;3.1;7.0;1.6;PORTS:170,PORTM:250,PORTL:450,DL:100,RKL:15,TL:5
6008;Kaakaojuoma, sokeriton, kevytmaito;Cocoa, hot chocolate, low-fat milk, unsweetened;55.3;3.5;5.0;2.1;PORTS:170,PORTM:250,PORTL:450,DL:100,RKL:15,TL:5
6009;Marjamaito;Berry milk;68.5;2.3;11.1;1.2;PORTS:80,PORTM:140,PORTL:250
6010;Pirtelö, marjapirtelö, kevytmaito, kermajäätelö;Berry milkshake, low-fat milk, ice cream;57.4;2.8;6.2;2.1;PORTS:250,PORTM:400,PORTL:500,DL:100,RKL:15,TL:5
6011;Pirtelö, banaanipirtelö, kevytmaito, kermajäätelö;Banana milkshake, low-fat milk, ice cream;62.7;2.8;7.8;2.1;PORTS:250,PORTM:400,PORTL:500,DL:100,RKL:15,TL:5
6012;Pirtelö, mokka-/suklaapirtelö, kevytmaito, kermajäätelö;Mocca/chocolate milkshake, low-fat milk, ice cream;61.9;3.3;6.0;2.6;PORTS:250,PORTM:400,PORTL:500,DL:100,RKL:15,TL:5
6015;Rahka, marjarahka, kuohukermaa, kotitekoinen;Quark, berry quark, dessert quark, cream, home-made;172.4;4.0;16.8;9.4;PORTS:125,PORTM:180,PORTL:250,DL:100,RKL:15
6016;Rahka, hedelmärahka, kuohukermaa, kotitekoinen;Quark, fruit quark, dessert quark, cream, home-made;153.9;3.9;13.6;9.1;PORTS:125,PORTM:180,PORTL:250,DL:100,RKL:15
6017;Pasha;Pasha, pascha;350.4;5.2;22.7;26.4;PORTS:100,PORTM:150,PORTL:200
6018;Vanukas, vaniljavanukas, kermavanukas, kotitekoinen;Pudding, vanilla pudding, cream, home-made;213.1;5.1;17.9;13.5;PORTS:100,PORTM:150,PORTL:200,DL:100,RKL:15,TL:5
6019;Vanukas, suklaavanukas, kermavanukas, kotitekoinen;Pudding, chocolate pudding, cream, home-made;216.5;5.4;17.7;13.7;PORTS:100,PORTM:150,PORTL:200,DL:100,RKL:15,TL:5
6022;Luumu-kermahyytelö;Prune cream jelly;226.9;2.3;20.6;14.5;PORTS:100,PORTM:150,PORTL:200,DL:100,RKL:15
6023;Sitruunavaahto, kerma, muna, sitruuna, sokeri, liivate;Lemon mousse, cream, egg, lemon, sugar, gelatin;259.3;5.2;10.9;21.7;PORTS:80,PORTM:100,PORTL:200
6024;Vanukas, suklaavaahto;Pudding, chocolate mousse;291.7;5.5;10.2;25.5;PORTS:100,PORTM:150,PORTL:200
6025;Salaatinkastike, kermakastike;Salad dressing, creamy;318.5;2.1;7.1;31.7;PORTS:10,PORTM:25,PORTL:40,DL:95,RKL:14,TL:4.5
6026;Juusto, uunijuusto, rasvaa 3,5 %, ternimaidosta;Cheese, oven cheese, 3.5% fat, made with colostrum;70.3;4.9;4.9;3.4;PORTS:20,PORTM:40,PORTL:80,DL:100,RKL:15
6027;Juustokeitto, kasvisliemi, juusto, vehnäjauho;Cheese soup, vegetable bouillon, wheat flour;89.3;4.6;2.3;6.9;PORTS:100,PORTM:150,PORTL:200,DL:100,RKL:15,TL:5
6028;Juustokohokas, kevytmaito, vehnäjauho, muna;Cheese souffle, low-fat milk;201.9;12.6;5.8;14.3;PORTS:40,PORTM:80,PORTL:130,DL:80
6037;Kylmä kastike, kermaviilikastike;Sour cream sauce;150.6;2.4;9.9;11.1;PORTS:20,PORTM:35,PORTL:50,DL:100,RKL:15,TL:5
6040;Sinihomejuustokastike, rasva-jauhosuurus;Blue cheese sauce, thickened with flour and fat;199.8;7.6;5.7;16.1;PORTS:100,PORTM:125,PORTL:150,DL:100,RKL:15
6041;Ateriasalaatti, juustosalaatti, kermaviilikastike;Cheese salad, sour cream dressing;112.4;6.9;2.1;8.3;PORTS:200,PORTM:250,PORTL:300,DL:75
6042;Juustopiirakka, muropohja, sinihomejuusto;Cheese pie, blue cheese, shortcrust pastry;486.7;10.6;23.4;39.1;KPL_S:80,KPL_M:115,KPL_L:150,PORTS:80,PORTM:120,PORTL:160
6043;Kermavaahto, sokeroitu, vl;Whipped cream, sweetened, low-lactose;365.4;1.8;8.8;35.6;PORTS:10,PORTM:25,PORTL:50,DL:50,RKL:7
6045;Kylmä kastike, kermaviilikastike, sinappinen;Sour cream sauce with mustard;129.2;2.8;4.5;10.9;PORTS:40,PORTM:100,PORTL:200,DL:100,RKL:15,TL:5
6048;Kylmä kastike, tsatsiki, kreikkalainen jogurttikastike;Tzatziki, greek yoghurt sauce;43.6;1.8;3.0;2.4;PORTS:40,PORTM:100,PORTL:200,DL:100,RKL:15
6050;Kuorrutuskastike, maito ja juusto, esim. kasviksille;Gratinating sauce for vegetables, prepared with milk and cheese;208.7;10.3;9.5;14.4;PORTS:100,PORTM:150,PORTL:200,DL:100,RKL:15,TL:5
6051;Kaakaojuoma, kylmä, kevytmaito, sokeroitu;Chocolate milk, cold, low-fat milk, sweetened;56.2;3.1;7.0;1.6;PORTS:170,PORTM:250,PORTL:450,DL:100,RKL:15,TL:5
7000;Sianliha, keitetty, suolaa;Pork, boiled, salt;275.8;26.7;0.0;18.9;PORTS:100,PORTM:120,PORTL:150
7001;Pekoni, paistettu;Bacon, fried;471.5;19.4;0.0;44.4;KPL_M:17,PORTS:40,PORTM:75,PORTL:150
7003;Siankinkku, rasvoineen, uunissa;Ham, fatty, oven-baked;304.6;26.5;0.0;22.3;KPL_M:35,PORTS:80,PORTM:100,PORTL:200
7005;Sianpotka/sorkka, haudutettu;Pork knuckle, ham hock, simmered;207.2;23.4;0.0;12.7;PORTS:100,PORTM:120,PORTL:150
7006;Sianpaisti, tirripaisti, sianlapa, uunissa;Pork shoulder, oven-baked;303.3;26.5;0.0;22.1;PORTS:100,PORTM:120,PORTL:150
7007;Porsaankyljys, leivitetty, paistettu;Pork chop, breaded, stekt;345.1;18.6;10.8;25.4;PORTS:100,PORTM:125,PORTL:175
7008;Porsaankyljys, grillattu;Pork chop, grilled;356.3;25.4;0.0;28.6;PORTS:100,PORTM:125,PORTL:175
7009;Lihakastike, ruskea kastike, siankylki, ei rasvaa;Pork gravy, pork ribs, no added fat;185.1;8.1;2.4;16.1;PORTS:150,PORTM:200,PORTL:250
7010;Hernekeitto, keskirasvainen sianliha;Pea soup with pork;81.0;7.0;5.5;2.5;PORTS:200,PORTM:350,PORTL:400,DL:100
7012;Pannukakku, silavapannukakku;Oven-baked pork fat pancake;193.9;8.6;15.4;10.7;PORTS:85,PORTM:170,PORTL:250
7013;Minestronekeitto;Minestrone soup;39.7;2.2;5.2;0.8;PORTS:200,PORTM:350,PORTL:400,DL:100,RKL:15
7015;Jauheliha, sika-nauta, paistettu;Pork beef mince, fried;357.1;23.0;0.0;29.8;PORTS:60,PORTM:100,PORTL:170,DL:75
7016;Jauhelihakastike, ruskea kastike, sika-nauta, rasvaa;Pork beef mince gravy;167.8;9.7;2.1;13.5;PORTS:100,PORTM:180,PORTL:250,DL:100,RKL:15,TL:5
7017;Jauhelihakastike, ruskea kastike, naudanpaisti, rasvaa;Beef steak mince gravy;109.8;11.1;2.1;6.3;PORTS:100,PORTM:180,PORTL:250,DL:100,RKL:15,TL:5
7021;Jauhelihakastike, tomaattipyree, sika-nauta, suurustettu;Bolognese, pork beef mince, tomato purée, thickened;178.3;10.4;2.9;13.9;PORTS:100,PORTM:180,PORTL:250,DL:100,RKL:15,TL:5
7022;Lihapulla, sika-nauta, paistettu;Meatball, pork-beef mince, fried;295.3;16.6;6.2;22.8;KPL_S:20,KPL_M:30,KPL_L:40,PORTS:90,PORTM:120,PORTL:150
7023;Lihapulla, sika-nauta, keitetty;Meatball, pork-beef mince, boiled;271.0;17.4;6.5;19.6;KPL_S:20,KPL_M:30,KPL_L:40,PORTS:90,PORTM:120,PORTL:150
7024;Lihapulla, sika-nauta, uunissa;Meatball, pork-beef mince, oven-baked;271.0;17.4;6.5;19.6;KPL_S:20,KPL_M:30,KPL_L:40,PORTS:90,PORTM:120,PORTL:150
7025;Lihapulla, naudanpaisti, paistettu;Meatball, beef steak mince, fried;205.1;18.3;6.4;11.8;KPL_S:20,KPL_M:30,KPL_L:40,PORTS:90,PORTM:120,PORTL:150
7026;Lihapulla, hirvenliha, paistettu;Meatball, minced elk, fried;201.4;18.0;6.6;11.2;PORTS:90,PORTM:120,PORTL:150
7027;Lihapulla, poronliha, paistettu;Meatball, minced reindeer, fried;242.5;16.4;8.1;15.8;KPL_S:20,KPL_M:30,KPL_L:40,PORTS:90,PORTM:120,PORTL:150
7029;Jauhelihapihvi, sika-nauta, munaton, paistettu;Pork beef mince patty, no eggs, fried;340.3;19.1;0.0;29.7;KPL_M:65,PORTS:100,PORTM:150,PORTL:200
7031;Lihamureke, luumutäyte, sika-nauta;Meatloaf, pork-beef, prune filling;260.2;14.8;11.9;16.6;KPL_M:50,PORTS:100,PORTM:120,PORTL:150
7033;Lihamureke, sekavihannestäyte, sika-nauta, kerma;Meatloaf with vegetables, pork-beef, cream;247.8;14.2;6.4;18.2;KPL_M:50,PORTS:100,PORTM:120,PORTL:150
7034;Poronlihamureke;Reindeer meatloaf;183.1;16.5;8.1;9.0;PORTS:100,PORTM:120,PORTL:150
7035;Jauhelihakeitto, sika-nauta;Pork beef mince soup;70.8;3.8;3.7;4.3;PORTS:200,PORTM:350,PORTL:400,DL:100,RKL:15
7036;Kaalipata, jauheliha, sika-nauta, peruna;Cabbage stew with potato and pork beef mince;74.8;3.4;5.9;3.8;PORTS:250,PORTM:300,PORTL:350,DL:100,RKL:15
7037;Kaalipata, jauheliha, sika-nauta, riisi;Cabbage stew with rice and pork beef mince;100.8;4.6;6.0;6.2;PORTS:250,PORTM:300,PORTL:350,DL:100,RKL:15
7038;Jauheliha-kasvispata, sika-nauta;Pork beef mince and vegetable stew;142.3;7.8;7.1;9.0;PORTS:100,PORTM:180,PORTL:250,DL:100,RKL:15
7039;Jauheliha-makaronimuhennos, sika-nauta;Macaroni stew with pork beef mince;141.2;6.8;12.6;6.9;PORTS:250,PORTM:300,PORTL:350
7040;Risotto, jauheliha-kasvisrisotto, sika-nauta;Risotto, pork beef mince and vegetable risotto;122.4;5.0;13.7;5.0;PORTS:300,PORTM:350,PORTL:400
7041;Perunalaatikko, jauheliha-perunalaatikko, sika-nauta, maito;Minced meat and potato casserole, pork beef mince, milk;124.6;6.9;9.5;6.3;PORTS:250,PORTM:300,PORTL:350
7042;Perunalaatikko, jauheliha-perunalaatikko, naudanpaisti, maito;Minced meat and potato casserole, lean steak mince, milk;104.5;7.7;9.6;3.6;PORTS:250,PORTM:300,PORTL:350
7043;Perunalaatikko, liha-perunasoselaatikko, sika-nautajauheliha, kevytmaito;Pork beef mince and mashed potato casserole, low-fat milk;123.8;6.1;10.6;6.0;PORTS:200,PORTM:300,PORTL:400
7044;Makaronilaatikko, liha-makaronilaatikko, sika-nauta, kevytmaito;Macaroni and pork beef mince casserole, low-fat milk;122.6;7.3;8.9;6.3;PORTS:250,PORTM:300,PORTL:350
7045;Makaronilaatikko, liha-makaronilaatikko, naudanpaisti, kevytmaito;Macaroni and beef steak mince casserole, low-fat milk;103.0;8.1;9.0;3.7;PORTS:250,PORTM:300,PORTL:350
7047;Kaalilaatikko, sika-nauta, kevytmaito;Cabbage casserole, pork beef mince, low-fat milk;136.3;6.3;13.0;6.1;PORTS:250,PORTM:300,PORTL:350
7048;Kaalilaatikko, naudanpaisti, kevytmaito;Cabbage casserole, beef steak mince, low-fat milk;112.2;7.2;13.2;2.9;PORTS:250,PORTM:300,PORTL:350
7049;Kaalilaatikko, sika-nauta, porkkana, lihaliemi;Cabbage, carrot and pork beef mince casserole, beef stock;107.3;4.3;4.4;7.7;PORTS:250,PORTM:300,PORTL:350
7050;Kaalilaatikko, naudanpaisti, porkkana, lihaliemi;Cabbage, carrot and lean steak mince casserole, beef stock;88.3;5.0;4.4;5.2;PORTS:250,PORTM:300,PORTL:350
7051;Kaalikääryle, sika-nauta;Stuffed cabbage rolls, pork beef mince;173.8;6.0;8.4;12.4;KPL_M:115,PORTS:110,PORTM:225,PORTL:330
7053;Sipuli, täytetty, riisi, sika-nautajauheliha;Onion stuffed with rice and pork beef mince;121.6;5.0;10.7;6.3;PORTS:100,PORTM:150,PORTL:300
7054;Paprika, täytetty, riisi, jauheliha, sipuli;Stuffed sweet peppers, filled with rice, onion and minced meat;109.5;4.4;9.8;5.6;PORTS:100,PORTM:150,PORTL:300
7055;Ohukainen, jauhelihatäyte, sika-nauta, kevytmaito;Crepes filled with pork beef mince, low-fat milk;198.2;9.1;13.4;11.8;KPL_M:210,PORTS:100,PORTM:200,PORTL:300
7058;Munakas, jauhelihamunakas, sika-nauta;Omelette, pork beef mince omelette;206.7;13.9;0.7;16.6;PORTS:100,PORTM:200,PORTL:300
7059;Pasta, täytepasta, ravioli, jauhelihatäyte, keitetty;Ravioli with minced meat filling, boiled;224.5;8.4;26.5;9.0;KPL_M:9,PORTS:135,PORTM:175,PORTL:200,DL:80
7060;Liha-riisipasteija;Meat and rice pasty;354.5;8.3;27.9;23.2;KPL_M:75,PORTS:40,PORTM:80,PORTL:130
7063;Lihapata, jauheliha, lihaliemi, kasviksia;Minced meat stew with vegetables;143.9;7.5;3.2;11.1;PORTS:200,PORTM:300,PORTL:400,DL:100,RKL:15
7065;Lasagne, sika-nauta;Lasagne, pork beef mince;167.1;8.4;13.2;8.7;PORTS:220,PORTM:300,PORTL:350,DL:120,RKL:18
7067;Lihakastike, ruskea kastike, sianlapa, ei rasvaa;Pork gravy, pork shoulder, no added fat;123.9;10.2;2.4;8.2;PORTS:150,PORTM:200,PORTL:250
7068;Perunalaatikko, liha-perunalaatikko, sianliha, kevytmaito;Pork and potato casserole, low-fat milk;122.2;7.6;8.9;6.0;PORTS:250,PORTM:300,PORTL:350
7069;Jauhelihapihvi, sika-nauta, paistettu;Pork beef mince patty, fried;278.1;14.4;5.4;22.3;KPL_M:65,PORTS:100,PORTM:150,PORTL:200
7070;Hampurilainen, kerroshampurilainen;Double hamburger;274.7;15.0;13.2;18.6;KPL_S:175,KPL_M:250,KPL_L:395,PORTS:175,PORTM:250,PORTL:395
7071;Hampurilainen, kanahampurilainen, vehnäsämpylä;Chicken burger, wheat roll;263.2;8.9;20.5;16.8;KPL_M:200,PORTS:100,PORTM:200,PORTL:300
7072;Hampurilainen, kalahampurilainen;Fish burger;306.4;12.8;18.9;20.6;KPL_M:120,PORTS:60,PORTM:120,PORTL:240
7073;Canneloni, tonnikalatäyte;Canneloni, tuna filling;128.8;10.8;11.7;4.1;PORTS:220,PORTM:300,PORTL:350
7074;Canneloni, sika-nautajauhelihatäyte;Canneloni, pork beef mince filling;133.9;6.8;10.9;6.9;PORTS:220,PORTM:300,PORTL:350
7075;Makaronilaatikko, liha-makaronilaatikko, sika-nauta, kevytmaito, tumma makaroni;Macaroni and pork beef mince casserole, low-fat milk, whole wheat macaroni;124.3;7.4;8.9;6.4;PORTS:250,PORTM:300,PORTL:350
7076;Siankinkku, rasvaton, uunissa;Ham, lean, oven-baked;170.6;29.4;0.0;5.8;KPL_M:35,PORTS:80,PORTM:100,PORTL:200
7078;Jauhelihakeitto, naudanpaisti;Beef steak mince soup;53.9;4.6;3.9;2.0;PORTS:200,PORTM:350,PORTL:400,DL:100,RKL:15,TL:5
7080;Lihapulla, naudanpaisti, kermaa, uunissa;Meatball, beef steak mince, cream, oven-baked;192.0;18.5;6.4;10.1;KPL_S:20,KPL_M:30,KPL_L:40,PORTS:90,PORTM:120,PORTL:150
7081;Lihapulla, sieni-lihapulla, naudanpaisti, paistettu;Meatball, beef steak mince, mushrooms, fried;185.8;12.3;7.7;11.4;KPL_S:20,KPL_M:30,KPL_L:40,PORTS:90,PORTM:120,PORTL:150
7082;Jauhelihakastike, tomaattipyree, naudanpaisti, suurustettu;Bolognese, beef steak mince, tomato purée, thickened;118.3;11.8;2.9;6.5;PORTS:100,PORTM:180,PORTL:250,DL:100,RKL:15,TL:5
7083;Porsaanpaisti, vähärasvainen;Pork roast, low-fat;161.3;27.8;0.0;5.5;PORTS:100,PORTM:120,PORTL:150
7084;Porsaanleike, leivitetty, paistettu;Pork schnitzel, breaded, fried;233.7;21.4;11.6;11.1;PORTS:150,PORTM:175,PORTL:195
7085;Naudanlihapihvi, paistettu;Beef steak, fried;199.3;28.9;0.0;9.3;PORTS:120,PORTM:150,PORTL:200
7086;Jauheliha, naudanpaisti, rasvaa 9 %, paistettu ilman rasvaa;Lean steak mince, 9% fat, fried without fat;207.6;26.6;0.0;11.3;PORTS:60,PORTM:100,PORTL:170,DL:75
7087;Sian lämminsavukylki, rasvainen;Pork flank, smoked, fatty;440.1;19.5;0.0;40.8;PORTS:100,PORTM:125,PORTL:175
7088;Jauhelihakastike, ruskea kastike, naudanliha 17 %, ei rasvaa;Beef mince gravy, no added fat;134.4;10.7;2.2;9.2;PORTS:100,PORTM:180,PORTL:250,DL:100,RKL:15
7089;Lihapulla, naudanliha, uunissa;Meatball, beef mince, oven-baked;239.4;18.6;6.5;15.4;KPL_S:20,KPL_M:30,KPL_L:40,PORTS:90,PORTM:120,PORTL:150
7090;Kasslerpaisti, uunissa;Pork, kassler steak, oven-baked;289.0;25.3;0.0;21.1;PORTS:100,PORTM:120,PORTL:150
7091;Jauhelihakeitto, naudanliha;Beef mince soup;60.3;3.9;4.0;3.0;PORTS:200,PORTM:350,PORTL:400,DL:100,RKL:15
7092;Makaronilaatikko, liha-makaronilaatikko, naudanliha, kevytmaito;Macaroni and beef mince casserole, low-fat milk;114.9;7.6;8.9;5.3;PORTS:250,PORTM:300,PORTL:350
7093;Lasagne, naudanliha;Lasagne, beef mince;174.0;9.4;14.3;8.5;PORTS:220,PORTM:300,PORTL:350
7094;Porsaankyljys, silavaton, paistettu;Pork chop, without lard, fried;265.5;30.8;0.0;15.9;PORTS:100,PORTM:125,PORTL:175
7095;Porsaanfilee, sisäfilee, uunissa;Pork fillet, tenderloin, oven-baked;167.4;28.1;0.0;6.0;PORTS:100,PORTM:120,PORTL:150
7096;Porsaankyljys, silavaton, grillattu;Pork chop, without lard, grilled;282.6;29.6;0.1;18.3;PORTS:100,PORTM:125,PORTL:175
7097;Lihapiirakka, sisältää soijaa;Deep-fried meat pasty, includes soya flour;358.3;9.9;26.2;23.6;KPL_S:90,KPL_M:120,KPL_L:150,PORTS:50,PORTM:100,PORTL:200
7099;Possupaisti, hedelmäinen, appelsiinituoremehu, omena;Pork roast, fruity, orange juice, apple;224.2;18.6;2.0;15.8;PORTS:100,PORTM:150,PORTL:200
7100;Porsaankyljys, smetana, uunissa;Pork chop, sour cream, oven-baked;444.4;11.8;2.3;43.7;PORTS:100,PORTM:125,PORTL:175
7105;Grillivartaat, porsaanfilee ja kasvikset;Spit-roasted pork and vegetables;163.0;11.0;8.7;8.8;KPL_M:200,PORTS:100,PORTM:200,PORTL:300
7107;Hampurilainen, ruishampurilainen, naudanliha;Hamburger with beef and rye bread;182.5;8.7;13.9;9.6;KPL_M:200,PORTS:100,PORTM:200,PORTL:300
7150;Naudanliha, keskirasvainen, keitetty;Beef, boiled;202.0;23.9;0.0;11.9;PORTS:100,PORTM:120,PORTL:150
7152;Naudanpaisti, uunissa;Roast beef;160.5;30.6;0.0;4.1;PORTS:100,PORTM:120,PORTL:150
7153;Lihapata, karjalanpaisti, nauta, keskirasvainen sika;Karelian stew, pork and beef;111.6;14.7;0.0;5.9;PORTS:150,PORTM:200,PORTL:250
7155;Naudanlihapihvi, grillattu;Beef steak, grilled;159.7;30.5;0.0;4.1;PORTS:120,PORTM:150,PORTL:200
7156;Naudanlihaleike, leivitetty, paistettu;Beef schnitzel, breaded, fried;222.8;21.8;10.8;10.1;PORTS:150,PORTM:175,PORTL:195
7157;Naudan/vasikankyljys, leivitetty, paistettu;Beef chop, breaded, fried;215.9;23.3;5.6;11.1;PORTS:100,PORTM:125,PORTL:175
7159;Lihakastike, ruskea kastike, naudanliha, rasvaa;Beef gravy;104.4;9.2;3.0;6.1;PORTS:150,PORTM:200,PORTL:250
7160;Lihapata, palapaisti, ruoanvalmistuskerma, ruoanvalmistusrasva keskiarvo;Beef steak stew, cooking cream;117.0;13.1;2.6;5.9;PORTS:150,PORTM:200,PORTL:250
7161;Lihakastike, lihastroganoff;Stroganoff;113.3;12.2;2.8;5.7;PORTS:150,PORTM:200,PORTL:250
7162;Lihakastike, tilliliha;Beef in dill gravy;95.3;13.7;4.2;2.5;PORTS:150,PORTM:200,PORTL:250
7163;Lihakeitto, naudanlapa;Meat soup, beef chuck;45.4;5.6;3.3;0.9;PORTS:200,PORTM:350,PORTL:400,DL:100,RKL:15
7164;Lihakeitto, sianliha;Meat soup, pork;64.6;5.0;3.3;3.3;PORTS:200,PORTM:350,PORTL:400,DL:100,RKL:15
7165;Lihakeitto, naudanpaisti;Meat soup, beef steak;44.7;5.7;3.3;0.7;PORTS:200,PORTM:350,PORTL:400,DL:100,RKL:15
7166;Kaalikeitto, keskirasvainen nauta;Cabbage soup with beef;48.2;4.5;2.3;2.0;PORTS:200,PORTM:350,PORTL:400,DL:100,RKL:15,TL:5
7167;Kaalikeitto, naudanpaistijauheliha;Cabbage soup with beef steak mince;50.9;5.2;2.3;2.0;PORTS:200,PORTM:350,PORTL:400,DL:100,RKL:15,TL:5
7168;Kaalikeitto, perunaa, keskirasvainen nauta;Cabbage soup with beef and potato;51.1;4.0;3.3;2.2;PORTS:200,PORTM:350,PORTL:400,DL:100,RKL:15,TL:5
7169;Lihapata, naudanpaisti, lihaliemi, porkkana, ruoanvalmistusrasva keskiarvo;Beef steak stew, meat bouillon, carrots;108.5;11.2;2.2;6.0;PORTS:150,PORTM:200,PORTL:250
7170;Perunalaatikko, liha-perunalaatikko, naudanliha, lihaliemi;Beef and potato casserole, bouillon;88.0;8.3;7.8;2.3;PORTS:250,PORTM:300,PORTL:350
7172;Jauhelihapihvi, naudanpaisti, munaton, paistettu;Lean steak mince patty, no eggs, fried;246.2;24.4;0.0;16.6;KPL_M:65,PORTS:100,PORTM:150,PORTL:200
7173;Lihamureke, naudanpaisti, kerma;Meatloaf, beef steak, cream;191.7;17.4;6.3;10.5;PORTS:100,PORTM:120,PORTL:150
7174;Lihapata, karjalanpaisti, nauta, sika, sisäelimiä;Karelian stew, pork, beef, liver, kidney, heart;114.7;15.4;0.2;5.8;PORTS:150,PORTM:200,PORTL:250
7175;Liha-kasvispata, sianliha, peruna;Vegetable and pork stew with potato;117.3;8.4;5.7;6.6;PORTS:300,PORTM:325,PORTL:350
7176;Jauhelihakastike, chili con carne;Chili con carne;162.6;9.2;6.1;10.7;PORTS:100,PORTM:180,PORTL:250,DL:100,RKL:15
7177;Liha-sienimureke, sika-nauta, kerma;Meatloaf with mushrooms, pork-beef, cream;207.0;11.8;7.9;14.0;PORTS:100,PORTM:120,PORTL:150
7178;Naudanpaisti-kasviswokki;Beef-vegetable wok;86.8;9.3;2.9;3.9;PORTS:100,PORTM:200,PORTL:350
7179;Lindströminpihvi, sika-nauta;Lindström's steak, beetroot and pork beef mince;186.3;9.1;7.0;13.4;KPL_M:50,PORTS:100,PORTM:150,PORTL:200
7180;Lihakääryle, vähärasvainen, saunapalvikinkkua;Roulade with smoked ham, low-fat;148.2;24.6;0.0;5.4;KPL_M:100,PORTS:150,PORTM:175,PORTL:200
7181;Naudanliha-pastakeitto, papuja, paprikaa, purjoa, porkkanaa;Minestrone soup with beef, beans, sweet pepper, leek and carrot;59.8;4.9;5.5;1.8;PORTS:200,PORTM:350,PORTL:400,DL:100,RKL:15
7182;Jauheliha-pastakeitto, naudanliha, kasviksia;Minestrone soup with beef mince and vegetables;78.1;4.5;5.5;4.0;PORTS:200,PORTM:350,PORTL:400,DL:100,RKL:15
7183;Jauheliha-pastakeitto, sika-nauta, kasviksia;Minestrone soup with pork beef mince and vegetables;84.3;4.3;5.5;4.8;PORTS:200,PORTM:350,PORTL:400,DL:100,RKL:15
7184;Risotto, jauheliha-kasvisrisotto, naudanliha, 17 % rasvaa;Risotto, beef mince and vegetable risotto;130.7;6.0;15.5;4.6;PORTS:300,PORTM:350,PORTL:400
7186;Porsaankylki, ribsit, paistettu ilman rasvaa;Pork ribs, fried without fat;471.3;20.9;0.0;43.7;PORTS:90,PORTM:135,PORTL:195
7187;Makaronilaatikko, liha-makaronilaatikko, naudanliha 7%, kevytmaito, munaton;Macaroni and lean steak mince casserole, low-fat, without eggs;104.6;8.7;7.6;4.2;PORTS:250,PORTM:300,PORTL:350
7188;Grillimakkara, paistettu rasvassa;Barbeque sausage, fried;280.4;11.0;8.9;22.5;PORTS:50,PORTM:100,PORTL:200
7189;Grillimakkara, uunissa;Barbeque sausage, oven baked;246.8;11.2;9.0;18.6;PORTS:50,PORTM:100,PORTL:200
7190;Jauheliha, naudan, vähärasvainen, paistettu ilman rasvaa;Lean beef mince, fried without fat;152.2;20.7;0.0;7.7;PORTS:60,PORTM:100,PORTL:170,DL:75
7191;Jauheliha, sika-nauta, paistettu ilman rasvaa;Pork beef mince, fried without fat;292.8;19.4;0.0;24.2;PORTS:60,PORTM:100,PORTL:170,DL:75
7192;Jauhelihapihvi, naudanpaisti, munaton, paistettu ilman rasvaa;Lean steak mince patty, no eggs, fried without fat;205.7;26.4;0.0;11.1;KPL_M:65,PORTS:100,PORTM:150,PORTL:200
7195;Naudanfilee, ulkofilee, grillattu;Beef sirloin steak, grilled;276.9;27.7;0.3;18.4;PORTS:120,PORTM:150,PORTL:200
7249;Häränlihahöystö, punaviini, ruskea kastike;Beef with red wine sauce;122.6;14.8;2.3;4.8;PORTS:150,PORTM:200,PORTL:250
7251;Vasikanpaisti, uunissa;Veal roast, oven-baked;154.6;32.0;0.0;2.8;PORTS:100,PORTM:120,PORTL:150
7253;Vasikanpotka, haudutettu;Veal knuckle, simmered;239.7;29.4;0.0;13.6;PORTS:100,PORTM:120,PORTL:150
7254;Lihakastike, naudanlihaviillokki;Beef fricassee;77.7;11.9;2.9;1.9;PORTS:150,PORTM:200,PORTL:250
7299;Lampaanliharulla, täytetty, purjo, persilja;Lamb, filled with leek and parsley;183.0;16.1;1.4;12.6;PORTS:120,PORTM:175,PORTL:250
7300;Lampaanliha, vähärasvainen, keitetty;Lamb, low-fat, boiled;241.1;25.0;0.0;15.8;PORTS:100,PORTM:120,PORTL:150
7302;Lampaan- ja sianliha, keitetty;Mutton and pork, boiled mixture;296.0;23.8;0.0;22.5;PORTS:100,PORTM:120,PORTL:150
7304;Lampaanpaisti, uunissa;Mutton roast;224.3;22.7;0.0;14.9;PORTS:100,PORTM:120,PORTL:150
7305;Lampaanpihvi, paistettu;Lamb steak, fried;254.6;22.7;0.0;18.4;PORTS:120,PORTM:150,PORTL:200
7306;Lampaankyljys, leivitetty;Mutton chop, breaded;328.7;17.1;10.8;24.2;PORTS:100,PORTM:125,PORTL:175
7307;Lihapata, lammaskaali, lammas, kaali, lihaliemi;Lamb and cabbage stew;120.8;7.3;3.3;8.5;PORTS:250,PORTM:300,PORTL:350,DL:100,RKL:15
7308;Poronliha, keitetty, suolaa;Reindeer, boiled, salt;179.9;30.4;0.0;6.4;PORTS:100,PORTM:120,PORTL:150
7309;Poronpaisti;Reindeer roast;179.9;30.4;0.0;6.4;PORTS:100,PORTM:120,PORTL:150
7311;Hirvenliha, paistettu;Elk, fried;154.3;29.0;0.0;4.1;PORTS:100,PORTM:120,PORTL:150
7312;Hirvenpaisti, uunissa;Roasted elk, baked;131.1;24.7;0.0;3.5;PORTS:125,PORTM:150,PORTL:200
7313;Hirvenlihakastike, ruskea kastike, rasvaa;Elk meat gravy, brown gravy;89.8;11.6;3.0;3.4;PORTS:150,PORTM:200,PORTL:250
7314;Hirvenlihakäristys, siansilavaa;Sauteed elk, with pork fat;207.1;18.3;0.0;15.0;PORTS:150,PORTM:200,PORTL:250,DL:85,RKL:17
7315;Jänis, grillattu/paistettu;Hare, grilled/fried;230.3;28.7;0.0;12.8;PORTS:100,PORTM:120,PORTL:150
7316;Kani, grillattu/paistettu;Rabbit, grilled/fried;274.7;28.7;0.0;17.9;PORTS:100,PORTM:120,PORTL:150
7317;Poronkäristys, pekonia;Sauteed reindeer, bacon;139.1;17.7;0.0;7.6;PORTS:150,PORTM:200,PORTL:250,DL:85,RKL:17
7500;Kana, keitetty, suolaa;Chicken, boiled with salt;240.0;25.8;0.0;15.3;KPL_M:1000,PORTS:120,PORTM:160,PORTL:200
7501;Kanakeitto, juuriselleriä ja purjoa;Chicken soup with celeriac and leek;95.4;9.2;0.9;6.1;PORTS:200,PORTM:350,PORTL:400,DL:100,RKL:15
7502;Kanakeitto, perunaa ja kasviksia;Chicken soup with vegetables and potato;86.3;8.1;3.2;4.5;PORTS:200,PORTM:350,PORTL:400,DL:100,RKL:15
7503;Kanapata, lihaliemi, kasviksia;Chicken vegetable stew;129.8;10.9;3.2;8.0;PORTS:200,PORTM:300,PORTL:400,DL:100
7505;Kanakastike, kanaviillokki;Chicken fricassee;124.9;11.7;1.3;8.2;PORTS:150,PORTM:200,PORTL:250,DL:100,RKL:15
7506;Kanapyörykkä/broileripyörykkä, paistettu;Chicken meat ball, fried;184.7;16.4;7.7;9.5;PORTS:90,PORTM:120,PORTL:150
7507;Ohukainen, kanamuhennostäyte, kevytmaito;Crepes filled with chicken, low-fat milk;133.8;11.9;9.8;5.0;KPL_M:210,PORTS:100,PORTM:200,PORTL:300
7510;Broileri, öljykastikkeessa, grillattu;Chicken, grilled;296.8;22.3;0.0;23.3;PORTS:120,PORTM:160,PORTL:200,DL:60
7511;Metsälintu, grillattu/paistettu;Game bird, grilled/fried;203.6;25.9;0.0;11.1;PORTS:100,PORTM:150,PORTL:300
7512;Riista, keskiarvo, paistettu;Game, average, fried;188.3;26.4;0.0;9.2;PORTS:100,PORTM:120,PORTL:150
7513;Kalkkuna, paistettu uunissa;Turkey, oven-baked;174.3;28.0;0.0;6.9;KPL_M:35,PORTS:100,PORTM:200,PORTL:300
7514;Ateriasalaatti, kanasalaatti, riisi, herne, maustekurkku, purjo, ei kastiketta;Chicken salad with rice peas, pickles, leek;104.5;7.3;10.4;3.4;PORTS:200,PORTM:250,PORTL:300,DL:75
7515;Paella broileria, äyriäisiä;Paella with chicken and shellfish;101.0;7.1;12.2;2.4;PORTS:300,PORTM:350,PORTL:400
7516;Lihakastike, kiinalainen, hapanimelä;Chinese meat vegetable gravy, sweet-and-sour;149.8;11.9;3.7;9.4;PORTS:150,PORTM:200,PORTL:250
7517;Kanakastike, kiinalainen, hapanimelä;Chinese chicken vegetable gravy, sweet and sour;150.5;13.6;2.9;9.1;PORTS:150,PORTM:200,PORTL:250,DL:100,RKL:15
7518;Ateriasalaatti, broilerisalaatti, kasvispitoinen, ei kastiketta;Chicken salad, without dressing;69.8;8.0;2.4;2.9;PORTS:200,PORTM:250,PORTL:300,DL:75
7519;Broileripata, lihaliemi, ruoanvalmistuskerma, kasviksia;Chicken stew, cooking cream and vegetables;103.4;13.2;1.4;4.7;PORTS:200,PORTM:300,PORTL:400,DL:100,RKL:15
7520;Broilerikastike, kasviksia, lihaliemi, ranskankerma;Chicken vegetable gravy with creme fraiche;107.8;9.1;4.3;5.8;PORTS:150,PORTM:200,PORTL:250,DL:100,RKL:15
7521;Broileripyörykkä, uunissa paistettu;Chicken meatball, oven  baked;156.6;14.4;11.9;5.4;PORTS:90,PORTM:120,PORTL:150
7522;Broileri, kokonainen nahkoineen, ilman rasvalisää, grillattu;Chicken with skin, grilled without added fat;224.9;23.7;0.0;14.5;PORTS:100,PORTM:250,PORTL:300,DL:60
7523;Broileri, marinoitu, nahkoineen, uunissa;Chicken marinated, with skin, oven-baked;224.8;27.7;0.2;12.6;PORTS:120,PORTM:160,PORTL:200,DL:60
7525;Broileri-kasviswokki, tomaattisose, soijakastike;Chicken-vegetable wok with tomato puree and soy sauce;91.3;10.9;2.6;3.8;PORTS:100,PORTM:200,PORTL:350
7529;Broileri, rintaleike, paistettu nahkoineen;Chicken breast with skin, fried;215.1;25.7;0.0;12.5;PORTS:150,PORTM:175,PORTL:195,DL:60
7530;Broileri, rintafilee, paistettu, nahaton;Chicken breast without skin, fried;167.2;26.5;0.0;6.7;PORTS:120,PORTM:160,PORTL:200
7531;Broilerinleike, leivitetty, paistettu;Chicken schnitzel, breaded, fried;222.7;23.0;11.6;9.1;PORTS:150,PORTM:175,PORTL:195
7535;Kalkkunan rintafilee, paistettu;Turkey breast, fried;186.8;31.0;0.0;6.9;PORTS:120,PORTM:160,PORTL:200
7536;Kalkkunan rintafilee, uunissa;Turkey breast, oven-baked;172.4;36.2;0.0;2.8;PORTS:120,PORTM:160,PORTL:200
7537;Broileri, koipi-reisi, nahkoineen, grillattu;Chicken leg and thigh with skin, grilled;296.4;25.6;0.0;21.8;KPL_S:100,KPL_M:125,KPL_L:150,PORTS:150,PORTM:180,PORTL:240
7538;Broileri-pastakeitto, papuja, paprikaa, purjoa, porkkanaa;Chicken macaroni soup with beans, sweet pepper, leek and carrot;60.7;4.8;5.5;1.9;PORTS:200,PORTM:350,PORTL:400,DL:100,RKL:15
7540;Broilerinuggetti, friteerattu, laktoositon;Chicken nuggets, deep-fried, lactose-free;266.1;14.7;15.3;16.1;KPL_M:20,PORTS:90,PORTM:135,PORTL:200
7545;Broileri, rintafilee, appelsiinikastikkeella;Orange chicken;169.7;18.2;11.3;5.3;PORTS:120,PORTM:160,PORTL:200
7549;Broilerifilee, uunissa;Chicken fillet, oven baked;144.0;29.7;0.0;2.7;PORTS:120,PORTM:160,PORTL:200
7600;Nakki, keitetty;Frankfurter, boiled;233.2;11.3;1.2;18.2;PORTS:60,PORTM:150,PORTL:210
7601;Nakki, grillattu;Frankfurter, grilled;250.8;12.2;1.2;19.6;PORTS:60,PORTM:150,PORTL:210
7602;Nakki, paistettu rasvassa;Frankfurter, fried;284.3;12.0;1.2;23.5;PORTS:60,PORTM:150,PORTL:210
7603;Nakki-sekavihannesvuoka;Frankfurter-vegetable casserole;122.4;7.7;3.0;8.1;PORTS:100,PORTM:170,PORTL:250
7604;Nakkistroganoff;Frankfurter stroganoff;148.5;5.5;3.2;11.5;PORTS:100,PORTM:150,PORTL:250
7605;Borssikeitto, nakki;Borsch with frankfurters;52.9;2.5;2.3;3.1;PORTS:200,PORTM:350,PORTL:400,DL:100,RKL:15
7606;Borssikeitto, naudanpaisti;Borsch with beef;31.8;4.1;2.1;0.5;PORTS:200,PORTM:350,PORTL:400,DL:100,RKL:15
7607;Lenkkimakkara, keitetty;Sausage, ring bologna, boiled;228.8;9.7;7.6;15.8;PORTS:70,PORTM:125,PORTL:250
7608;Lenkkimakkara, grillattu;Sausage, ring bologna, grilled;246.0;10.4;8.2;17.0;PORTS:70,PORTM:125,PORTL:250
7609;Lenkkimakkara, paistettu rasvassa;Sausage, ring bologna, fried;279.6;10.3;8.1;21.0;PORTS:70,PORTM:125,PORTL:250
7610;Ryynimakkara, paistettu rasvassa;Groat sausage, fried;293.6;8.5;21.5;17.5;PORTS:50,PORTM:100,PORTL:200
7612;Lenkkimakkara, uunissa, juustoa, sinappia;Sausage, ring bologna, oven-baked, with cheese and mustard;263.0;12.8;7.1;18.7;PORTS:70,PORTM:125,PORTL:250
7613;Makkarakastike, ruskea kastike, lenkkimakkara, rasvaa;Sausage gravy;133.5;4.9;6.4;8.9;PORTS:150,PORTM:200,PORTL:250,DL:100,RKL:15
7614;Nakkikastike, ruskea kastike, rasvaa;Frankfurter gravy;136.2;5.7;3.5;10.0;PORTS:150,PORTM:200,PORTL:250,DL:100,RKL:15
7615;Makkarakeitto;Sausage soup;61.8;2.4;5.2;2.9;PORTS:200,PORTM:350,PORTL:400,DL:100,RKL:15
7616;Nakkikeitto, kevytnakki;Frankfurter soup, light frankfurters;48.6;2.8;4.7;1.7;PORTS:200,PORTM:350,PORTL:400,DL:100,RKL:15
7617;Siskonmakkarakeitto;Sausage soup, fresh sausage, siskonmakkara soup;67.0;2.8;4.0;3.8;PORTS:200,PORTM:350,PORTL:400,DL:100,RKL:15
7618;Makkarapata, lihaliemi, lenkkimakkara, peruna, sekavihannekset;Sausage stew with potato and vegetables;106.3;4.3;8.7;5.1;PORTS:100,PORTM:150,PORTL:250,DL:100,RKL:15
7619;Risotto, makkara-kasvisrisotto, lenkkimakkara;Risotto, sausage and vegetable risotto;140.1;4.6;14.3;6.3;PORTS:300,PORTM:350,PORTL:400
7620;Perunalaatikko, makkara-perunasoselaatikko, lenkkimakkara, kevytmaito;Sausage and mashed potato casserole, ring bologna, low-fat milk;119.4;4.3;12.9;4.8;PORTS:200,PORTM:300,PORTL:400
7622;Pyttipannu, lenkkimakkara, ei munaa;Sausage hash, ring bologna, potato, without egg;161.6;4.8;11.0;10.0;PORTS:120,PORTM:230,PORTL:300,DL:55
7623;Munakas, talonpoikaismunakas, peruna, lenkkimakkara, sipuli;Omelette, country french omelette, egg, potato, sausage, onion;158.0;8.9;6.1;10.4;PORTS:100,PORTM:200,PORTL:300
7624;Munakas, makkaramunakas, lenkkimakkara;Omelette, sausage omelette;199.0;12.0;2.7;15.0;PORTS:100,PORTM:200,PORTL:300
7628;Muna-kinkkuvuoka;Egg and ham casserole;106.0;9.6;3.5;6.0;PORTS:200,PORTM:300,PORTL:400
7630;Munakas, kinkkumunakas;Omelette, ham omelette;162.8;14.3;0.2;11.8;PORTS:100,PORTM:200,PORTL:300
7631;Salaatti, italiansalaatti, ei majoneesia;Salad, italian salad without mayonnaise;67.2;3.8;9.8;0.9;PORTS:20,PORTM:80,PORTL:170
7632;Perunalaatikko, kinkku-perunalaatikko, ruoanvalmistuskerma;Ham and potato casserole, cooking cream;118.9;4.8;8.3;6.9;PORTS:250,PORTM:300,PORTL:350
7633;Kinkkukastike, maito, ranskankerma, kasviksia, ruoanvalmistusrasva keskiarvo;Ham vegetable gravy, milk, creme fraiche;170.8;9.7;3.4;13.0;PORTS:150,PORTM:200,PORTL:250,DL:100,RKL:15
7634;Ateriasalaatti, makkarasalaatti, meetvursti, makaroni, kasvikset, ei kastiketta;Sausage salad, macaroni, vegetables, without dressing;142.8;9.8;4.1;9.6;PORTS:200,PORTM:250,PORTL:300,DL:75
7635;Ateriasalaatti, kinkkusalaatti, kasviksia, peruna, makaroni, ei kastiketta;Ham salad with potato, vegetables and macaroni, without dressing;57.3;5.1;4.9;1.7;PORTS:200,PORTM:250,PORTL:300,DL:75
7641;Lenkkimakkara, paistettu ilman rasvaa;Sausage, ring bologna, fried without fat;254.2;10.8;8.4;17.6;PORTS:70,PORTM:125,PORTL:250
7643;Nakki, paistettu ilman rasvaa;Frankfurter, fried without fat;259.2;12.6;1.3;20.3;PORTS:60,PORTM:150,PORTL:210
7647;Ryynimakkara, paistettu ilman rasvaa;Groat sausage, fried without fat;268.9;8.9;22.5;14.0;PORTS:50,PORTM:100,PORTL:200
7850;Maksa, keitetty, suolaa;Liver, boiled, salt;187.2;27.7;5.7;5.8;PORTS:100,PORTM:150,PORTL:200
7851;Maksapaisti;Roasted liver;202.7;26.9;5.5;8.0;PORTS:100,PORTM:120,PORTL:150
7852;Maksapihvi, leivitetty;Liver steak, breaded, fried;188.5;21.3;7.8;7.9;PORTS:100,PORTM:120,PORTL:150
7853;Jauhemaksapihvi, maksa, peruna, sipuli;Minced liver steak, liver, potato, onion;147.8;11.0;10.3;6.7;PORTS:100,PORTM:150,PORTL:200
7854;Poronmaksapihvi;Reindeer liver steak;166.3;13.8;6.8;9.1;PORTS:100,PORTM:120,PORTL:150
7855;Maksakastike, maksa keskiarvo, ruoanvalmistuskermaa;Liver gravy, cooking cream;125.6;10.1;4.6;7.2;PORTS:150,PORTM:200,PORTL:250,DL:100,RKL:15
7856;Maksakastike, broilerinmaksa, ruoanvalmistuskermaa;Chicken liver gravy, cooking cream;85.4;7.7;2.9;4.6;PORTS:150,PORTM:200,PORTL:250,DL:100,RKL:15
7857;Maksakastike, jauhemaksakastike, ruskea kastike, rasvaa;Minced liver gravy;100.9;9.8;4.2;4.9;PORTS:150,PORTM:200,PORTL:250,DL:100,RKL:15
7863;Maksapata, maksa, peruna;Liver stew with potato;92.0;7.9;4.9;4.4;PORTS:100,PORTM:150,PORTL:200,DL:100,RKL:15
7865;Munuainen, keitetty, suolaa;Kidney, boiled, salt;135.5;22.2;0.0;5.1;PORTS:100,PORTM:120,PORTL:150
7866;Munuainen, paistettu, vehnäjauhoa;Kidney, fried with wheat flour;181.9;18.1;5.5;9.7;PORTS:100,PORTM:120,PORTL:150
7867;Munuaiskastike, ruoanvalmistuskerma, suurustettu;Kidney gravy, cooking cream, thickened;78.9;6.5;2.7;4.5;PORTS:150,PORTM:200,PORTL:250,DL:100
7869;Kieli, naudan, keitetty, suolaa;Tongue, beef, boiled;284.4;23.7;0.0;21.3;KPL_M:15,PORTS:100,PORTM:150,PORTL:200
7871;Veriohukainen;Blood pancake;173.6;7.3;12.2;10.4;KPL_M:25,PORTS:100,PORTM:150,PORTL:200
7876;Maksalaatikko, kevytmaito;Liver casserole, rice, low-fat milk;111.0;5.8;15.1;2.7;PORTS:250,PORTM:300,PORTL:350
8000;Kala, keskiarvo, keitetty, suolaa;Fish, average, boiled;111.0;20.5;0.0;3.1;PORTS:100,PORTM:160,PORTL:215,DL:65
8001;Lipeäkala;Lutefish;86.0;19.3;0.0;0.8;PORTS:100,PORTM:160,PORTL:215
8002;Kala, keskiarvo, grillattu/hiillostettu/pariloitu;Fish, average, grilled;129.8;23.9;0.0;3.7;PORTS:100,PORTM:160,PORTL:215
8003;Uunikala, leivitetty;Fish, breaded, oven-baked;148.6;21.6;2.2;5.9;PORTS:100,PORTM:160,PORTL:215
8004;Uunihauki, täytetty, luumu, riisi, muna, korppujauho;Pike, filled with prunes, rice and eggs, oven-baked;161.5;17.1;13.7;3.8;PORTS:100,PORTM:160,PORTL:215
8005;Uunisilakka, silakkafilee, kerma, korppujauho;Baltic herring fillet with cream, breaded, oven-baked;198.8;16.3;2.1;13.7;PORTS:100,PORTM:160,PORTL:215
8006;Kala, keskiarvo, leivitetty, paistettu;Fish, average, breaded, fried;185.1;18.5;6.4;9.4;PORTS:100,PORTM:160,PORTL:215
8007;Silakka, leivitetty, paistettu, silakkapihvi;Baltic herring, breaded, fried;193.6;17.2;3.8;12.0;KPL_M:35,PORTS:100,PORTM:160,PORTL:215
8008;Muikku, paistettu;Vendace, fried;183.5;19.7;3.8;9.8;KPL_M:35,PORTS:100,PORTM:160,PORTL:215
8009;Ahven, leivitetty, paistettu;Perch, breaded, fried;157.7;19.9;4.7;6.5;PORTS:100,PORTM:160,PORTL:215
8010;Hauki, leivitetty, paistettu;Pike, breaded, fried;174.9;19.1;8.3;7.1;PORTS:100,PORTM:160,PORTL:215
8011;Siika, leivitetty, paistettu;Powan, breaded, fried;187.4;20.4;8.3;7.9;PORTS:100,PORTM:160,PORTL:215
8012;Lohifilee, leivitetty, paistettu;Salmon fillet, breaded, fried;277.1;18.8;8.3;18.8;PORTS:100,PORTM:160,PORTL:215
8013;Kampela, paistettu;Flounder, fried;114.4;16.9;0.0;5.2;PORTS:100,PORTM:160,PORTL:215
8014;Seiti, leivitetty, paistettu;Saithe, breaded, fried;173.8;17.8;8.2;7.6;PORTS:100,PORTM:160,PORTL:215
8017;Kalapyörykkä, paistettu;Fish ball, fried;166.0;18.9;6.7;6.9;KPL_S:10,KPL_M:15,KPL_L:20,PORTS:90,PORTM:120,PORTL:150
8018;Kalapyörykkä, keitetty;Fish ball, boiled;135.4;18.7;6.6;3.6;KPL_S:10,KPL_M:15,KPL_L:20,PORTS:90,PORTM:120,PORTL:150
8019;Kalamureke, maito;Fish loaf, milk;144.7;15.8;6.1;6.3;PORTS:100,PORTM:120,PORTL:150
8020;Kalakeitto, tuore kala, maito;Fish soup, fresh fish, milk based;64.8;5.9;5.5;2.0;PORTS:200,PORTM:350,PORTL:400,DL:100,RKL:15,TL:5
8021;Kalakeitto, seiti, kevytmaito;Fish soup, saithe, low-fat milk;59.0;5.6;5.4;1.5;PORTS:200,PORTM:350,PORTL:400,DL:100,RKL:15,TL:5
8022;Kalakeitto, kirkas;Fish soup, clear;49.2;4.9;3.6;1.5;PORTS:200,PORTM:350,PORTL:400,DL:100,RKL:15,TL:5
8023;Kalakeitto, venäläinen, seljanka;Russian fish soup, solyanka;41.2;5.8;2.6;0.7;PORTS:200,PORTM:350,PORTL:400,DL:100,RKL:15,TL:5
8024;Kalakeitto, keskiarvokala, peruna, keittojuurekset, vesi;Fish soup with potato and root vegetables;41.0;4.8;3.4;0.7;PORTS:200,PORTM:350,PORTL:400,DL:100,RKL:15,TL:5
8029;Kalakastike, mademuhennos;Burbot stew;96.7;12.3;1.7;4.3;PORTS:150,PORTM:200,PORTL:250,DL:100,RKL:15
8030;Perunalaatikko, silakkalaatikko, kevytmaito;Baltic herring casserole, potato, low-fat milk;114.7;8.2;7.9;5.4;PORTS:250,PORTM:300,PORTL:350
8031;Perunalaatikko, kala-perunalaatikko, kevytmaito;Fish and potato casserole, low-fat milk;89.2;7.8;8.7;2.3;PORTS:250,PORTM:300,PORTL:350
8032;Kala-riisilaatikko, keskiarvokala, munamaito, kerma;Fish and rice casserole, cream;189.2;12.5;13.5;8.9;PORTS:200,PORTM:300,PORTL:400
8033;Perunalaatikko, janssoninkiusaus, ruoanvalmistuskerma;Jansson's casserole, jansson's temptation, cooking cream;147.2;5.3;11.7;8.1;PORTS:250,PORTM:300,PORTL:350
8034;Makaronilaatikko, kala-makaronilaatikko, kevytmaito, keskiarvo;Macaroni and fish casserole, fish average, low-fat milk;100.1;9.3;7.9;3.3;PORTS:250,PORTM:300,PORTL:350
8035;Kala-pinaattivuoka, seiti, kevytmaito;Saithe spinach casserole, low-fat milk;98.7;10.9;3.2;4.6;PORTS:200,PORTM:300,PORTL:400
8038;Kala-kasvispaistos, tuore kala, maito, sekavihannekset, muna;Fish vegetable casserole, milk, egg;114.3;12.4;3.5;5.5;PORTS:200,PORTM:300,PORTL:400
8039;Kala-perunapata;Fish potato stew;61.0;7.0;5.4;1.0;PORTS:200,PORTM:300,PORTL:400,DL:100,RKL:15
8041;Tomaattisilakka;Baltic herring in tomato sauce;123.1;12.7;1.2;7.3;PORTS:100,PORTM:160,PORTL:215
8042;Homburgin hauki, kermassa;Pike à la homburg;172.4;18.0;3.3;9.3;PORTS:100,PORTM:160,PORTL:215
8043;Uunikala, seiti, valkokastike, juusto, kevytmaito, korppujauho;Saithe with white sauce, cheese, low-fat milk, breadcrumbs, oven-baked;116.8;12.9;4.2;5.3;PORTS:100,PORTM:160,PORTL:215
8046;Kala-kasvispaistos, seiti, sekavihannekset, sulatejuusto, maito;Fish vegetable casserole, saithe, vegetables, processed cheese, milk;99.6;10.6;2.8;4.9;PORTS:100,PORTM:200,PORTL:300
8047;Ateriasalaatti, tonnikalasalaatti, peruna, ei kastiketta;Tuna salad with potato, without dressing;94.9;9.2;5.9;3.5;PORTS:200,PORTM:250,PORTL:300,DL:75
8048;Ateriasalaatti, savukalasalaatti, lehtisalaatti-muna, ei kastiketta;Salad with smoked fish, lettuce and egg, without dressing;108.1;12.8;0.3;6.1;PORTS:200,PORTM:250,PORTL:300,DL:75
8050;Ateriasalaatti, savukalasalaatti, ruohosipuli-peruna-punajuuri, ei kastiketta;Salad with smoked fish, chives, potato and beetroot, without dressing;77.1;7.3;5.2;2.7;PORTS:200,PORTM:250,PORTL:300,DL:75
8051;Ateriasalaatti, savukalasalaatti, raejuusto-herne, ei kastiketta;Salad with smoked fish, cottage cheese, peas, without dressing;109.0;14.9;2.9;4.0;PORTS:200,PORTM:250,PORTL:300,DL:75
8053;Ateriasalaatti, äyriäis-herkkusieni, ei kastiketta;Shellfish and mushroom salad, without dressing;38.6;6.7;1.0;0.6;PORTS:200,PORTM:250,PORTL:300,DL:75
8060;Kalakeitto, lohikeitto, maito;Salmon soup, milk based;90.4;6.1;5.5;4.7;PORTS:200,PORTM:350,PORTL:400,DL:100,RKL:15,TL:5
8062;Kalakeitto, kirjolohikeitto, maito;Rainbow trout soup, milk based;79.4;5.6;5.5;3.7;PORTS:200,PORTM:350,PORTL:400,DL:100,RKL:15,TL:5
8063;Kirjolohi, leivitetty, paistettu;Rainbow trout, breaded, fried;243.8;18.4;4.6;17.0;PORTS:100,PORTM:160,PORTL:215
8065;Ateriasalaatti, tonnikalasalaatti, riisi, ei kastiketta;Tuna salad with rice, without dressing;107.9;8.0;7.3;4.9;PORTS:200,PORTM:250,PORTL:300,DL:75
8068;Silakka, keitetty;Baltic herring, boiled;135.1;18.3;0.0;6.9;KPL_S:13,KPL_M:20,KPL_L:40,PORTS:100,PORTM:160,PORTL:215
8069;Kalakastike, tonnikalakastike, lihaliemi, kerma;Creamy tuna gravy;142.8;12.6;3.6;8.4;PORTS:150,PORTM:200,PORTL:250,DL:100,RKL:15,TL:5
8070;Kalakastike, katkarapukastike, kermainen;Creamy shrimp gravy;138.9;6.5;2.6;11.1;PORTS:150,PORTM:200,PORTL:250,DL:100,RKL:15,TL:5
8071;Ateriasalaatti, katkarapusalaatti, kermaviilikastike;Shrimp salad, sour cream dressing;63.4;4.5;1.3;4.3;PORTS:200,PORTM:250,PORTL:300,DL:75
8072;Kalapiirakka, muropohja, kermaviili;Fish pie, sour cream filling, shortcrust pastry;242.1;9.5;13.0;16.8;KPL_S:80,KPL_M:115,KPL_L:150,PORTS:80,PORTM:120,PORTL:160
8073;Lasagne, lohilasagne;Lasagne, salmon;131.1;6.8;9.8;6.9;PORTS:220,PORTM:300,PORTL:350,DL:120,RKL:18
8074;Kala, keskiarvo, paistettu;Fish, average, fried;155.4;21.5;0.0;7.7;PORTS:100,PORTM:160,PORTL:215
8075;Kalapasteija, tonnikalapasteija, tonnikalapiirakka;Fish pasty, tuna pasty;276.9;7.2;20.4;18.4;KPL_M:75,PORTS:40,PORTM:80,PORTL:130
8077;Kalamureke, kermainen;Fish loaf, cream;143.9;13.4;3.6;8.1;PORTS:100,PORTM:120,PORTL:150
8078;Kirjolohifilee, kermainen, leivitetty, uunissa;Rainbow trout fillet with cream, breaded, oven-baked;200.6;18.6;2.5;12.8;PORTS:100,PORTM:160,PORTL:215
8088;Kirjolohifilee, leivitetty, uunissa;Rainbow trout fillet, breaded, oven-baked;220.1;19.6;4.2;13.9;PORTS:100,PORTM:160,PORTL:215
8089;Kirjolohifilee, uunissa;Rainbow trout fillet, oven-baked;177.5;19.5;0.0;11.1;PORTS:100,PORTM:140,PORTL:215
8092;Perunalaatikko, kala-perunalaatikko, kirjolohi, ruokakerma;Rainbow trout and potato casserole, cooking cream;130.2;5.2;9.6;7.3;PORTS:250,PORTM:300,PORTL:350
8093;Ateriasalaatti, savukalasalaatti, peruna-omena-purjo, ei kastiketta;Salad with smoked fish, potato, apple and leek, without dressing;83.2;7.1;8.5;1.9;PORTS:200,PORTM:250,PORTL:300,DL:75
8095;Smetanalohi, kirjolohi, uunissa;Rainbow trout fillet with sour cream, oven-baked;255.8;14.6;0.8;21.7;PORTS:100,PORTM:160,PORTL:215
8096;Kala, keskiarvo, friteerattu;Fish, average, deep-fried;195.1;16.2;3.5;12.9;KPL_M:20,PORTS:100,PORTM:125,PORTL:150
8097;Kala-kasvispata;Fish and vegetable stew;58.9;6.0;1.4;3.0;PORTS:100,PORTM:200,PORTL:350
8098;Kampela, haudutettu, voi;Flounder, stewed, butter;75.9;10.5;0.2;3.6;PORTS:100,PORTM:160,PORTL:215
8100;Juustosilakat, tuorejuusto;Baltic herring with cream cheese;152.3;15.6;0.4;9.7;KPL_M:35,PORTS:100,PORTM:120,PORTL:215
8111;Mustekala, friteerattu;Squid, deep-fried;189.0;16.8;3.8;11.8;PORTS:75,PORTM:100,PORTL:150
8500;Kananmuna, paistettu;Egg, fried;194.1;12.9;0.3;15.9;KPL_M:55,PORTS:60,PORTM:120,PORTL:180
8501;Kananmunan keltuainen, paistettu;Egg yolk, fried;387.2;16.3;0.2;36.2;PORTS:20,PORTM:40,PORTL:60
8502;Kananmunan valkuainen, paistettu;Egg white, fried;104.2;11.0;0.4;6.5;PORTS:35,PORTM:70,PORTL:105
8503;Munakas, ranskalainen, täytteetön;Omelette, plain, french omelette;167.5;12.0;0.3;13.3;PORTS:100,PORTM:150,PORTL:300,DL:90
8504;Munakas, juustomunakas;Omelette, cheese omelette;223.9;16.2;0.2;17.8;PORTS:100,PORTM:200,PORTL:300
8505;Munakas, pinaattimunakas;Omelette, spinach omelette;125.1;9.4;0.3;9.6;PORTS:100,PORTM:200,PORTL:300
8506;Munakokkeli, kevytmaito;Scrambled eggs, low-fat milk;168.7;10.3;2.4;13.2;PORTS:40,PORTM:80,PORTL:240,DL:80
8509;Munavoi;Egg and butter spread, hard-boiled egg and butter mixture;310.8;8.2;0.4;31.2;PORTS:15,PORTM:30,PORTL:60,RKL:15
8510;Raejuusto-munavoi;Hard-boiled egg and cottage cheese mixture;170.4;12.4;1.2;13.0;PORTS:60,PORTM:150,PORTL:300
8512;Pinaatti-munalaatikko, kevytmaito;Spinach and egg casserole, low-fat milk;81.5;6.5;3.0;4.7;PORTS:100,PORTM:150,PORTL:300,DL:100,RKL:15
8513;Kananmuna, keitetty;Egg, boiled;134.2;12.6;0.3;9.2;KPL_M:55,PORTS:30,PORTM:60,PORTL:180
8514;Munakasrulla, lohitäyte;Omelette roll, salmon filling;235.3;8.2;8.8;18.6;PORTS:100,PORTM:200,PORTL:300
8515;Munakasrulla, kinkkutäyte;Omelette roll, ham filling;196.6;6.4;7.2;15.6;PORTS:100,PORTM:200,PORTL:300
11001;(arc)vaalea juurikasvis, keskiarvo;(arc)root vegetable, average, light colored;49.4;1.4;9.5;0.1;PORTS:40,PORTM:60,PORTL:100
11002;(arc)tummanvihreä lehtikasvis, keskiarvo;(arc)leaf vegetable, average, dark green;13.0;1.4;0.6;0.4;PORTS:40,PORTM:60,PORTL:100
11004;Mäti, keskiarvo;Roe, average;144.7;20.8;0.0;6.8;PORTS:15,PORTM:30,PORTL:50,DL:90
11005;Neljän viljan hiutale;4-grain flakes;335.6;11.1;58.8;3.4;PORTS:15,PORTM:25,PORTL:35,DL:30,RKL:4.5
11006;Ruisleipä, ruissihtileipä, vesi, ruissihti-, hiivaleipäjauho;Rye bread, fine rye bread, water, fine rye and dark wheat flour;222.1;7.1;42.6;1.1;KPL_S:20,KPL_M:35,KPL_L:50,PORTS:20,PORTM:35,PORTL:50
11007;Ruusunmarja;Rose hip;54.1;0.7;6.1;0.1;PORTS:60,PORTM:120,PORTL:180,DL:55,RKL:11
11012;Mansikkahillo, kotitekoinen, sokeria 54 %;Strawberry jam, 54% sugar, home-made;226.4;0.6;53.8;0.2;PORTS:17,PORTM:40,PORTL:65,DL:115,RKL:17,TL:5.5
11013;Appelsiinimarmeladi;Orange marmalade;192.7;0.2;46.6;0.1;PORTS:10,PORTM:20,PORTL:30,DL:115,RKL:17,TL:5.5
11014;Palmuöljy;Palm oil;884.3;0.0;0.0;100.0;PORTS:10,PORTM:25,PORTL:40,DL:90,RKL:13.5,TL:4.5
11030;Jauho, ruissihtijauho;Flour, rye, fine rye flour;341.3;10.0;66.3;1.5;PORTS:15,PORTM:25,PORTL:35,DL:55,RKL:8
11041;Hernekeitto, säilyke, laimentamaton, sianliha;Pea soup, canned, undiluted, with pork;109.1;5.9;8.8;4.0;PORTS:200,PORTM:350,PORTL:400
11045;Appelsiini, kuorittu;Orange without skin;45.7;0.6;8.9;0.1;KPL_S:155,KPL_M:215,KPL_L:270,PORTS:160,PORTM:215,PORTL:430
11046;Mandariini, kuorittu;Mandarin, average, without skin;45.4;0.6;8.3;0.3;KPL_S:65,KPL_M:80,KPL_L:120,PORTS:65,PORTM:100,PORTL:160
11047;Greippi, kuorittu;Grapefruit, without skin;35.2;0.6;6.5;0.3;KPL_S:195,KPL_M:260,KPL_L:325,PORTS:100,PORTM:200,PORTL:300
11048;Sitruuna, kuorittu;Lemon, without skin;32.9;0.6;2.2;0.2;KPL_S:60,KPL_M:80,KPL_L:100,PORTS:30,PORTM:65,PORTL:100
11049;Banaani, kuorittu;Banana, without skin;87.6;1.2;18.3;0.4;KPL_S:100,KPL_M:125,KPL_L:150,PORTS:100,PORTM:125,PORTL:250
11050;Kiivi, kuorittu;Kiwi fruit, without skin;52.2;0.8;7.1;0.8;KPL_S:70,KPL_M:90,KPL_L:115,PORTS:70,PORTM:90,PORTL:180
11051;Persikka/nektariini, kuorittu, kivetön;Peach/nectarine, without skin and stone;44.1;1.1;7.8;0.2;KPL_S:110,KPL_M:125,PORTS:90,PORTM:175,PORTL:260,DL:80
11052;Kirsikka, kivetön;Cherry without stone;56.4;0.9;11.4;0.2;KPL_M:7,PORTS:100,PORTM:125,PORTL:300,DL:60
11053;Luumu, kivetön;Plum, without stone;46.5;0.8;8.4;0.3;KPL_S:30,KPL_M:50,KPL_L:100,PORTS:50,PORTM:100,PORTL:200,DL:60
11054;Aprikoosi, keskiarvo, kivetön;Apricot, average, without stone;53.3;1.1;10.6;0.1;KPL_M:35,PORTS:35,PORTM:100,PORTL:175
11055;Vesimeloni, kuorittu;Watermelon, without skin;37.2;0.9;7.1;0.1;KPL_S:1100,KPL_M:1925,KPL_L:2750,PORTS:55,PORTM:150,PORTL:250
11056;Ananas, kuorittu;Pineapple, without skin;55.6;0.5;11.2;0.4;KPL_S:400,KPL_M:600,KPL_L:800,PORTS:100,PORTM:200,PORTL:300
11057;Avokado, kuorittu, kivetön;Avocado, without skin and stone;198.2;2.6;0.8;19.4;KPL_S:100,KPL_M:120,PORTS:100,PORTM:120,PORTL:240
11059;Tonnikala, keskiarvo;Tuna, average;134.9;22.4;0.0;5.0;PORTS:80,PORTM:115,PORTL:150,DL:55,RKL:10
11060;Omena, kotimainen, kuorittu;Apple, domestic, without skin;40.5;0.2;8.3;0.1;PORTS:90,PORTM:180,PORTL:260,DL:65
11061;Omena, ulkomainen, kuorittu;Apple, imported, without skin;44.7;0.2;9.4;0.1;KPL_S:115,KPL_M:175,KPL_L:245,PORTS:90,PORTM:180,PORTL:260,DL:65
11062;Päärynä, kuorittu;Pear, without skin;43.2;0.3;8.0;0.1;KPL_S:115,KPL_M:195,KPL_L:280,PORTS:100,PORTM:200,PORTL:300
11063;Luumu, kivetön, kuivattu;Prune, without stone;203.5;4.2;37.6;0.8;KPL_M:7,PORTS:20,PORTM:40,PORTL:60
11064;Herkkusieni, säilyke;Champignon, canned;17.0;2.1;0.2;0.3;KPL_M:6,PORTS:30,PORTM:60,PORTL:90,DL:60
11065;Ruusunmarjasose, sokeriton;Rose hip puree, without sugar;73.7;0.5;15.5;0.1;PORTS:17,PORTM:40,PORTL:80,DL:100,RKL:15,TL:5
11067;Tonnikala, vedessä, säilyke;Tuna, in water, canned;99.1;22.4;0.0;0.9;PORTS:80,PORTM:115,PORTL:150,DL:55,RKL:10
11068;Vanukas, maitovanukas, teollinen;Pudding, milk pudding, industrial;94.5;4.7;9.9;3.9;PORTS:100,PORTM:120,PORTL:240,DL:100,RKL:15,TL:5
11069;Viini, alkoholiton;Wine, non-alcoholic;19.7;0.1;4.5;0.1;PORTS:80,PORTM:120,PORTL:160,DL:100,RKL:15,TL:5
11070;Hernekeitto, säilyke, laimennettu, sianliha;Pea soup, canned, diluted, with pork;81.5;4.4;6.6;3.0;PORTS:200,PORTM:350,PORTL:400,DL:100
11071;Eksoottinen hedelmä, keskiarvo, mango/papaija, kuorittu;Exotic fruit, average, mango/papaya, without skin;55.6;1.1;10.7;0.2;KPL_M:240,KPL_L:320,PORTS:100,PORTM:200,PORTL:300
11072;Hapankurkku liemineen, venäläinen kurkku;Soured cucumber;10.2;0.6;1.3;0.1;KPL_S:70,KPL_M:100,KPL_L:200,PORTS:15,PORTM:30,PORTL:60
11074;Itu, sinimailasen itu;Sprout, alfalfa;29.3;4.0;0.3;0.7;KPL_M:0.4,PORTS:7,PORTM:20,PORTL:50,DL:40,RKL:7
11086;Pähkinä, cashewpähkinä;Nut, cashew nut;574.2;20.0;18.8;46.4;PORTS:20,PORTM:50,PORTL:100,DL:60,RKL:9,TL:3
11087;Tahini, seesamtahna, ei lisättyä suolaa;Sesame seed paste tahini, without added salt;629.3;21.8;0.9;58.0;PORTS:5,PORTM:15,PORTL:30,DL:100,RKL:15,TL:5
11089;Kikherne suolattomassa vedessä;Chick pea in unsalted water;137.5;8.4;17.6;2.5;PORTS:40,PORTM:100,PORTL:200,DL:60,RKL:10
11090;Papu, valkoinen, tomaattikastike;Bean, white bean, in tomato sauce;102.1;5.1;16.2;0.7;PORTS:20,PORTM:70,PORTL:120,RKL:20
11092;Herajauhe, teollisuuden raaka-aine;Whey powder. for food industry;374.9;11.9;78.0;1.1;PORTS:20,PORTM:40,PORTL:50,DL:50
11094;Karjalanpiirakka, teollinen, tumma, laktoositon;Karelian pasty, rice filling, industrial, lactose-free;233.1;5.7;34.9;5.2;KPL_S:35,KPL_M:60,KPL_L:90,PORTS:40,PORTM:80,PORTL:130
11095;Munkki, vesi, leipomo;Doughnut, bakery;305.6;6.1;42.2;12.0;KPL_S:80,KPL_M:90,KPL_L:125,PORTS:35,PORTM:80,PORTL:105
11110;Kasvispihvi/pyörykkä, sisältää soijaproteiinia;Vegetable patty, contains soy protein;156.7;6.6;15.6;6.8;PORTS:100,PORTM:150,PORTL:225
11120;Pulla, korvapuusti, leipomo, vesi;Bun, cinnamon bun, industrial, water;326.5;6.8;45.6;12.4;KPL_S:40,KPL_M:60,KPL_L:105,PORTS:40,PORTM:70,PORTL:105
11123;Pulla, keskirasvainen, rasvaton maitojauhe, leipomo;Bun, fat-free milk powder, bakery;296.8;7.8;48.1;7.5;KPL_S:35,KPL_M:50,KPL_L:75,PORTS:35,PORTM:55,PORTL:105
11124;Pulla, runsasrasvainen, kevytmaito, leipomo;Bun, high-fat, low-fat milk, bakery;328.0;7.6;46.8;11.7;KPL_S:35,KPL_M:50,KPL_L:75,PORTS:35,PORTM:55,PORTL:105
11126;Sekaleipä, vesi, graham-, ruis-, vehnäjauho;Multigrain bread, water, graham, rye and wheat flour;263.2;8.9;49.2;1.5;KPL_M:20,PORTS:20,PORTM:30,PORTL:40
11130;Tuorejuusto, rasvaa 6-11 %, maustettu;Cream cheese, 6-11% fat, flavoured;150.8;8.0;4.7;11.0;KPL_M:20,PORTS:7,PORTM:15,PORTL:25,DL:100,RKL:15
11131;Juusto, valkohome/valkosinihomejuusto, rasvaa 40 %;Cheese, white mould cheese, 40% fat;466.0;16.7;0.0;44.8;PORTS:20,PORTM:40,PORTL:60
11132;(arc) tuorejuusto, kasvirasvaa, rasvaa 24-30 %;(arc)cream cheese-like vegetable fat product, 24-30% fat;288.7;11.0;3.0;26.0;KPL_M:20,PORTS:7,PORTM:15,PORTL:25,DL:100,RKL:15
11133;Juusto, puolikova juusto, kevyt, rasvaa 15-18 %;Cheese, semi-hard cheese, light, 15-18% fat;229.7;22.5;0.0;15.0;KPL_S:4,KPL_M:8,KPL_L:12,PORTS:4,PORTM:8,PORTL:15
11134;Basilika, tuore;Basil, fresh;25.8;3.1;1.1;0.7;PORTS:0.5,PORTM:2,PORTL:5,DL:13,RKL:2
11135;Bambunverso;Bamboo shoots, canned;13.4;1.5;0.7;0.2;PORTS:15,PORTM:30,PORTL:60,DL:75
11136;Kerma, vispikerma, kevyt, rasvaa 25 %;Cream, low-fat, 25% fat;252.6;1.3;3.0;27.0;PORTS:25,PORTM:50,PORTL:100,DL:100,RKL:15,TL:5
11142;Mehujää keskiarvo;Ice lolly, average;82.0;0.1;20.0;0.0;KPL_S:35,KPL_M:70,KPL_L:115,PORTS:35,PORTM:70,PORTL:140
11144;Salaatinkastike, kotitekoinen, jogurttia;Salad dressing, yoghurt, home-made;71.8;0.8;14.0;1.2;PORTS:10,PORTM:25,PORTL:40,DL:95,RKL:14,TL:4.5
11145;Maito, rasvaton, vl, d-vitamiinia 1 ug;Milk, 0% fat, low-lactose, 1 ug added vitamin d;33.9;3.1;4.9;0.1;PORTS:170,PORTM:270,PORTL:450,DL:100,RKL:15,TL:5
11146;Juusto, leipäjuusto, rasvaa 17-23 %, vl;Cheese, finnish oven cheese, low-lactose, 17-23% fat;279.1;18.6;3.0;21.0;PORTS:20,PORTM:40,PORTL:80
11148;Jäätelö, kermajäätelöpuikko, suklainen, keskiarvo;Ice cream bar, cream based, chocolate flavoured;335.9;2.7;26.8;24.4;KPL_S:30,KPL_M:60,KPL_L:85,PORTS:30,PORTM:65,PORTL:125
11149;Jäätelö, mehujää-jäätelöpuikko, keskiarvo;Ice cream with sorbet coating, average;111.4;1.1;19.3;3.2;KPL_S:30,KPL_M:60,KPL_L:85,PORTS:35,PORTM:70,PORTL:140
11150;Broileri, marinoitu, ilman nahkaa, raaka;Chicken marinated, without skin;157.4;19.4;0.1;8.8;PORTS:150,PORTM:200,PORTL:250
11152;Kermaviili, rasvaa 10-12 %, vl;Sour cream, 10-12% fat, low-lactose;135.5;2.6;4.0;12.0;PORTS:40,PORTM:100,PORTL:200,DL:100,RKL:15,TL:5
11154;Viili, maustamaton, kevytviili, rasvaa 2 %, vl;Curd milk, plain, 2% fat, low-lactose;55.8;2.9;3.3;2.0;PORTS:150,PORTM:200,PORTL:250,DL:100,RKL:15,TL:5
11155;Raejuusto, rasvaa 2-5 %, vl;Cottage cheese, 2-5% fat, low-lactose;92.1;15.8;2.5;2.0;PORTS:7,PORTM:15,PORTL:25,DL:85,RKL:9.5,TL:4
11156;Rahka, maitorahka, maustamaton, rasvaa <0,5 %, vl;Quark, <0.5% fat, low-lactose;58.5;9.8;3.1;0.4;PORTS:125,PORTM:200,PORTL:250,DL:100,RKL:15,TL:5
11157;(arc) juusto, rasvaa 28 %, sisältää kasvirasvaa;(arc)cheese, vegetable fat, 28% fat;339.4;22.5;0.0;28.0;KPL_S:4,KPL_M:8,KPL_L:12,PORTS:4,PORTM:8,PORTL:15
11158;Nuppuvihannes, kukkakaali, porkkana, parsakaali;Vegetable mix, cauliflower, broccoli, carrot;29.7;1.9;3.5;0.3;PORTS:50,PORTM:80,PORTL:110,DL:60
11159;Creme fraiche, ranskankerma, rasvaa 15-18 %;Creme fraiche, 15-18% fat;176.2;1.9;3.1;17.0;PORTS:100,PORTM:150,PORTL:200,DL:100,RKL:15,TL:5
11164;Jälkiruokakastike, vanilliinikastike, vispautuva vaniljakastike;Vanillin sauce;192.7;2.2;19.0;12.0;PORTS:30,PORTM:50,PORTL:100,DL:40,RKL:5.5,TL:1.5
11165;Piimä, rasvaton, vl, d-vit 1ug;Sour milk, fat-free, low-lactose, 1 ug vitamin d;29.0;3.1;3.7;0.1;PORTS:150,PORTM:200,PORTL:400,DL:100,RKL:15,TL:5
11172;Jäätelö, kasvirasvajäätelöpuikko, suklaakuorrute;Ice cream bar, vegetable fat, chocolate coated;224.8;4.7;25.9;11.5;KPL_S:30,KPL_M:60,KPL_L:85,PORTS:30,PORTM:60,PORTL:85
11173;Jäätelö, kasvirasvajäätelötuutti;Ice cream cornet, vegetable fat;236.7;4.1;33.8;9.1;KPL_S:70,KPL_M:100,KPL_L:300,PORTS:70,PORTM:100,PORTL:300
11177;Mustapippuri;Pepper, black pepper;279.8;10.9;38.3;3.3;PORTS:1,PORTM:2,PORTL:3,RKL:6.5,TL:2
11178;Valkopippuri;Pepper, white pepper;283.2;10.4;42.4;2.1;PORTS:1,PORTM:2,PORTL:3,RKL:6.5,TL:2
11182;Paprikajauhe;Paprika powder;321.1;14.8;18.3;13.0;PORTS:1,PORTM:2,PORTL:3,RKL:5.5,TL:2
11188;Vanilliinisokeri;Vanillin sugar;405.9;0.0;99.9;0.0;PORTS:2,PORTM:4,PORTL:8,DL:85,RKL:12,TL:4
11191;Oregano, kuivattu;Oregano, dried;305.5;11.0;21.6;10.3;PORTS:1,PORTM:2,PORTL:3,RKL:1.5,TL:0.5
11194;Timjami, kuivattu;Thyme, dried;282.7;9.1;26.9;7.4;PORTS:1,PORTM:2,PORTL:3,RKL:1.5,TL:0.5
11196;Aromisuola/yrttisuola suolapitoisuus 71 %;Aromatic salt, 71% salt content;74.7;1.8;11.7;1.3;PORTS:1,PORTM:2,PORTL:3,RKL:15,TL:5
11197;Maustekastike, ruskea, hp-kastike;Hp-sauce, brown sauce;108.7;0.3;25.2;0.0;PORTS:5,PORTM:15,PORTL:30,DL:100,RKL:15,TL:5
11198;Rypälesokeri, glukoosi;Glucose;406.3;0.0;100.0;0.0;PORTS:2,PORTM:4,PORTL:8,DL:60,RKL:9,TL:2
11203;Hunajameloni, kuorittu;Honeydew melon, without skin;37.0;0.6;7.8;0.1;KPL_S:350,KPL_M:750,PORTS:55,PORTM:150,PORTL:250,DL:70
11210;Ksylitolipastilli, c-vitaminoitu;Pastille sweetened with xylitol, added vitamin c;232.8;1.1;8.0;0.8;KPL_M:1.5,PORTS:1,PORTM:2,PORTL:5
11211;Juusto, fetajuusto, rasvaa 25 %, vuohenmaito, suolaliemessä;Cheese, feta cheese in brine, made with goat milk, 25% fat;299.1;18.0;1.2;25.0;PORTS:20,PORTM:40,PORTL:60,DL:60
11212;Auringonkukansiemen, kuorittu;Sunflower seed;617.4;24.3;2.7;56.1;PORTS:5,PORTM:15,PORTL:30,DL:65,RKL:10,TL:3
11287;Kasvirasvalevite 28 %, mini lätta;Vegetable fat spread 28%, mini lätta;272.5;2.0;0.3;28.0;PORTS:3,PORTM:6,PORTL:10,DL:95,RKL:14,TL:4.5
11469;Hedelmäsose, teollinen lastenruoka, tuotekeskiarvo;Fruit puree average, industrial babyfood;66.8;0.6;14.3;0.1;KPL_M:125,KPL_L:200,PORTS:63,PORTM:125,PORTL:200,DL:100,RKL:15,TL:5
11470;Marjasose, teollinen lastenruoka, tuotekeskiarvo;Berry puree, average, industrial babyfood;62.3;0.3;13.7;0.2;KPL_M:125,KPL_L:200,PORTS:63,PORTM:125,PORTL:200,DL:100,RKL:15,TL:5
11471;Porkkana-perunasose, teollinen lastenruoka, tuotekeskiarvo;Carrot-potato puree, average, industrial babyfood;47.1;0.7;7.0;1.4;KPL_M:125,KPL_L:200,PORTS:63,PORTM:125,PORTL:200,DL:100,RKL:15,TL:5
11472;Naudanliha-kasvissose, teollinen lastenruoka, tuotekeskiarvo;Beef-vegetable puree, average, industrial babyfood;77.6;2.8;8.1;3.3;KPL_M:125,KPL_L:200,PORTS:63,PORTM:125,PORTL:200,DL:100,RKL:15,TL:5
11473;Porsaanliha-kasvissose, teollinen lastenruoka, tuotekeskiarvo;Pork-vegetable puree, average, industrial babyfood;72.8;3.0;8.4;3.0;KPL_M:125,KPL_L:200,PORTS:63,PORTM:125,PORTL:200,DL:100,RKL:15,TL:5
11474;Kana-kasvissose keskiarvo, teollinen lastenruoka, tuotekeskiarvo;Chicken-vegetable puree, average, industrial babyfood;74.7;2.8;7.8;2.8;KPL_M:125,KPL_L:200,PORTS:63,PORTM:125,PORTL:200,DL:100,RKL:15,TL:5
11475;Kala-kasvissose, teollinen lastenruoka, tuotekeskiarvo;Fish and vegetable puree, average, industrial babyfood;76.9;2.5;8.4;3.4;KPL_S:125,KPL_M:200,PORTS:63,PORTM:125,PORTL:200,DL:100,RKL:15,TL:5
11476;Jauhelihaa ja spagettia, teollinen lastenruoka, tuotekeskiarvo;Minced meat and spaghetti, average, industrial babyfood;75.5;3.3;8.1;3.0;KPL_M:125,KPL_L:200,PORTS:63,PORTM:125,PORTL:200,DL:100,RKL:15,TL:5
11503;Täysmehu, rypäletäysmehu;Grape juice, unsweetened;63.4;1.0;14.0;0.0;PORTS:150,PORTM:200,PORTL:300,DL:100,RKL:15,TL:5
11505;Banaanilastu, kuivattu banaani;Banana chip;513.7;2.0;59.9;29.0;PORTS:10,PORTM:25,PORTL:50,DL:45
11507;Riisitärkkelys;Rice starch;354.3;0.5;85.0;0.8;PORTS:5,PORTM:15,PORTL:30
11508;Sianliha, keitetty, suolaton;Pork, boiled without salt;206.1;28.9;0.0;10.0;PORTS:100,PORTM:120,PORTL:150
11511;Peruna, kuorittu, keitetty, suolaton;Potato, peeled, boiled without salt;75.4;1.9;15.5;0.1;KPL_M:60,PORTS:120,PORTM:180,PORTL:240
11512;Siankyljys;Pork chop, cutlet;188.3;21.8;0.0;11.3;PORTS:125,PORTM:150,PORTL:215
11513;Porsaanfilee, sisäfilee, rasvaa 4,5 %;Pork fillet, boneless tenderloin, fat 4.5 %;125.1;21.0;0.0;4.5;KPL_M:600,PORTS:150,PORTM:190,PORTL:250
11514;Perunasose, vesi, kotitekoinen lastenruoka, suolaton;Potato puree, homemade babyfood, without salt;45.2;1.1;9.3;0.1;PORTS:60,PORTM:120,PORTL:200,DL:100,RKL:15,TL:5
11515;Perunasose, maito, kotitekoinen lastenruoka, suolaton;Potato puree, milk, home-made babyfood, without salt;72.4;1.6;12.4;1.4;PORTS:60,PORTM:120,PORTL:200,DL:100,RKL:15,TL:5
11516;Peruna-porkkanasose, vesi, kotitekoinen lastenruoka, suolaton;Potato-carrot puree, home-made babyfood, without salt;40.2;0.9;7.9;0.1;PORTS:60,PORTM:120,PORTL:200,DL:100,RKL:15,TL:5
11517;Naudanliha-perunasose, kotitekoinen lastenruoka, suolaton;Beef-potato puree, home-made babyfood, without salt;82.4;9.7;6.2;1.3;PORTS:60,PORTM:120,PORTL:200,DL:100,RKL:15,TL:5
11518;Porsaanliha-perunasose, kotitekoinen lastenruoka, suolaton;Pork-potato puree, home-made babyfood, without salt;92.3;9.4;6.2;3.0;PORTS:60,PORTM:120,PORTL:200,DL:100,RKL:15,TL:5
11519;Kala-kasvissose, kotitekoinen lastenruoka, suolaton;Puree with fish and vegetable, home-made babyfood, without salt;47.1;4.7;5.8;0.3;PORTS:60,PORTM:120,PORTL:200,DL:100,RKL:15,TL:5
11520;Kana-kasvissose, kotitekoinen lastenruoka, suolaton;Chicken-vegetable puree, home-made babyfood, without salt;73.3;5.4;5.8;2.9;PORTS:60,PORTM:120,PORTL:200,DL:100,RKL:15,TL:5
11521;Riisi pitkäjyväinen, puuroutumaton;Rice, white, long-grain, parboiled;366.4;8.1;79.0;1.0;PORTS:50,PORTM:70,PORTL:100,DL:85,RKL:12
11522;Ruis-riisiseos, riisi ja ruisrouhe;Rye and rice mix, crashed rye grain;347.8;8.5;73.5;1.4;PORTS:50,PORTM:70,PORTL:100
11523;Salaatti, punajuurisalaatti, majoneesikastike;Salad, beetroot salad with mayonnaise;129.3;1.5;9.8;9.1;PORTS:20,PORTM:80,PORTL:170,DL:90
11550;Tuorejuusto, rasvaa 30 %, maustettu, vl;Cream cheese, 30% fat, flavoured, low-lactose;313.8;4.8;3.1;31.0;PORTS:7,PORTM:15,PORTL:25,DL:100,RKL:15
11551;Kalkkunan rintafilee;Turkey breast;121.9;25.6;0.0;2.0;PORTS:150,PORTM:200,PORTL:250
11553;Hedelmähillo, keskiarvo;Fruit jam, average;143.4;0.7;33.1;0.2;PORTS:17,PORTM:40,PORTL:65,DL:115,RKL:17,TL:5.5
11557;Täysmehu, sitruunatäysmehu, laimentamaton;Lemon juice, unsweetened, undiluted;21.6;0.3;1.6;0.0;PORTS:5,PORTM:10,PORTL:20,DL:100,RKL:15,TL:5
11558;Täysmehu, appelsiinitäysmehu, kalsiumia;Orange juice, unsweetened, added calcium;46.1;0.6;10.0;0.1;PORTS:150,PORTM:200,PORTL:300,DL:100,RKL:15,TL:5
11562;Jauheliha, naudan, rasvaa 17 %;Beef mince, 17% fat;227.3;19.1;0.0;16.9;PORTS:80,PORTM:140,PORTL:230
11563;Broileri, koipi-reisi, nahkoineen, raaka;Chicken leg and thigh with skin;209.6;18.1;0.0;15.4;PORTS:180,PORTM:230,PORTL:300
11564;Broileri, rintaleike, nahkoineen;Chicken breast with skin;147.5;21.5;0.0;6.8;PORTS:150,PORTM:200,PORTL:250
11565;Broileri, rintafilee, nahaton, suikale, leike;Chicken breast strips without skin;108.9;22.4;0.0;2.0;PORTS:150,PORTM:200,PORTL:250
11568;(arc) rasvaseos 60%, d-vitamiinia 10 ug;(arc)blended spread 60%, 10 ug vitamin d;538.7;0.5;0.5;60.0;PORTS:3,PORTM:6,PORTL:10,DL:95,RKL:14,TL:4.5
11571;Tuorejuusto, rasvaa 11 %, maustamaton;Cream cheese, low-fat, 11% fat, plain;147.2;7.4;4.0;11.0;PORTS:7,PORTM:15,PORTL:25,DL:100,RKL:15
11572;(arc) maito, rasvaton, lisätty kalsiumia, d-vitamiinia 0,5 ug;(arc)milk, 0% fat, with added calcium and 0.5 ug vitamin d;37.7;3.8;5.1;0.1;PORTS:150,PORTM:200,PORTL:400,DL:100,RKL:15,TL:5
11580;Pähkinävälipala, makea, patukka/levy;Snack bar with nuts, sweet;500.7;15.2;32.3;33.1;KPL_S:20,KPL_M:30,PORTS:20,PORTM:50,PORTL:100
11581;(arc) soijavälipala, hapatettu, maustettu, rasvaa 1 %, vitaminoitu;(arc)soy product, soured, 1% fat, vitamins and calcium;86.7;4.0;15.0;1.0;PORTS:150,PORTM:200,PORTL:250,DL:100,RKL:15,TL:5
11587;Marjajuoma, ruusunmarja, pro viva, kauraa ja probiootteja;Rose hip drink, contains oat and lactobacillus plantarum, pro viva;56.7;0.5;11.7;0.3;PORTS:150,PORTM:200,PORTL:300,DL:100,RKL:15,TL:5
11589;Piparjuuri;Horseradish;89.7;3.9;14.1;0.3;PORTS:40,PORTM:60,PORTL:100,DL:45,RKL:10
11680;Peruna, kuorittu, suurtaloustuote, suojakaasupakattu;Potato, peeled, vacuum packed, catering;75.3;1.9;15.5;0.1;KPL_M:60,PORTS:120,PORTM:180,PORTL:240
11685;Paistoöljy, palmuöljy 50 %, palmuydinöljy 25 %, rypsiöljy 25 %;Cooking oil, 50% palm, 25% palm kernel and 25% rapeseed oil;884.3;0.0;0.0;100.0;PORTS:3,PORTM:6,PORTL:10,DL:90,RKL:13.5,TL:4.5
11687;Riisijuoma, maustamaton;Rice drink;48.3;0.1;9.6;1.0;PORTS:150,PORTM:200,PORTL:400,DL:100,RKL:15
11689;Parsa, raaka, puhdistettu;Asparagus, raw, cleaned;32.4;2.9;2.0;0.6;KPL_S:15,KPL_M:35,KPL_L:50,PORTS:40,PORTM:60,PORTL:100,DL:55
11690;Majoneesi, vähärasvainen, rasvaa 15 %;Mayonnaise, 15% fat, low-fat;165.8;1.5;5.4;15.5;PORTS:10,PORTM:25,PORTL:40,DL:95,RKL:14,TL:4.5
11691;Mäti, keskiarvo, suolattu;Roe, average, salted;147.0;19.8;0.0;6.5;PORTS:15,PORTM:30,PORTL:50,DL:90
11694;Jogurtti, maustettu hillolla, rasvaa 2 %, vl;Yoghurt, flavoured with jam, 2% fat, low-lactose;87.1;3.3;13.0;2.1;PORTS:100,PORTM:150,PORTL:200,DL:100,RKL:15,TL:5
11695;Rypsiöljy, kylmäpuristettu;Rapeseed oil, cold pressed;884.3;0.0;0.0;100.0;PORTS:10,PORTM:25,PORTL:40,DL:90,RKL:13.5,TL:4.5
11700;Soijaproteiini konsentraatti, 58 % proteiinia;Soy protein concentrate, 58% protein;355.2;58.1;25.7;0.5;PORTS:5,PORTM:15,PORTL:30,DL:35
11701;Palmuydinöljy;Palm kernel oil;884.3;0.0;0.0;100.0;PORTS:10,PORTM:25,PORTL:40,DL:90,RKL:13.5,TL:4.5
11723;Jogurtti, maustettu, rasvaa 3 %;Yoghurt, flavoured, 3% fat;100.9;3.8;14.5;2.9;PORTS:150,PORTM:200,PORTL:250,DL:100,RKL:15,TL:5
11725;Viili, maustettu, rasvaa 2 %;Berry and fruit cultured milk 2 % fat;83.7;2.8;13.0;2.2;PORTS:150,PORTM:200,PORTL:250,DL:100,RKL:15,TL:5
11726;Viili, maustettu, rasvaa 1 %, vl;Curd milk, flavoured, 1% fat, low-lactose;75.4;3.3;13.1;0.9;PORTS:150,PORTM:200,PORTL:250,DL:100,RKL:15,TL:5
11727;Jogurtti, maustettu, rasvaa 2,5 %;Yoghurt, flavoured, 2.5% fat;90.0;3.0;13.5;2.5;PORTS:150,PORTM:200,PORTL:250,DL:100,RKL:15,TL:5
11730;Sekaleipä, grahamsämpylä, vesi;Multigrain bread, graham roll, water;289.5;8.4;49.9;5.2;KPL_S:30,KPL_M:50,KPL_L:70,PORTS:20,PORTM:30,PORTL:40
11733;Vaalea leipä, vehnäsämpylä, vesi;White bread, wheat roll, water;238.9;7.9;49.6;2.7;KPL_S:30,KPL_M:50,KPL_L:70,PORTS:20,PORTM:30,PORTL:40
11734;Siitakesieni;Shiitake mushroom;26.5;1.8;2.5;0.3;KPL_S:5,KPL_M:12,KPL_L:20,PORTS:100,PORTM:200,PORTL:270
11735;Osterivinokas;Oyster mushroom;26.3;2.0;2.6;0.3;KPL_M:175,PORTS:100,PORTM:200,PORTL:270
11736;Jogurtti, maustamaton, rasvaa 1,5 %;Yoghurt, plain, 1.5% fat;51.7;4.5;4.8;1.5;PORTS:150,PORTM:200,PORTL:250,DL:100,RKL:15,TL:5
11739;Kasvirasvalevite 35 %, becel pro-activ;Vegetable fat spread 35%, becel pro-activ;314.9;0.1;1.2;35.0;PORTS:3,PORTM:6,PORTL:10,DL:95,RKL:14,TL:4.5
28905;Jauho, täysjyvävehnäjauho;Flour, whole wheat flour;358.0;13.0;63.8;2.5;PORTS:15,PORTM:25,PORTL:35,DL:70,RKL:10.5,TL:3.5
28908;Ohrasuurimo, keitetty, suolaa;Barley, pearl, boiled with salt;79.2;2.0;15.5;0.5;PORTS:70,PORTM:110,PORTL:150,DL:95
28909;Makaroni, ruismakaroni;Rye macaroni;358.6;13.0;67.0;2.5;PORTS:55,PORTM:70,PORTL:80,DL:55,RKL:7.5
28910;Riisi tumma;Rice, brown;349.0;7.0;72.0;2.3;PORTS:50,PORTM:70,PORTL:100,DL:85,RKL:12.5
28911;Riisi, tumma, keitetty, suolaa;Rice, brown, boiled, salt;103.6;2.1;21.4;0.7;PORTS:70,PORTM:110,PORTL:150,DL:80,RKL:12
28912;Makaroni, ruismakaroni, keitetty, suolaa;Rye macaroni, boiled, salt;105.8;3.8;19.8;0.7;PORTS:135,PORTM:175,PORTL:200,DL:65,RKL:11
28913;Peruna, punnittu kuorineen;Potato, unpeeled, avarage, raw;75.3;1.9;15.5;0.1;KPL_M:70,PORTS:120,PORTM:180,PORTL:240
28914;Peruna, kuorineen, keitetty, suolaa;Potato, unpeeled, boiled with salt;63.7;1.6;13.1;0.1;KPL_M:70,PORTS:120,PORTM:180,PORTL:240
28915;Meloni, verkko/cantaloupemeloni, punnittu kuorineen;Muskmelon/cantaloupe melon, with skin;11.3;0.3;2.0;0.1;KPL_M:600,PORTS:110,PORTM:300,PORTL:500,DL:70
28916;Omena, keskiarvo, punnittu kuorineen;Apple, average, with skin;37.1;0.2;7.7;0.1;KPL_S:130,KPL_M:200,KPL_L:280,PORTS:100,PORTM:200,PORTL:300
28917;Päärynä, punnittu kuorineen;Pear, with skin;38.0;0.3;7.0;0.1;KPL_S:130,KPL_M:220,KPL_L:320,PORTS:115,PORTM:230,PORTL:340
28918;Luumu, tumma, punnittu kivineen;Plum, with stone;42.8;0.7;7.7;0.3;KPL_S:33,KPL_M:55,KPL_L:110,PORTS:55,PORTM:110,PORTL:220,DL:60
28919;Luumu, tumma, kuivattu, punnittu kivineen;Prune, with stone;168.9;3.5;31.2;0.7;KPL_M:7,PORTS:20,PORTM:40,PORTL:60,DL:65
28920;Kirsikka, punnittu kivineen;Cherry with stone;51.3;0.8;10.4;0.2;KPL_M:8,PORTS:110,PORTM:140,PORTL:330,DL:60
28921;Aprikoosi, keskiarvo, punnittu kivineen;Apricot, average, with stone;50.1;1.0;10.0;0.1;KPL_M:37,PORTS:40,PORTM:110,PORTL:190
28922;Persikka/nektariini, keskiarvo, punnittu kivineen;Peach/nectarine, average, with stone;38.3;1.0;6.8;0.2;KPL_S:125,KPL_M:145,PORTS:100,PORTM:200,PORTL:300,DL:80
28923;Ananas, tuore, punnittu kuorineen;Pineapple, with skin;29.5;0.3;5.9;0.2;KPL_S:750,KPL_M:1125,KPL_L:1500,PORTS:190,PORTM:370,PORTL:560
28924;Appelsiini, punnittu kuorineen;Orange, average, with skin;32.9;0.4;6.4;0.1;KPL_S:220,KPL_M:300,KPL_L:380,PORTS:220,PORTM:300,PORTL:600
28925;Sitruuna, keskiarvo, punnittu kuorineen;Lemon, with skin;21.4;0.4;1.4;0.1;KPL_S:90,KPL_M:120,KPL_L:150,PORTS:50,PORTM:100,PORTL:150
28926;Greippi, keskiarvo, punnittu kuorineen;Grapefruit, average, with skin;22.9;0.4;4.2;0.2;KPL_S:300,KPL_M:400,KPL_L:500,PORTS:200,PORTM:400,PORTL:600
28927;Makkara, kasvismakkara, soijapitoinen;Vegetarian sausage, contains soya;267.3;16.0;13.5;16.0;KPL_M:33,PORTS:50,PORTM:100,PORTL:200
28928;Viininlehti, säilötty suolaliemeen;Grape leaves, canned;24.0;3.6;0.2;0.0;PORTS:15,PORTM:30,PORTL:60
28929;Jauheliha, lampaan, rasvaa 14 %;Lamb mince, 14% fat;203.6;17.9;0.0;14.8;PORTS:80,PORTM:140,PORTL:230,DL:75
28930;Jauheliha, broilerin;Chicken mince;112.5;19.3;0.0;3.9;PORTS:80,PORTM:140,PORTL:230,DL:75,RKL:11,TL:3.7
28931;Vesimeloni, punnittu kuorineen;Watermelon, with skin;20.5;0.5;3.9;0.1;KPL_S:2000,KPL_M:3500,KPL_L:5000,PORTS:100,PORTM:270,PORTL:450
28932;Viinirypäle, keskiarvo, punnittu kivineen, vihreä/tumma;Grape, average, green or red;69.9;0.6;14.7;0.4;KPL_M:7,PORTS:75,PORTM:170,PORTL:315,DL:70
28933;Avokado, punnittu kuorineen ja kivineen;Avocado  with skin and stone;140.7;1.9;0.5;13.8;KPL_S:150,KPL_M:200,KPL_L:300,PORTS:140,PORTM:170,PORTL:340
28934;Banaani, punnittu kuorineen;Banana, with skin;58.7;0.8;12.3;0.3;KPL_S:140,KPL_M:190,KPL_L:230,PORTS:150,PORTM:200,PORTL:380
28935;Mandariini, keskiarvo, punnittu kuorineen;Mandarin, average, with skin;36.3;0.5;6.6;0.2;KPL_S:80,KPL_M:105,KPL_L:150,PORTS:80,PORTM:120,PORTL:200
28936;Viikuna, kuivattu, punnittu kantoineen;Fig, dried, with stem;247.9;3.2;51.6;0.9;KPL_S:13,KPL_M:17,KPL_L:22,PORTS:15,PORTM:30,PORTL:50
28937;Taateli, kuivattu, punnittu kivineen;Date, dried, with stone;193.9;3.0;38.2;0.7;KPL_M:8,PORTS:20,PORTM:40,PORTL:60,DL:75
28938;Oliivi, keskiarvo, kivetön, öljyssä, vihreä/musta;Olive, average, without stone, in oil, green/black;190.9;1.4;0.0;20.0;KPL_M:4,PORTS:10,PORTM:20,PORTL:50,DL:30
28939;Kiivi, punnittu kuorineen;Kiwi fruit, with skin;48.0;0.7;6.5;0.8;KPL_S:75,KPL_M:95,KPL_L:125,PORTS:75,PORTM:100,PORTL:200
28941;Omena, kotimainen, kuorineen;Apple, domestic, with skin;35.3;0.2;7.2;0.1;KPL_S:120,KPL_M:185,KPL_L:280,PORTS:100,PORTM:200,PORTL:300
28942;Omena, ulkomainen, kuorineen;Apple, imported, with skin;38.9;0.2;8.2;0.1;KPL_S:130,KPL_M:200,KPL_L:280,PORTS:100,PORTM:200,PORTL:300
28943;Maissintähkä, kokonainen, keitetty, ei suolaa;Sweet corn, cob, boiled, without salt;89.7;1.9;17.1;0.9;KPL_S:200,KPL_M:240,KPL_L:280,PORTS:50,PORTM:100,PORTL:200
28944;Hunajameloni, punnittu kuorineen;Honeydew melon with skin;18.5;0.3;3.9;0.1;KPL_S:700,KPL_M:1500,PORTS:110,PORTM:300,PORTL:500
28945;Jauheliha, kalkkunan, rasvaa 5-6 %;Turkey mince, fat 5-6%;137.1;22.0;0.0;5.4;PORTS:80,PORTM:140,PORTL:230,DL:75
28946;Jauheliha, sian, rasvaa 16 %;Pork mince, fat 16 %;215.3;18.8;0.0;15.7;PORTS:80,PORTM:140,PORTL:230,DL:75
28947;Pekoni, filee, rasvaa 18 %;Bacon, fillet, 18% fat;226.2;16.0;0.5;18.0;KPL_M:20,PORTS:55,PORTM:100,PORTL:200
28948;Porkkana-riisipiirakka, sekakuori, teollinen;Karelian pasty filled with carrot and rice, industrial;210.6;5.0;30.0;7.0;KPL_S:35,KPL_M:60,KPL_L:90,PORTS:40,PORTM:80,PORTL:130
28949;Karjalanpiirakka, vehnäkuori;Karelian pasty, rice filling, wheat crust;236.2;6.2;34.0;8.0;KPL_S:35,KPL_M:60,KPL_L:90,PORTS:40,PORTM:80,PORTL:130
28950;Perunaruusu, duchesse;Duchess potatoes;123.7;2.6;16.0;5.0;PORTS:120,PORTM:150,PORTL:200
28951;Perunakroketti, uppopaistettu;Potato croquette, deep-fried;189.8;4.3;25.8;7.2;KPL_M:7,PORTS:120,PORTM:150,PORTL:200
28952;Uuniperuna, ilman täytettä kuorineen, ei rasvaa, ei suolaa;Potato, baked with skin, no filling;70.3;1.7;14.3;0.1;KPL_M:180,PORTS:120,PORTM:175,PORTL:340,DL:65
28953;Peruna, uusi, keitetty, suolaa;Potato, new, boiled with salt;74.2;1.7;15.4;0.1;PORTS:120,PORTM:180,PORTL:240
28954;Peruna, uusi, keitetty, suolaton;Potato, new, boiled without salt;74.6;1.7;15.5;0.1;PORTS:120,PORTM:180,PORTL:240
28955;Peruna, kuorineen, keitetty, suolaton;Potato, unpeeled, boiled without salt;64.0;1.6;13.2;0.1;KPL_M:70,PORTS:120,PORTM:180,PORTL:240
28956;Perunalaatikko, imelletty, kevytmaito;Sweetened potato casserole, low-fat milk;89.0;2.4;16.7;1.0;PORTS:100,PORTM:125,PORTL:150,DL:100
28957;Perunamoussaka, sika-nauta, kevytmaito;Moussaka, pork-beef mince, potatoes, low-fat milk;141.3;8.1;8.6;7.9;PORTS:220,PORTM:300,PORTL:350,DL:100
28958;Maissi, maissintähkä, grillattu;Sweet corn, cob, grilled;111.1;1.8;16.6;3.6;KPL_S:200,KPL_M:240,KPL_L:280,PORTS:50,PORTM:100,PORTL:200
28959;Viininlehtikääryle, riisitäyte;Grape leaves, stuffed with rice, dolma;305.2;4.0;22.6;21.4;KPL_M:26,PORTS:50,PORTM:115,PORTL:150
28961;Soija-kasviskastike, tomaattinen, soijarouhe, suurustamaton;Soy bolognese;61.0;6.1;5.5;0.8;PORTS:150,PORTM:200,PORTL:250,DL:100,RKL:15
28962;Maissintähkä, kokonainen;Sweet corn, corn on the cob;80.7;1.7;15.4;0.8;KPL_S:250,KPL_M:300,KPL_L:350,PORTS:70,PORTM:120,PORTL:300
28963;Peruna-kasvispata;Vegetable potato stew;58.7;1.1;6.3;2.8;PORTS:200,PORTM:300,PORTL:400,DL:100
28966;Kikhernepyörykkä, falafel, paistettu;Chick pea patty, falafel, fried;133.7;6.5;14.4;4.6;PORTS:100,PORTM:150,PORTL:225
28967;Salaatti, aurinkosalaatti, majoneesikastike;Salad, cabbage, carrot, pineapple, mayonnaise;112.1;0.9;5.7;9.1;PORTS:20,PORTM:80,PORTL:170,DL:90
28968;Salaatti, waldorfin salaatti, juuriselleri-omena, majoneesikastike;Salad, waldorf salad, celeriac, apple, walnut and mayonnaise;91.8;1.2;5.1;6.8;PORTS:20,PORTM:80,PORTL:170,DL:90
28969;Nuudeli, keitetty, suolaton;Noodle, boiled, without salt;133.8;4.3;25.3;1.3;PORTS:135,PORTM:175,PORTL:200,DL:45
28970;Riisipuuro, vesi, riisi, suolaa;Rice porridge, water, salt;51.9;0.9;11.5;0.1;PORTS:150,PORTM:230,PORTL:320,DL:100,RKL:15,TL:5
28971;Donitsi, suklaakuorrutus;Doughnut, chocolate coated;393.2;4.4;54.8;16.8;KPL_M:45,PORTS:35,PORTM:55,PORTL:105
28973;Donitsi, sitruunakuorrutus;Doughnut, lemon coated;404.0;3.8;60.0;16.1;KPL_M:45,PORTS:35,PORTM:55,PORTL:105
28974;Pulla, keskirasvainen, vesi;Bun, water;296.7;7.2;48.0;7.7;KPL_S:35,KPL_M:50,KPL_L:75,PORTS:35,PORTM:55,PORTL:105
28975;Pannukakku, vesi;Oven-baked pancake, water;104.8;4.6;15.5;2.5;KPL_M:85,PORTS:85,PORTM:170,PORTL:250
28976;Raparperi-kaurahiutalepaistos;Rhubarb crisp delight, rhubarb, oat flakes;221.8;2.6;23.5;12.2;PORTS:80,PORTM:100,PORTL:160,DL:100
28977;Marenki;Meringue;276.1;5.6;62.3;0.0;KPL_S:3,KPL_M:6,KPL_L:8,PORTS:3,PORTM:8,PORTL:15
28978;Perunalaatikko, broileri-perunalaatikko, ruoanvalmistuskerma;Chicken and potato casserole, cooking cream;134.1;6.3;11.5;6.4;PORTS:250,PORTM:300,PORTL:350,DL:55
28979;Perunalaatikko, broileri-perunalaatikko, kasvirasvakerma;Chicken and potato casserole, cooking cream (vegetable fat);122.9;6.2;11.2;5.5;PORTS:250,PORTM:300,PORTL:350,DL:55
28980;Pyttipannu, broileripyttipannu, ei kananmunaa;Chicken hash, potato, without egg;127.8;11.5;8.2;5.1;PORTS:120,PORTM:230,PORTL:300,DL:55
28981;Broilerimureke;Chicken meatloaf;186.0;14.7;4.4;11.8;PORTS:100,PORTM:120,PORTL:150
28982;Makaronilaatikko, liha-makaronilaatikko, sika-nauta, lihaliemi;Macaroni and pork beef mince casserole, meat bouillon;132.4;7.6;7.2;8.1;PORTS:250,PORTM:300,PORTL:350
28983;Riimiliha;Beef, raw, marinated in salt;168.0;20.7;2.2;8.5;PORTS:30,PORTM:75,PORTL:125
28984;Tartarpihvi;Steak tartare;137.8;14.5;1.6;8.1;PORTS:80,PORTM:150,PORTL:200
28985;Mätikastike, ranskankerma;Roe sauce, crème fraîche;149.9;11.0;1.6;10.3;PORTS:100,PORTM:200,PORTL:300,DL:100,RKL:15
28986;Rapu, keitetty;Crayfish, boiled;82.0;18.3;0.0;0.9;KPL_S:70,KPL_M:115,KPL_L:160,PORTS:100,PORTM:160,PORTL:215
28987;Hummeri, keitetty;Lobster, boiled;104.2;23.5;0.0;1.0;KPL_S:100,KPL_M:150,KPL_L:200,PORTS:100,PORTM:150,PORTL:200
28988;Simpukkakastike, maitopohjainen;Mussel gravy. low-fat milk;136.4;8.1;6.4;8.7;PORTS:150,PORTM:200,PORTL:250,DL:100,RKL:15,TL:5
28989;Graavilohi, lohicarpaccio, sitruunaa ja öljyä;Rainbow trout, salt-cured, carpaccio with lemon and oil;185.1;13.7;1.9;12.5;KPL_M:15,PORTS:30,PORTM:60,PORTL:90
28990;Valkosipulietana;Snails in garlic butter;486.2;8.6;4.1;49.1;KPL_M:10,KPL_L:15,PORTS:60,PORTM:100,PORTL:165
28991;Kahvi, cafe au lait, makeuttamaton, täysmaito;Cafe au lait, unsweetened, whole milk;34.6;1.7;2.6;1.9;PORTS:110,PORTM:170,PORTL:220,DL:100,RKL:15,TL:5
28992;Maito, täysmaito, keitetty;Milk, whole milk, 3.5% fat, boiled;65.9;3.1;5.0;3.6;PORTS:150,PORTM:200,PORTL:400,DL:100,RKL:15,TL:5
28993;Kahvi, caffe latte, makeuttamaton, täysmaito;Cafe latte, unsweetened, whole milk;45.0;2.2;3.4;2.5;PORTS:250,PORTM:300,PORTL:400,DL:100,RKL:15,TL:5
28994;Pulla, keskirasvainen, vesi, öljy;Bun, water, oil;298.4;7.3;48.9;7.5;KPL_S:35,KPL_M:50,KPL_L:75,PORTS:35,PORTM:55,PORTL:105
28996;Pulla, keskirasvainen, kevytmaito, öljy;Bun, low-fat milk, oil;310.6;8.1;50.2;7.9;KPL_S:35,KPL_M:50,KPL_L:75,PORTS:35,PORTM:55,PORTL:105
28998;Pulla, keskirasvainen, vesi, voi;Bun, water, butter;297.4;7.3;48.0;7.8;KPL_S:35,KPL_M:50,KPL_L:75,PORTS:35,PORTM:55,PORTL:105
29000;Pulla, keskirasvainen, kevytmaito, voi;Bun, low-fat milk, butter;309.4;8.1;49.3;8.2;KPL_S:35,KPL_M:50,KPL_L:75,PORTS:35,PORTM:55,PORTL:105
29002;Sekaleipä, sämpylä, vesi, öljy, sämpyläjauho;Multigrain bread, bread roll, water, oil, flour mix;232.6;7.6;39.9;3.7;KPL_S:30,KPL_M:50,KPL_L:70,PORTS:20,PORTM:30,PORTL:40
29003;Sekaleipä, sämpylä, rasvaton maito, öljy, sämpyläjauho;Multigrain bread, bread roll, fat-free milk, oil, flour mix;243.5;8.6;41.5;3.7;KPL_S:30,KPL_M:50,KPL_L:70,PORTS:20,PORTM:30,PORTL:40
29005;Sekaleipä, sämpylä, vesi, voi, sämpyläjauho;Multigrain bread, bread roll, water, butter, flour mix;232.6;7.6;39.6;3.8;KPL_S:30,KPL_M:50,KPL_L:70,PORTS:20,PORTM:30,PORTL:40
29006;Sekaleipä, sämpylä, kevytmaito, voi, sämpyläjauho;Multigrain bread, bread roll, low-fat milk, butter, flour mix;247.2;8.6;41.2;4.3;KPL_S:30,KPL_M:50,KPL_L:70,PORTS:20,PORTM:30,PORTL:40
29007;Sekaleipä, sämpylä, tilamaito, voi, sämpyläjauho;Multigrain bread, bread roll, whole milk, butter, flour mix;255.4;8.6;41.2;5.2;KPL_S:30,KPL_M:50,KPL_L:70,PORTS:20,PORTM:30,PORTL:40
29008;Kasvisliemikuutio;Vegetable bouillon cube;304.6;9.5;13.5;23.5;KPL_M:11,PORTS:5,PORTM:15,PORTL:30
29009;Kanaliemikuutio, sisältää vehnää;Chicken bouillon cube, contains wheat;325.3;9.0;14.0;26.0;KPL_M:11,PORTS:5,PORTM:15,PORTL:30
29010;Kalaliemikuutio;Fish stock cube;309.0;10.0;35.0;14.0;KPL_M:11,PORTS:5,PORTM:15,PORTL:30
29011;Ahvenet foliossa, voissa;Perch, baked in foil with butter;118.5;19.5;0.6;4.1;PORTS:100,PORTM:160,PORTL:215
29012;Punajuuri-riisilaatikko, kevytmaito;Beetroot and rice casserole, low-fat milk;86.3;3.1;12.1;2.6;PORTS:200,PORTM:300,PORTL:400
29013;Simpukkakeitto, kuohukerma;Creamy mussel soup;74.2;4.1;3.9;4.5;PORTS:200,PORTM:350,PORTL:400,DL:100,RKL:15,TL:5
29014;Kookosmaito, kookosjuoma;Coconut milk;209.2;2.0;2.8;21.3;PORTS:100,PORTM:170,PORTL:270,DL:100,RKL:15,TL:5
29015;Pirtelö, marja-jogurttijuoma, jäätelöä;Berry smoothie with ice cream;79.5;2.8;8.7;3.0;PORTS:250,PORTM:400,PORTL:500,DL:100,RKL:15,TL:5
29016;Pirtelö, hedelmä-jogurttijuoma, jäätelöä;Fruit smoothie, fruit shake, yoghurt, ice cream;89.9;2.6;12.4;2.9;PORTS:250,PORTM:400,PORTL:500,DL:100,RKL:15,TL:5
29017;Juustofondue;Cheese fondue;251.6;17.6;1.2;17.0;PORTS:100,PORTM:150,PORTL:200
29018;Jauhelihapihvi, broileri;Chicken mince patty, fried;173.4;15.5;5.5;9.9;PORTS:100,PORTM:150,PORTL:200
29019;Jauhelihapihvi, lampaanliha, paistettu;Lamb mince patty, fried;235.0;14.6;5.5;17.3;KPL_M:65,PORTS:100,PORTM:150,PORTL:200
29020;Jauhelihapihvi, sianliha, paistettu;Pork mince patty, fried;242.9;15.2;5.5;17.9;KPL_M:65,PORTS:100,PORTM:150,PORTL:200
29021;Jauhelihapihvi, kalkkuna, paistettu;Turkey mince patty, fried;190.0;17.3;5.5;10.9;PORTS:100,PORTM:150,PORTL:200
29022;Papu, vihreä papu, keitetty;Bean, green bean, string bean, boiled;37.9;2.2;5.1;0.3;PORTS:40,PORTM:60,PORTL:100,DL:55
29023;Ateriasalaatti, pasta-mäti-katkarapusalaatti, avokadoa, öljykastike;Pasta-roe-shrimpsalad, avocado, oil-based dressing;179.1;10.0;5.7;12.7;PORTS:200,PORTM:250,PORTL:300,DL:75
29024;Kalakeitto, kookosmaito, kala-kookosmaitokeitto;Fish soup with coconut milk;67.2;6.5;2.7;3.3;PORTS:200,PORTM:350,PORTL:400,DL:100,RKL:15,TL:5
29025;Sieni-ohrakeitto;Mushroom-barley soup;73.8;1.4;4.4;5.4;PORTS:200,PORTM:350,PORTL:400,DL:100,RKL:15,TL:5
29026;Kasvisliemi, laimennettu;Vegetable bouillon, dissolved;9.3;0.3;0.4;0.7;PORTS:200,PORTM:300,PORTL:400,DL:100,RKL:15
29027;Kurkkukeitto, kylmä;Cold cucumber soup;41.5;1.4;2.2;2.9;PORTS:100,PORTM:150,PORTL:200,DL:100,RKL:15
29028;Munakoisonyytti, juusto- ja tomaattitäyte;Aubergine filled with tomato and cheese;87.6;4.5;3.7;5.6;PORTS:100,PORTM:200,PORTL:300
29029;Risotto, avokado-pestorisotto;Risotto, avocado and pesto risotto;161.9;3.0;13.4;10.2;PORTS:300,PORTM:350,PORTL:400
29030;Kasviskeitto, kasvis-kookosmaitokeitto;Vegetable soup with coconut milk;91.2;1.6;5.3;6.9;PORTS:200,PORTM:350,PORTL:400,DL:100,RKL:15
29031;Nuudelikeitto, kasviksia;Noodle soup, vegetables;40.0;1.4;4.7;1.5;PORTS:200,PORTM:350,PORTL:400,DL:100,RKL:15
29032;Kasvisgratiini, kermainen;Vegetables, gratinated, vegetable gratin;106.7;4.8;3.2;7.6;PORTS:90,PORTM:180,PORTL:280
29033;Juusto-kasviskeitto;Cheesy vegetable soup;37.4;2.1;2.2;1.9;PORTS:200,PORTM:350,PORTL:400,DL:100,RKL:15,TL:5
29034;Kasvissosekeitto, herne-porkkana-maissi, kasvirasvakerma;Puréed vegetable soup, pea, carrot, sweetcorn, cooking cream (veg. fat);52.9;2.0;7.0;1.4;PORTS:200,PORTM:350,PORTL:400,DL:100,RKL:15
29035;Hernesosekeitto, vesi, valkoviini;Pea soup, pureed, with white wine;54.7;2.5;4.7;2.1;PORTS:200,PORTM:350,PORTL:400,DL:100,RKL:15
29036;Juuressosekeitto, kasvirasvakerma;Root vegetable soup, pureed, cooking cream (veg. fat);29.7;0.6;3.8;1.1;PORTS:200,PORTM:350,PORTL:400,DL:100,RKL:15,TL:5
29037;Juuressosekeitto, vesi;Root vegetable soup, pureed;20.7;0.5;3.9;0.1;PORTS:200,PORTM:350,PORTL:400,DL:100,RKL:15,TL:5
29038;Pasta-vihanneskeitto, vesi;Macaroni and vegetable soup;51.6;2.1;9.2;0.4;PORTS:200,PORTM:350,PORTL:400,DL:100,RKL:15
29039;Katkarapu-porkkanakeitto, kasvirasvakerma;Shrimp soup with carrot and cooking cream (veg. fat);45.9;2.4;2.1;2.9;PORTS:200,PORTM:350,PORTL:400,DL:100,RKL:15,TL:5
29040;Osterikeitto, kuohukerma;Creamy oyster soup;193.8;3.1;2.1;17.8;PORTS:200,PORTM:350,PORTL:400,DL:100,RKL:15,TL:5
29041;Ateriasalaatti, tonnikalasalaatti, kasvikset, ei kastiketta;Tuna salad with vegetables, without dressing;53.5;5.6;4.0;1.4;PORTS:200,PORTM:250,PORTL:300,DL:75
29042;Perunalaatikko, kinkku-perunalaatikko, kasvirasvakerma;Ham and potato casserole, cooking cream (veg. fat);133.7;4.6;9.4;8.4;PORTS:250,PORTM:300,PORTL:350
29043;Perunalaatikko, janssoninkiusaus, kasvirasvakerma;Fish and potato casserole, jansson's temptation, cooking cream (veg. fat);152.4;5.0;10.7;9.7;PORTS:250,PORTM:300,PORTL:350
29044;Maitokastike, valkokastike, kevytmaito, rasva-jauhosuurus, voi;White sauce, low-fat milk, thickened with flour and butter;98.9;3.9;8.9;5.2;PORTS:50,PORTM:100,PORTL:150,DL:100,RKL:15,TL:15
29045;Maitokastike, valkokastike, kevytmaito, rasva-jauhosuurus, öljy;White sauce, low-fat milk, thickened with flour and oil;97.2;3.9;9.0;5.0;PORTS:50,PORTM:100,PORTL:150,DL:100,RKL:15,TL:5
29046;Ruskea kastike, rasva-jauhosuurus, voi;Brown gravy, thickened with butter and flour;62.2;0.8;4.7;4.4;PORTS:50,PORTM:100,PORTL:150,DL:100,RKL:15,TL:5
29047;Ruskea kastike, rasva-jauhosuurus, öljy;Brown gravy, thickened with oil and flour;59.3;0.8;4.7;4.1;PORTS:50,PORTM:100,PORTL:150,DL:100,RKL:15,TL:5
29048;Wok-kasvikset, porkkana-herkkusieni-sipuli-paprika-herne;Wok-vegetables, carrot-champignon-onion-sweet pepper-pea, frozen;35.4;2.1;4.9;0.3;PORTS:50,PORTM:80,PORTL:110,DL:50
29049;Wok-kasvikset, vihreä papu-porkkana-paprika-maissi-palsternakka;Wok-vegetables, green bean-carrot-sweet pepper- sweet corn-parsnip, frozen;60.2;1.5;10.1;0.5;PORTS:50,PORTM:80,PORTL:110,DL:50
29050;Pekoni, filee, rasvaa 18 %, paistettu;Bacon, fillet, 18% fat, fried;301.6;21.3;0.7;24.0;KPL_M:17,PORTS:40,PORTM:75,PORTL:150
29053;Vaalea leipä, patonki, valkosipuli/yrttivoi;White bread, baguette, garlic butter/herb butter filling;334.0;7.7;46.7;12.2;KPL_M:60,KPL_L:180,PORTS:20,PORTM:30,PORTL:40
29054;Paahtoleipä, kaurapaahtoleipä, vesi, vehnäjauho, kaurahiutale;Toast, oats toast, oat flour, oat flakes;255.5;8.1;45.7;3.4;KPL_M:25,PORTS:20,PORTM:30,PORTL:40
29055;Nuudeli, riisinuudeli;Noodle, rice noodle;353.7;3.4;81.6;0.6;PORTS:55,PORTM:70,PORTL:80
29056;Nuudeli, riisinuudeli, keitetty, suolaton;Noodle, rice noodle, boiled without salt;135.0;1.3;31.2;0.2;PORTS:135,PORTM:175,PORTL:200,DL:60
29060;Juusto, salaattijuusto, rasvaa 12-15 %, lehmänmaito, suolaliemessä;Cheese, feta type salad cheese in brine, fat 12-15%;194.7;16.0;1.7;13.0;PORTS:20,PORTM:40,PORTL:60,DL:60
29064;Maito, kevytmaito, laktoositon maitojuoma, d-vitamiinia 1 ug;Milk, 1.5% fat, lactose-free, 1 ug added vitamin d;38.7;3.3;2.8;1.5;PORTS:150,PORTM:200,PORTL:400,DL:100,RKL:15,TL:5
29065;Ruoanvalmistuskerma, rasvaa 15 %;Cooking cream, 15% fat;163.6;2.7;2.7;15.0;PORTS:25,PORTM:50,PORTL:100,DL:100,RKL:15,TL:5
29066;Kerma, kuohukerma, rasvaa 35 %;Whipping cream, 35% fat;330.2;2.0;3.0;35.0;PORTS:25,PORTM:50,PORTL:100,DL:100,RKL:15,TL:5
29070;Energiajuoma, vitaminoitu;Energy drink with added vitamins;49.2;0.4;11.7;0.0;PORTS:250,PORTM:330,PORTL:500,DL:100,RKL:15,TL:5
29071;Kaakaojuoma, kylmä, rasvaton maito, sokeroitu;Chocolate milk, cold, fat-free milk, sweetened;44.8;3.2;7.1;0.3;PORTS:170,PORTM:270,PORTL:450,DL:100,RKL:15,TL:5
29073;Sieni-kasvismuhennos, kasvirasvakerma;Mushroom vegetable stew, cooking cream (vegetable fat);107.6;2.2;3.4;9.2;PORTS:80,PORTM:150,PORTL:200,DL:100,RKL:15
29074;Hampurilainen, kasvishampurilainen, vehnäsämpylä;Vegetable hamburger, wheat bun;214.9;4.5;19.3;13.6;KPL_M:200,PORTS:100,PORTM:200,PORTL:300
29077;Marjapiirakka, tuorejuustotäyte, pohjassa öljy;Berry pie with cream cheese filling, shortbread crust with oil;280.1;6.8;33.8;12.5;KPL_S:50,KPL_M:90,KPL_L:130,PORTS:80,PORTM:120,PORTL:160
29078;Kebabliha;Kebab meat;212.0;23.3;0.0;13.2;PORTS:100,PORTM:120,PORTL:150
29079;Wok-kasvikset, paprika-sipuli-maissi-papu;Wok-vegetables, sweet pepper-onion-sweet corn-beans, frozen;68.5;3.1;10.7;0.6;PORTS:50,PORTM:80,PORTL:110,DL:50
29080;Kakku, jäätelökakku, kinuskikuorrutus;Cake, ice cream cake, caramel topping;296.6;4.8;39.2;13.0;PORTS:40,PORTM:70,PORTL:110,DL:50
29086;Kalkkuna-kasviswokki;Turkey vegetable wok;67.6;8.2;3.2;2.0;PORTS:100,PORTM:200,PORTL:350
29087;Salaatti, jäävuorisalaatti-porkkana-kesäkurpitsa;Salad, iceberg lettuce, carrot and zucchini;20.1;0.8;2.7;0.3;PORTS:50,PORTM:125,PORTL:150,DL:60
29089;Jogurtti, juotava, rasvaa 0,1 %;Yoghurt, drinkable, flavoured, fat 0.1 g;65.0;2.6;12.9;0.1;PORTS:150,PORTM:200,PORTL:250,DL:100,RKL:15,TL:5
29090;Maito, rasvaton, keitetty;Milk, 0 % fat, boiled;35.3;3.2;5.1;0.1;PORTS:150,PORTM:200,PORTL:400,DL:100,RKL:15,TL:5
29091;Kahvi, cappuccino, makeuttamaton, rasvaton maito;Cappuccino, unsweetened, fat-free milk;24.4;2.2;3.5;0.1;PORTS:150,PORTM:180,PORTL:220,DL:100,RKL:15,TL:5
29094;Lihapata, naudanpaisti, lihaliemi, porkkana, voi;Beef steak stew, meat bouillon, carrots, butter;84.1;10.9;2.8;3.1;PORTS:150,PORTM:200,PORTL:250,DL:100,RKL:15,TL:5
29095;Lihapata, naudanpaisti, lihaliemi, porkkana, öljy;Beef steak stew, meat bouillon, carrots, oil;84.1;11.0;2.8;3.0;PORTS:150,PORTM:200,PORTL:250,DL:100,RKL:15,TL:5
29098;Wok-kasvikset, wokattu, paprika-sipuli-maissi-papu;Wok-vegetables, fried, sweet pepper-onion-sweet corn-beans;141.7;3.3;11.7;8.2;PORTS:50,PORTM:100,PORTL:150
29099;Wok-kasvikset, wokattu, porkkana-herkkusieni-sipuli-paprika-herne;Wok-vegetables, fried, carrot-champignon-onion-sweet pepper-pea;111.8;2.4;5.7;8.4;PORTS:50,PORTM:100,PORTL:150
29100;Wok-kasvikset, wokattu, vihreä papu, porkkana, paprika, maissi, palsternakka;Wok-vegetables, fried, green bean-carrot-sweet pepper-sweet corn-parsnip;140.3;1.7;11.7;8.7;PORTS:50,PORTM:100,PORTL:150
29103;Lihapulla, naudanpaisti, paistettu voissa;Meatball, beef steak mince, fried in butter;183.6;13.2;6.8;11.5;KPL_S:20,KPL_M:30,KPL_L:40,PORTS:90,PORTM:120,PORTL:150
29104;Lihapulla, naudanpaisti, paistettu öljyssä;Meatball, lean minced beef, fried in oil;195.3;13.1;6.7;12.9;KPL_S:20,KPL_M:30,KPL_L:40,PORTS:90,PORTM:120,PORTL:150
29125;Jauheliha, broilerin, paistettu;Chicken mince, fried;236.2;23.8;0.0;15.8;PORTS:60,PORTM:100,PORTL:170,DL:75
29126;Jauheliha, broilerin, paistettu ilman rasvaa;Chicken mince, fried without fat;158.5;27.1;0.0;5.5;PORTS:60,PORTM:100,PORTL:170,DL:75
29128;Viili, maustamaton, rasvaton;Curd milk, plain, fat-free;37.5;3.3;4.7;0.5;PORTS:150,PORTM:200,PORTL:250,DL:100,RKL:15,TL:5
29130;Voileipä, lämmin oopperaleipä, jauhelihapihvi, kananmuna;Sandwich, toast sandwich, pork beef mince patty and egg;255.0;13.5;11.0;17.4;KPL_M:125,PORTS:80,PORTM:125,PORTL:150
29131;Voileipä, lämmin sienileipä;Sandwich, toast sandwich, mushroom stew;206.5;5.0;24.1;9.3;KPL_M:125,PORTS:80,PORTM:125,PORTL:150
29132;Voileipä, lämmin juustoleipä, kananmuna;Sandwich, toast sandwich, cheese and egg;283.8;16.8;20.7;14.7;KPL_M:125,PORTS:80,PORTM:125,PORTL:150
29135;Siideri, kuiva, 4,7 til% alkoholia;Cider, dry 4.7% volume;35.5;0.0;2.0;0.0;KPL_S:330,KPL_M:400,KPL_L:500,PORTS:170,PORTM:330,PORTL:500,DL:100,RKL:15,TL:5
29136;Sieni, ryöpätty;Mushroom, blanched;19.8;2.2;0.6;0.5;PORTS:80,PORTM:150,PORTL:200,DL:70
29139;Peruna, paistettu, voi;Potato, fried in butter;130.7;2.3;18.2;4.9;PORTS:125,PORTM:200,PORTL:275,DL:55
29145;Jauheliha, lampaan, paistettu ilman rasvaa;Lamb mince, fried without fat;286.8;25.2;0.0;20.8;PORTS:60,PORTM:100,PORTL:170,DL:75
29146;Jauheliha, lampaan, paistettu;Lamb mince, fried;348.7;22.1;0.0;29.2;PORTS:60,PORTM:100,PORTL:170,DL:75
29147;Jauheliha, kalkkunan, paistettu ilman rasvaa;Turkey mince, fried without fat;193.2;31.0;0.0;7.6;PORTS:60,PORTM:100,PORTL:170,DL:75
29148;Jauheliha, kalkkunan, paistettu;Turkey mince, fried;266.6;27.2;0.0;17.6;PORTS:60,PORTM:100,PORTL:170,DL:75
29149;Italianpata;Italian stew;100.7;7.7;9.7;3.3;PORTS:300,PORTM:350,PORTL:400
29150;Mehu, mehujuoma, puolukka, laimennettu;Juice drink, lingonberry, diluted, contains sugar;14.2;0.0;3.4;0.1;PORTS:150,PORTM:200,PORTL:300,DL:100,RKL:15,TL:5
29155;Kaakaorasva;Cocoa butter;884.3;0.0;0.0;100.0;PORTS:3,PORTM:6,PORTL:10
29156;Suklaa, valkoinen, valkosuklaa;Chocolate, white chocolate;557.4;7.6;53.0;35.0;KPL_S:45,KPL_M:100,KPL_L:200,PORTS:15,PORTM:30,PORTL:100
29159;Margariini 40 %, teollinen tuotekeskiarvo;Margarine 40%, average of industrial products;353.1;0.2;0.7;39.5;PORTS:3,PORTM:6,PORTL:10,DL:95,RKL:14,TL:4.5
29160;Kananmuna, kuorineen punnittu;Egg, whole, with shell;118.1;11.1;0.3;8.1;KPL_M:60,PORTS:30,PORTM:60,PORTL:180
29175;Jauheliha, naudan, rasvaa 17 %, paistettu ilman rasvaa;Beef mince, 17% fat, fried without fat;320.2;26.9;0.0;23.9;PORTS:60,PORTM:100,PORTL:170,DL:75
29180;Lihakastike, sianliha, vihanneksia, ruoanvalmistuskerma;Pork gravy, vegetables, cooking cream;180.3;9.9;2.1;14.4;PORTS:150,PORTM:200,PORTL:250,DL:100,RKL:15
29181;Sianlihasuikale, paistettu öljyssä;Pork strips, fried in oil;354.4;23.6;0.0;29.2;PORTS:100,PORTM:125,PORTL:150,DL:100,RKL:15
29182;Naudanlihasuikale, paistettu öljyssä;Beef strips, fried in oil;237.4;25.5;0.0;15.1;PORTS:100,PORTM:120,PORTL:150
29183;Lihakastike, naudanliha, vihanneksia, ruoanvalmistuskerma;Beef gravy, vegetables, cooking cream;157.5;9.1;2.1;12.2;PORTS:150,PORTM:200,PORTL:250,DL:100,RKL:15
29207;Silakkafilee;Baltic herring, fillet;143.7;16.0;0.0;8.9;KPL_S:13,KPL_M:20,KPL_L:40,PORTS:100,PORTM:160,PORTL:215
29208;Kuskus;Couscous;324.4;11.5;63.6;1.1;PORTS:50,PORTM:70,PORTL:100,DL:80,RKL:12,TL:4
29209;Kuskus, keitetty, suolaa, öljyä;Couscous, cooked with oil and salt;176.8;5.2;28.8;3.9;PORTS:125,PORTM:175,PORTL:250,DL:120
29210;Maito, kevytmaito, ei lisätty d-vitamiinia, luomu;Milk, 1.5% fat, without added vitamin d, organic;45.6;3.0;4.8;1.5;PORTS:150,PORTM:200,PORTL:400,DL:100,RKL:15,TL:5
29211;Maito, rasvaton, ei lisätty d-vitamiinia, luomu;Milk, 0% fat, without added vitamin d, organic;33.8;3.1;4.9;0.1;PORTS:150,PORTM:200,PORTL:400,DL:100,RKL:15,TL:5
29212;Piimä, rasvaton, ei lisätty d-vitamiinia, luomu;Sour milk, fat-free, organic, without added vitamin d;30.0;2.9;3.6;0.1;PORTS:150,PORTM:200,PORTL:400,DL:100,RKL:15,TL:5
29215;Mehu, mehujuoma, c-vitamiinia;Juice drink, fruit, berry, added vitamin c, contains sugar;45.7;0.1;11.0;0.0;PORTS:150,PORTM:200,PORTL:300,DL:100,RKL:15,TL:5
29216;Kiisseli, mehukeitto, 30 mg c-vitamiinia;Berrykissel, berry drink, 30 mg vitamin c;75.4;0.1;18.3;0.0;PORTS:100,PORTM:150,PORTL:200,DL:100,RKL:15
29217;Kangasrousku;Rufous milkcap;18.8;2.1;0.6;0.5;PORTS:100,PORTM:200,PORTL:270
29219;Pinaattiohukainen, maidoton;Thin spinach pancake, spinach crepes, without milk;129.3;4.5;13.8;6.0;KPL_M:15,PORTS:100,PORTM:150,PORTL:200
29222;Hernekeitto, kasvishernekeitto;Vegetarian pea soup;56.5;4.2;6.4;0.5;PORTS:200,PORTM:350,PORTL:400,DL:100,RKL:15
29223;Lasagne, naudanpaisti;Lasagne, beef steak mince;150.2;9.0;13.3;6.5;PORTS:220,PORTM:300,PORTL:350,DL:120,RKL:18
29226;Poronkäristys, vähärasvainen;Sauteed reindeer, low-fat;168.2;21.8;0.0;9.0;PORTS:150,PORTM:200,PORTL:250,DL:85,RKL:17
29228;Juusto, fetajuusto, vuohenmaito, öljyssä;Cheese, feta cheese in oil, goat milk;328.4;17.1;1.1;28.8;PORTS:20,PORTM:40,PORTL:60,DL:60
29229;Porkkana, keitetty, suolaton;Carrot, boiled without salt;33.4;0.6;5.7;0.2;KPL_M:60,PORTS:40,PORTM:60,PORTL:100,DL:50,RKL:10
29232;Sekaleipä, rieska, peruna-ohra, perunasosejauhe;Multigrain bread, flatbread, potato and barley, mashed potato powder;190.2;4.2;37.2;1.4;KPL_S:35,KPL_M:50,KPL_L:125,PORTS:30,PORTM:50,PORTL:70
29233;Munkki, paistettu rypsiöljyssä;Doughnut, fried in rapeseed oil;310.9;7.5;46.0;10.1;KPL_S:80,KPL_M:90,KPL_L:125,PORTS:35,PORTM:80,PORTL:105
29237;Lese, ruislese;Rye bran;279.2;15.0;26.0;4.3;PORTS:15,PORTM:25,PORTL:35,DL:17,RKL:2.5
29238;Kevätkääryle, kasvistäyte;Spring roll, vegetarian;114.3;2.5;12.0;6.0;KPL_M:20,PORTS:100,PORTM:200,PORTL:300
29239;Juusto, mozzarella, rasvaa 20 %, tuorejuusto;Cheese, mozzarella cheese, 20% fat;264.2;18.6;0.0;20.7;PORTS:20,PORTM:40,PORTL:60
29240;Kevätkääryle, jauhelihatäyte;Spring roll with minced meat;169.8;5.9;11.9;10.9;KPL_M:20,PORTS:100,PORTM:200,PORTL:300
29241;Risotto, soija-kasvisrisotto;Risotto, soy and vegetable risotto;113.5;4.1;18.9;1.9;PORTS:300,PORTM:350,PORTL:400
29242;Kikherne-perunapata;Potato stew with chick peas;89.8;3.5;11.8;2.5;PORTS:200,PORTM:300,PORTL:400,DL:100,RKL:15
29247;Kalamureke, maidoton;Fish loaf, no milk;132.8;15.3;4.2;6.0;PORTS:100,PORTM:120,PORTL:150
29248;Perunalaatikko, silakkalaatikko, kevytmaito, ei pekonia;Baltic herring casserole, potato, low-fat milk, without bacon;95.4;7.6;8.4;3.2;PORTS:250,PORTM:300,PORTL:350
29249;Perunalaatikko, silakkalaatikko, kalaliemi;Baltic herring casserole, potato, fish bouillon;80.8;6.9;7.2;2.5;PORTS:250,PORTM:300,PORTL:350
29250;Kalakastike, tonnikalakastike, tomaattinen;Tuna bolognese;155.5;13.7;6.0;8.1;PORTS:150,PORTM:200,PORTL:250,DL:100,RKL:15,TL:5
29253;Lihapulla, naudanpaisti, uunissa paistettu;Meatball, beef steak mince, oven-baked;168.9;18.2;5.9;7.9;KPL_S:20,KPL_M:30,KPL_L:40,PORTS:90,PORTM:120,PORTL:150
29254;Lindströminpihvi, naudanpaisti;Lindström´s steak, beetroot and beef steak mince;146.8;11.0;8.6;7.4;KPL_M:50,PORTS:100,PORTM:150,PORTL:200
29255;Uunikala, ruoanvalmistuskerma;Fish, cooking cream (19% fat), oven-baked;145.9;17.1;1.2;7.7;PORTS:100,PORTM:160,PORTL:215
29256;Broilerifilee, juustotäyte, uunissa;Chicken fillet, filled with cheese, oven-baked;166.2;27.2;0.0;6.2;PORTS:120,PORTM:160,PORTL:200
29257;Lasagne, broilerinliha;Lasagne, chicken mince;156.2;9.6;14.6;6.2;PORTS:220,PORTM:300,PORTL:350,DL:120,RKL:18
29259;Lihapulla, hirvenliha, paistettu voissa;Meatball, minced elk, fried in butter;197.8;18.1;6.6;10.7;PORTS:90,PORTM:120,PORTL:150
29260;Vaalea leipä, naanleipä;White bread, naan bread;276.0;7.7;44.2;6.8;PORTS:30,PORTM:50,PORTL:70
29262;Lihapulla, hirvenliha, ei kermaa, paistettu;Meatball, minced elk, without cream, fried;171.1;17.7;6.0;8.4;PORTS:90,PORTM:120,PORTL:150
29263;Kirjolohifilee, kasvirasvakerma, leivitetty, uunissa;Rainbow trout fillet, cooking cream (veg. fat), breaded, oven-baked;193.4;18.5;2.3;12.3;PORTS:100,PORTM:160,PORTL:215
29264;Lasagne, soija-kasvislasagne;Lasagne, soya vegetable lasagne;127.7;6.0;13.1;5.2;PORTS:220,PORTM:300,PORTL:350,DL:120,RKL:18
29266;Kesäkurpitsa, täytetty, soija, riisi;Zucchini filled with soya and rice;75.8;3.4;6.4;3.7;PORTS:100,PORTM:150,PORTL:300
29267;Kasvisminestronekeitto;Vegetable minestrone soup;40.2;1.4;4.0;1.8;PORTS:200,PORTM:350,PORTL:400,DL:100,RKL:15
29268;Kermaperuna, kahvikerma;Sliced baked potatoes with cream (19% fat);113.0;3.1;12.7;4.9;PORTS:120,PORTM:225,PORTL:300,DL:100,RKL:15
29269;Kermaperuna, kasvirasvakerma;Sliced baked potatoes with cream (15 % veg. fat);101.2;3.0;12.2;4.0;PORTS:120,PORTM:225,PORTL:300,DL:100,RKL:15
29270;Makaronilaatikko, liha-makaronilaatikko, naudanpaisti, lihaliemi;Macaroni and beef steak mince casserole, meat bouillon;101.6;7.3;7.5;4.6;PORTS:250,PORTM:300,PORTL:350
29271;Makaronilaatikko, liha-makaronilaatikko, naudanliha, lihaliemi;Macaroni and beef mince casserole, meat bouillon;114.9;6.9;7.4;6.3;PORTS:250,PORTM:300,PORTL:350
29273;Makaronilaatikko, liha-makaronilaatikko, naudanpaisti, kevytmaito,tumma makaroni;Macaroni and beef steak mince casserole, low-fat milk, whole wheat macaroni;104.8;8.1;9.0;3.8;PORTS:250,PORTM:300,PORTL:350
29275;Peruna-sipulilaatikko, kasvirasvakerma 15 %;Potato and onion casserole, cooking cream (vegetable fat 15%);107.9;2.1;10.6;6.1;PORTS:120,PORTM:225,PORTL:300,DL:100
29277;Perunalaatikko, jauheliha-perunalaatikko, naudanpaisti, lihaliemi;Minced meat and potato casserole, lean steak mince, bouillon;98.3;7.0;9.3;3.4;PORTS:250,PORTM:300,PORTL:350
29279;Hampurilainen, naudanlihapihvi ja vehnäsämpylä;Hamburger, beef and wheat roll;186.3;11.2;22.3;6.4;KPL_M:200,PORTS:100,PORTM:200,PORTL:300
29283;Jauhelihapihvi, naudanliha, paistettu;Beef mince patty, fried;252.0;15.4;5.4;18.8;KPL_M:65,PORTS:100,PORTM:150,PORTL:200
29284;Naudanlihapihvi, paistettu voissa;Beef steak, fried in butter;180.6;25.0;0.1;8.9;PORTS:120,PORTM:150,PORTL:200
29285;Naudanlihaleike, leivitetty, paistettu öljyssä;Beef schnitzel, breaded, fried in oil;229.8;21.8;10.8;10.9;PORTS:150,PORTM:175,PORTL:195
29286;Naudanlihaleike, leivitetty, paistettu voissa;Beef schnitzel, breaded, fried in butter;218.3;21.9;10.9;9.5;PORTS:150,PORTM:175,PORTL:195
29289;Lihamureke, naudanpaisti, vesi;Meatloaf, beef steak, water;163.5;17.1;5.7;7.9;PORTS:100,PORTM:120,PORTL:150
29293;Lihapata, palapaisti, ruoanvalmistusrasva, keskiarvo;Beef steak stew, thickened;97.2;12.9;2.2;4.0;PORTS:150,PORTM:200,PORTL:250
29294;Neljänviljanpuuro, vesi, suolaa;Mixed flake porridge, water, salt;50.5;1.7;8.8;0.5;PORTS:150,PORTM:230,PORTL:320,DL:100,RKL:15,TL:5
29295;Karjalanpiirakka, perinteinen, voideltu voilla;Karelian pasty, rice filling, buttered;174.1;5.3;25.9;4.8;KPL_S:35,KPL_M:60,KPL_L:90,PORTS:40,PORTM:80,PORTL:130
29304;Salaatti, salaattipöydän antimet, ei kastiketta;Salad, average mixture without sauce;47.6;1.0;5.9;1.7;PORTS:50,PORTM:125,PORTL:150,DL:60
29305;Hernekeitto, keskirasvainen naudanliha;Peasoup with medium fat beef;82.1;7.8;5.5;2.2;PORTS:200,PORTM:350,PORTL:400,DL:100,RKL:15
29306;Uunibanaani;Baked banana;175.7;1.1;33.6;3.5;PORTS:80,PORTM:150,PORTL:200
29307;Kaurapuuro, vesi, kauraleseitä, suolaa;Oat porridge, oat flakes, oat bran, water, salt;47.8;1.8;7.3;0.9;PORTS:150,PORTM:230,PORTL:320,DL:100,RKL:15,TL:5
29409;Margariini 60 %, becel laktoositon;Margarine 60%, becel, lactose-free;530.6;0.0;0.0;60.0;PORTS:3,PORTM:6,PORTL:10,DL:95,RKL:14,TL:4.5
29410;Herkkutatti;Porcini;30.2;3.1;2.4;0.2;PORTS:120,PORTM:230,PORTL:300
29411;Herkkutatti, kokoon keitetty;Porcini, boiled;46.5;4.8;3.7;0.4;PORTS:80,PORTM:150,PORTL:200
29412;Äidinmaidonkorvike, jauhe, tuotekeskiarvo;Infant formula, powder, average;496.3;9.5;56.4;25.1;PORTS:13.5,PORTM:22.5,PORTL:31.5,DL:45,RKL:6.5,TL:2
29413;Äidinmaidonkorvike, käyttövalmis, tuotekeskiarvo;Infant formula, ready-to-feed, average;67.9;1.3;7.7;3.5;KPL_M:200,PORTS:100,PORTM:200,PORTL:300,DL:100,RKL:15,TL:5
29495;(arc)täysmehu, c-vitamiinia, keskiarvo;(arc)juice, unsweetened, added vitamin c, average;47.4;0.4;10.2;0.3;PORTS:150,PORTM:200,PORTL:300,DL:100,RKL:15,TL:5
29496;Makaroni, gluteeniton;Macaroni, gluten-free;358.8;9.3;73.6;1.8;PORTS:55,PORTM:70,PORTL:80,DL:55
29497;Pasta, gluteeniton, tuotekeskiarvo, keitetty, suolaton;Pasta, gluten-free, average of industrial products, boiled without salt;104.8;2.2;21.7;0.6;PORTS:135,PORTM:175,PORTL:200
29498;Risotto, broileririsotto;Risotto, chicken risotto;123.4;7.6;15.8;2.9;PORTS:300,PORTM:350,PORTL:400
29499;Jauho, jauhoseos, luontaisesti gluteeniton, riisi-maissi-peruna;Flour mixture, naturally gluten-free, rice, corn, potato;348.3;2.5;80.6;0.6;PORTS:15,PORTM:25,PORTL:35
29500;Vanukas, riisivanukas, vaniljariisi;Pudding, rice pudding with vanilla;106.6;2.7;18.8;2.1;PORTS:100,PORTM:150,PORTL:200,DL:100,RKL:15,TL:5
29501;Tonikki, tonic vesi;Tonic water;36.1;0.0;8.9;0.0;PORTS:170,PORTM:300,PORTL:500,DL:100,RKL:15,TL:5
29510;Palsternakka, keitetty, suolaton;Parsnip, boiled without salt;65.1;1.1;10.5;0.6;KPL_S:100,KPL_M:150,KPL_L:200,PORTS:40,PORTM:60,PORTL:100
29511;Juuriselleri, keitetty, suolaton;Celeriac, boiled without salt;22.5;1.3;2.6;0.1;KPL_S:200,KPL_M:600,KPL_L:800,PORTS:40,PORTM:60,PORTL:100
29682;Seiti, keitetty, suolaton;Saithe, boiled, without salt;91.1;19.9;0.0;1.1;PORTS:100,PORTM:160,PORTL:215
29683;Kampela, keitetty, suolaton;Flounder, boiled, without salt;87.3;17.1;0.0;2.0;PORTS:100,PORTM:160,PORTL:215
29684;Turska, keitetty, suolaton;Cod, boiled without salt;87.2;19.6;0.0;0.9;PORTS:100,PORTM:160,PORTL:215
29685;Täysmehu, luumutäysmehu;Plum juice, unsweetened;22.7;0.1;5.3;0.0;PORTS:150,PORTM:200,PORTL:300,DL:100,RKL:15,TL:5
29686;Kalkkuna, keitetty, suolaton;Turkey, boiled, unsalted;141.7;29.8;0.0;2.3;PORTS:100,PORTM:200,PORTL:300
29687;Makeinen, salmiakkimakeinen;Salty liqourice;369.6;4.6;86.0;0.1;KPL_S:2,KPL_M:3,KPL_L:7.5,PORTS:30,PORTM:80,PORTL:140
29749;Keksi, leivoskeksi, keskiarvo;Jaffa cake, average;379.5;3.8;62.0;12.4;KPL_M:13,PORTS:13,PORTM:26,PORTL:65
29753;Keksi, pikkuleipä;Biscuit;455.2;4.9;50.4;25.8;KPL_M:5,PORTS:5,PORTM:13,PORTL:25
29754;Keksi, pikkuleipä, perunajauhoa, fruktoosilla makeutettu;Biscuit, potato flour, sweetened with fructose;455.1;4.9;50.4;25.8;KPL_M:5,PORTS:5,PORTM:13,PORTL:25
29756;Keksi, suklaakeksi, teollinen, keskiarvo;Chocolate biscuit, industrial, average;465.7;6.1;60.0;22.9;KPL_M:13,PORTS:15,PORTM:30,PORTL:75
29759;Keksi, lastenkeksi, keskiarvo;Biscuit for children, average;442.1;4.5;71.1;15.0;PORTS:5,PORTM:13,PORTL:25
29760;Keksi, kaurakeksi, teollinen;Oat biscuit, industrial;461.1;6.4;61.9;20.0;PORTS:5,PORTM:13,PORTL:25
29761;Keksi, vohvelikeksi;Wafer biscuit;460.8;3.0;65.4;20.5;KPL_M:10,PORTS:10,PORTM:20,PORTL:50
29763;Korppu, sokerikorppu, rasvaton maito, teollinen;Sugar-covered rusk, fat-free milk, industrial;397.4;8.3;69.0;8.9;KPL_M:10,PORTS:10,PORTM:20,PORTL:40
29764;Korppu, sokerikorppu, vesi, teollinen;Sugar-covered rusk, water, industrial;378.0;8.2;68.3;7.1;KPL_M:10,PORTS:10,PORTM:20,PORTL:40
29765;Korppu, sokerikorppu, kevytmaito, kotitekoinen;Sugar-covered rusk, low-fat milk, home-made;383.9;8.3;68.5;7.6;KPL_M:10,PORTS:10,PORTM:20,PORTL:40
29766;Korppu, grahamkorppu, vesi, teollinen;Wholemeal rusk, industrial;362.5;10.5;62.9;6.3;KPL_M:10,PORTS:10,PORTM:20,PORTL:40
29767;Korppu, grahamkorppu, maito, kotitekoinen;Wholemeal rusk, milk, home-made;364.5;10.6;63.1;6.4;KPL_M:10,PORTS:10,PORTM:20,PORTL:40
29768;Korppu, vehnäkorppu, maito, teollinen;Wheat rusk, milk, industrial;367.2;10.4;64.7;6.2;KPL_M:10,PORTS:10,PORTM:20,PORTL:40
29769;Keksi, suolakeksi;Salted cracker, saltine cracker;442.3;9.0;57.9;18.7;KPL_M:4.5,PORTS:5,PORTM:10,PORTL:25
29770;Keksi, voileipäkeksi, vesikeksi;Cream cracker, water biscuit;425.4;10.4;68.3;11.2;KPL_M:8,PORTS:8,PORTM:16,PORTL:40
29771;Näkkileipä, ruisnäkkileipä, kuitua 17 %;Crispbread, rye, 17% fibre;360.2;11.2;64.3;2.3;KPL_S:10,KPL_M:15,KPL_L:20,PORTS:20,PORTM:35,PORTL:50
29772;Hapankorppu;Finn crisp, rye crispbread;348.1;12.5;56.3;2.8;KPL_M:6,KPL_L:10,PORTS:10,PORTM:30,PORTL:50
29775;Muro, maissihiutale, sokerihuurrettu;Breakfast cereal, sugar-coated corn flakes;387.2;5.0;88.3;0.5;PORTS:25,PORTM:30,PORTL:35,DL:13
29776;Muro, weetabix original, muroke, vitaminoitu;Breakfast cereal, weetabix original, vitamins;343.3;12.4;62.3;2.3;KPL_M:18,PORTS:18,PORTM:36,PORTL:54
29777;Muro, weetabix, banaani, muroke;Breakfast cereal, weetabix banana flavour;412.5;10.6;75.6;5.2;KPL_M:18,PORTS:18,PORTM:36,PORTL:54
29778;Muro, vehnärengasmuro;Breakfast cereal, wheat loops;386.3;8.1;75.1;4.5;PORTS:25,PORTM:30,PORTL:35
29779;Muro, neljänviljanmuro;Breakfast cereal, mixed grain;396.7;6.9;81.1;3.8;PORTS:25,PORTM:30,PORTL:35
29780;Muro, suklaamuro, keskiarvo;Breakfast cereal, chocolate cereal, average;404.5;5.6;79.3;6.1;PORTS:25,PORTM:30,PORTL:35,DL:13
29781;Muro, riisi-vehnähiutale;Breakfast cereal, rice-wheat flakes;362.8;10.0;75.7;1.4;PORTS:25,PORTM:30,PORTL:35
29782;Muro, lesemuro, täysjyvävehnä;Breakfast cereal, bran flakes, whole wheat flakes;358.0;11.2;65.7;2.4;PORTS:25,PORTM:30,PORTL:35,DL:30,RKL:4.5
29783;Muro, riisimuro;Breakfast cereal, rice krispies;382.6;6.8;85.6;1.2;PORTS:25,PORTM:30,PORTL:35,DL:15,RKL:3
29784;Mysli, viljainen;Muesli, cereal;371.0;9.2;61.1;7.6;PORTS:12,PORTM:25,PORTL:40,DL:40,RKL:6,TL:3
29785;Mysli, perus;Muesli, basic;351.4;9.8;65.9;2.9;PORTS:12,PORTM:25,PORTL:40,DL:45,RKL:7,TL:3
29787;Sekaleipä, kauraleipä, vesi;Multigrain bread, oat bread, water;256.0;8.5;46.6;2.8;KPL_M:20,PORTS:20,PORTM:30,PORTL:40
29788;Sekaleipä, ohraleipä, vesi, hiivaleipä- ohra-, vehnäjauho;Multigrain bread, barley bread, water, dark wheat, barley and wheat flour;209.0;5.9;39.9;1.8;KPL_M:20,PORTS:20,PORTM:30,PORTL:40
29789;Vaalea leipä, juustopatonki;White bread, cheese baguette;285.9;9.6;51.8;3.5;PORTS:20,PORTM:30,PORTL:40
29790;Vaalea leipä, valkosipulipatonki;White bread, garlic baguette;280.5;8.7;53.5;2.6;PORTS:20,PORTM:30,PORTL:40
29791;Sekaleipä, porkkanaleipä, vesi;Multigrain bread, carrot bread, water;264.2;8.1;49.3;2.7;KPL_S:30,KPL_M:50,KPL_L:70,PORTS:20,PORTM:30,PORTL:40
29792;Sekaleipä, porkkanasämpylä, vesi;Multigrain bread, carrot roll, water;265.8;8.4;49.4;2.7;PORTS:20,PORTM:30,PORTL:40
29793;Vaalea leipä, juustosämpylä, vesi;White bread, wheat roll with cheese;286.8;9.5;51.7;3.7;KPL_M:50,PORTS:20,PORTM:30,PORTL:40
29794;Sekaleipä, kaurasämpylä, vesi;Multigrain bread, oat roll, water;256.0;8.5;46.6;2.8;KPL_S:30,KPL_M:50,KPL_L:70,PORTS:20,PORTM:30,PORTL:40
29795;Paahtoleipä, vehnä, vesi;Toast, wheat toast;279.3;8.1;51.9;3.5;KPL_M:20,PORTS:20,PORTM:30,PORTL:40
29796;Paahtoleipä, grahampaahtoleipä, vesi;Toast, graham toast;287.0;9.2;51.2;3.8;KPL_M:25,PORTS:20,PORTM:30,PORTL:40
29797;Paahtoleipä, ruispaahtoleipä;Toast, rye toast;282.2;8.4;51.5;3.3;PORTS:20,PORTM:30,PORTL:40
29798;Sekaleipä, rouheleipä, vaalea, vesi;Multigrain bread, crushed grains, water;271.9;8.9;49.7;2.8;PORTS:20,PORTM:30,PORTL:40
29799;Sekaleipä, rouhesämpylä, vesi, vaalea;Multigrain bread, bread roll, crushed grains, water;278.3;9.0;51.7;2.8;PORTS:20,PORTM:30,PORTL:40
29800;Sekaleipä, sämpylä, ruisrouhesämpylä, vesi;Multigrain bread, wheat roll with crushed rye;265.6;8.2;49.1;2.7;PORTS:20,PORTM:30,PORTL:40
29801;Vaalea leipä, perunarieska, teollinen;White bread, potato flatbread, industrial;229.5;6.9;45.9;1.0;PORTS:30,PORTM:50,PORTL:70
29802;Sekaleipä, ohrarieska, teollinen;Multigrain bread, barley flatbread, industrial;229.4;7.1;44.9;1.2;KPL_S:35,KPL_M:50,KPL_L:125,PORTS:30,PORTM:50,PORTL:70
29803;Sekaleipä, rieska, peruna-ohra, vesi, vehnäjauho, teollinen;Multigrain bread, flatbread, potato and barley, water, wheat flour, industrial;220.7;6.0;44.8;0.9;KPL_S:35,KPL_M:30,KPL_L:125,PORTS:30,PORTM:50,PORTL:70
29804;Sekaleipä, vesi, vehnä-, ruisjauho, perunahiutale;Multigrain bread, water, wheat and rye flour, potato flakes;271.8;7.8;51.0;2.6;KPL_M:20,PORTS:20,PORTM:30,PORTL:40
29805;Sekaleipä, vaalea, vesi, vehnäjauho, vehnärouhe;Multigrain bread, water, wheat flour, crushed wheat grains;286.3;9.5;49.5;4.5;KPL_M:20,PORTS:20,PORTM:30,PORTL:40
29806;Paahtoleipä, monivilja;Toast, multigrain toast;267.8;8.5;45.8;4.4;PORTS:20,PORTM:30,PORTL:40
29807;Sekaleipä, sämpylä, monivilja;Multigrain bread, bread roll;290.7;9.4;50.3;4.5;KPL_M:50,PORTS:20,PORTM:30,PORTL:40
29808;Sekaleipä, ruissämpylä;Multigrain bread, rye roll;259.5;7.8;47.2;2.8;PORTS:20,PORTM:30,PORTL:40
29809;Sekaleipä, perunalimppu, vehnä-, ruisjauho, perunahiutale;Rye bread, potato rye bread;246.2;6.4;49.6;1.0;KPL_M:30,PORTS:20,PORTM:30,PORTL:40
29810;Sekaleipä, setsuuri, pääsiäislimppu/joululimppu;Multigrain bread, sweet-and-sour bread;282.4;8.0;52.5;2.9;KPL_M:20,PORTS:20,PORTM:30,PORTL:40
29811;Ruisleipä, ruissekaleipä;Rye bread, rye mixed grain bread;267.6;8.3;50.1;1.6;KPL_M:20,PORTS:20,PORTM:30,PORTL:40
29812;Näkkileipä, vehnänäkkileipä, kuitua 7 %;Crispbread, wheat, 7% fibre;449.9;14.0;77.2;7.4;KPL_S:10,KPL_M:15,KPL_L:20,PORTS:20,PORTM:35,PORTL:50
29813;Näkkileipä, grahamnäkkileipä, kuitua 8 %;Crispbread, wholemeal, 8% fibre;413.2;13.7;70.4;6.3;KPL_S:10,KPL_M:15,KPL_L:20,PORTS:20,PORTM:35,PORTL:50
29814;Ruisleipä, varrasleipä;Rye bread, dried rye bread;308.4;9.2;56.4;1.8;PORTS:20,PORTM:35,PORTL:50
29815;Korppu, vehnäkorppu, vesi, teollinen;Wheat rusk, industrial;370.8;10.4;65.5;6.3;KPL_M:10,PORTS:10,PORTM:20,PORTL:40
29819;Piimä, gefilus-piimä, rasvaton, d-vit 1 ug, probiootteja;Soured milk gefilus, skimmed 0.1 fat;30.0;2.9;3.6;0.1;PORTS:170,PORTM:270,PORTL:450,DL:100,RKL:15,TL:5
29822;Jauho, maissijauho, karkea, polentajauho;Flour, corn meal, coarsely ground;348.8;8.5;70.3;1.6;PORTS:15,PORTM:25,PORTL:35,DL:55,RKL:8
29823;Jauho, maissijauho, hienoksi jauhettu;Flour, corn meal, finely ground;379.3;5.6;83.8;1.4;PORTS:15,PORTM:25,PORTL:35,DL:55,RKL:8
29851;Lampaanliha, vähärasvainen, keitetty, suolaton;Lamb, low-fat, boiled without salt;261.9;27.1;0.0;17.1;PORTS:100,PORTM:120,PORTL:150
29975;Ateriankorvike, proteiinijuomajauhe, herbalife formula 1, 35 % proteiinia;Meal replacement, protein drink powder, herbalife formula 1, 35% protein;372.4;34.6;34.6;8.8;KPL_VALM:26,PORTS:13,PORTM:26,PORTL:39
30005;Ateriankorvike, proteiinijuoma maitoon, herbalife formula 1;Meal replacement, protein drink powder and milk, herbalife formula 1;65.7;6.0;7.7;0.9;KPL_VALM:276,PORTS:140,PORTM:276,PORTL:415
30051;Täysksylitolipastilli;Full- xylitol pastille;224.0;0.5;0.0;0.8;KPL_M:0.6,PORTS:0.6,PORTM:1.2,PORTL:3
30104;Jauho, tapioka;Tapioca;373.0;0.2;91.1;0.0;PORTS:15,PORTM:25,PORTL:35
30149;Porsaankylki, ribsit, paistettu;Pork ribs, fried;556.3;23.7;0.0;52.0;PORTS:90,PORTM:135,PORTL:195
30151;Pannukakku, laktoositon maitojuoma;Oven-baked pancake, low-fat milk, lactose-free;130.6;7.0;17.0;3.5;KPL_M:85,PORTS:85,PORTM:170,PORTL:250
30152;Makaronilaatikko, liha-makaronilaatikko, sianliha, kevytmaito;Macaroni and pork mince casserole, low-fat milk;112.5;7.6;8.9;5.0;PORTS:250,PORTM:300,PORTL:350
30153;Kaalilaatikko, lihaton, munamaito;Cabbage casserole, without meat;79.1;2.9;12.8;1.3;PORTS:250,PORTM:300,PORTL:350
30154;Nakkikeitto;Frankfurter soup;62.6;2.7;4.0;3.4;PORTS:200,PORTM:350,PORTL:400,DL:100,RKL:15
30155;Jauhelihakastike, ruskea kastike, sianliha, rasvaa;Pork mince gravy;141.0;10.4;2.1;10.2;PORTS:100,PORTM:180,PORTL:250,DL:100,RKL:15,TL:5
30156;Hirvenlihakäristys;Sauteed elk;135.7;20.2;0.0;6.1;PORTS:150,PORTM:200,PORTL:250,DL:85,RKL:17
30157;Grillimakkara, grillattu;Barbeque sausage, grilled;246.8;11.2;9.0;18.6;PORTS:50,PORTM:100,PORTL:200
30158;Ohrapuuro, uunissa, maito, ohrasuurimo, suolaa;Barley porridge, pearl barley, milk, salt, oven-baked;88.1;4.0;12.6;2.0;PORTS:150,PORTM:230,PORTL:320,DL:100,RKL:15,TL:5
30159;Riisipuuro, maito, riisi, suolaton;Rice porridge, milk, without salt;93.2;3.9;15.2;1.6;PORTS:150,PORTM:230,PORTL:320,DL:100,RKL:15,TL:5
30161;Kaurapuuro, rasvaton maito, suolaa;Oat porridge, oat flakes, fat-free milk, salt;89.2;4.9;13.6;1.2;PORTS:150,PORTM:230,PORTL:320,DL:100,RKL:15,TL:5
30162;Riisipuuro, täysmaito, riisi, suolaa;Rice porridge, whole milk, salt;110.9;3.9;15.2;3.6;PORTS:150,PORTM:230,PORTL:320,DL:100,RKL:15,TL:5
30163;Ateriasalaatti, tonnikalasalaatti, kananmuna, ei kastiketta;Tuna salad with egg, without dressing;60.7;7.7;1.7;2.3;PORTS:200,PORTM:250,PORTL:300,DL:75
30164;Ateriasalaatti, katkarapusalaatti, kananmunaa, ei kastiketta;Shrimp salad with egg, without dressing;42.1;5.5;1.7;1.2;PORTS:200,PORTM:250,PORTL:300,DL:75
30166;Salaatti, sienisalaatti, kevytkerma;Salad, mushroom salad with cooking cream;59.2;1.8;2.7;4.1;PORTS:50,PORTM:60,PORTL:70,DL:75
30167;Ateriasalaatti, caesarsalaatti, broileri, juusto, caesarkastike, krutonki;Caesar salad with chicken;225.1;11.0;8.3;16.4;PORTS:200,PORTM:250,PORTL:300
30168;Hampurilainen, naudanlihapihvi ja rouhesämpylä;Hamburger, beef and wheat roll with crushed grain;235.9;13.2;14.7;13.5;KPL_M:200,PORTS:100,PORTM:200,PORTL:300
30169;Hampurilainen, kanahampurilainen, rouhesämpylä;Chicken hamburger, wheat roll with crushed grain;233.7;10.3;22.5;10.8;KPL_M:200,PORTS:100,PORTM:200,PORTL:300
30170;Hampurilainen, kasvishampurilainen, rouhesämpylä;Vegetable hamburger, wheat roll with crushed grain;196.6;5.5;23.0;8.5;KPL_M:200,PORTS:100,PORTM:200,PORTL:300
30171;Hampurilainen, ruishampurilainen, porsaan ulkofilee;Hamburger with pork sirloin and rye bread;202.4;11.3;14.6;10.2;KPL_M:200,PORTS:100,PORTM:200,PORTL:300
30172;Sokerivesikuorrutus;Icing;341.8;0.0;84.1;0.0;PORTS:10,PORTM:25,PORTL:40
30174;Pulla, korvapuusti, runsasrasvainen, vesi, öljy;Bun, cinnamon bun, high-fat, water, oil;337.4;6.8;45.4;13.7;KPL_S:40,KPL_M:60,KPL_L:105,PORTS:40,PORTM:70,PORTL:105
30175;Kaurapuuro, vesi, omena-kaneli, sokeria, suolaton;Oat porridge, oat flakes, apple and cinnamon, water, without salt;45.6;1.4;7.7;0.7;PORTS:150,PORTM:230,PORTL:320,DL:100,RKL:15,TL:5
30178;Vatruska, voideltu;Vatruska, potato pasty with rice;169.6;2.6;17.8;9.5;PORTS:40,PORTM:80,PORTL:130
30179;Hirvenlihakastike, ruoanvalmistuskerma;Elk meat gravy, with cooking cream;168.4;16.7;1.5;10.2;PORTS:150,PORTM:200,PORTL:250
30180;Makaronilaatikko, soija-makaronilaatikko, kevytmaito;Macaroni and soya casserole, low-fat milk;92.4;7.3;10.2;2.0;PORTS:250,PORTM:300,PORTL:350
30181;Makaronilaatikko, kala-makaronilaatikko, tonnikala, kevytmaito;Macaroni and tuna casserole, low-fat milk;110.2;10.4;7.9;3.9;PORTS:250,PORTM:300,PORTL:350
30182;Kinkkukastike, maitopohjainen, sinihomejuustoa, ruoanvalmistuskermaa;Ham and blue cheese gravy, cooking cream, thickened;165.3;9.6;4.8;11.7;PORTS:150,PORTM:200,PORTL:250,DL:100,RKL:15
30184;Lohifilee, paistettu;Salmon fillet, fried;220.9;20.3;0.0;15.6;PORTS:100,PORTM:160,PORTL:215
30185;Vanukas, soijavanukas;Pudding, soy pudding;71.0;4.2;13.0;0.0;PORTS:100,PORTM:125,PORTL:250,DL:100
30186;Vehnätortilla;Wheat tortilla;302.3;7.2;45.8;9.4;KPL_S:42,KPL_M:63,KPL_L:91,PORTS:50,PORTM:130,PORTL:200
30187;Maissinaksu, suolaton;Corn snack, puffed, corn puffs without added salt;379.3;5.6;83.8;1.4;KPL_M:1,PORTS:10,PORTM:25,PORTL:50
30188;Veriohukainen, teollinen;Blood pancake, industrial;161.6;8.5;16.2;6.4;KPL_M:25,PORTS:100,PORTM:150,PORTL:200
30189;Pinaattiohukainen, teollinen;Thin spinach pancake, spinach crepes, industrial;165.5;5.5;20.7;6.4;KPL_M:15,PORTS:100,PORTM:150,PORTL:200
30190;Jauho, kaurajauho;Flour, oat flour;390.6;12.6;63.9;7.1;PORTS:15,PORTM:25,PORTL:35,DL:55,RKL:8
30192;Risotto, jauheliha-papurisotto, naudanliha;Risotto, beef mince and bean risotto;142.5;7.5;15.0;5.3;PORTS:300,PORTM:350,PORTL:400
30193;Pasta, moniviljapasta, vehnä, ruis, ohra;Pasta, multigrain, wheat, rye and barley;360.8;15.0;66.0;2.5;PORTS:55,PORTM:70,PORTL:80,DL:55,RKL:7.5
30194;Urheilujuoma, hiilihydraattijuoma, powerade, gatorade;Sport beverage, carbohydrate drink, powerade, gatorade;27.3;0.1;6.7;0.0;PORTS:170,PORTM:300,PORTL:500,DL:100,RKL:15,TL:5
30195;Vanukas, maitosuklaavanukas, teollinen, keskiarvo;Pudding, milk chocolate pudding, industrial, average;124.5;4.1;19.2;3.2;PORTS:100,PORTM:120,PORTL:240,RKL:15,TL:5
30200;Kebableipä, pitakebab, rullakebab, grilliruoka;Pita kebab, kebab roll;194.4;9.0;14.0;11.1;PORTS:200,PORTM:350,PORTL:450
30201;Uunikala;Fish, oven-baked;142.1;21.9;0.0;6.0;PORTS:100,PORTM:160,PORTL:215
30202;Sushi, tonnikala, ilman levää, nigiri;Sushi nigiri with tuna, without seaweed;126.9;10.6;15.4;2.1;KPL_M:35,PORTS:50,PORTM:100,PORTL:200
30203;Sushi, levärulla, tuoresuolattu lohi, maki;Sushi maki with salt-cured salmon and seaweed;154.0;9.7;16.9;4.7;KPL_M:27,PORTS:50,PORTM:100,PORTL:200
30204;Kasviskuskus;Vegetable couscous;130.1;4.0;18.3;3.9;PORTS:300,PORTM:350,PORTL:400
30205;Lihapulla, lihapyörykkä, teollinen;Meatball, industrial;237.0;12.3;11.1;15.8;KPL_M:15,PORTS:90,PORTM:120,PORTL:150
30206;Viineri, vaniljakiisseli, hillo, vesi, leipomo;Danish pastry, vanilla custard and jam filling, water, bakery;351.6;5.6;36.8;19.9;KPL_S:40,KPL_M:80,KPL_L:105,PORTS:35,PORTM:55,PORTL:105
30207;Soijajuoma, kalsiumia;Soya drink,  calcium;40.3;3.0;2.0;2.0;PORTS:150,PORTM:200,PORTL:400,DL:100,RKL:15
30208;Kaurajuoma, maidoton, lisätty kalsiumia;Oat drink without milk, with added calcium;39.2;1.0;6.2;1.0;PORTS:150,PORTM:200,PORTL:400,DL:100,RKL:15,TL:5
30209;Kaurajuoma, maidoton, lisätty kalsiumia ja vitamiineja;Oat drink without milk, with added calcium and vitamins;56.7;1.0;9.3;1.5;PORTS:150,PORTM:200,PORTL:400,DL:100,RKL:15,TL:5
30210;Kaurajuoma, maidoton, oat drink;Oat drink without milk;41.0;1.0;7.2;0.7;PORTS:150,PORTM:200,PORTL:400,DL:100,RKL:15,TL:5
30211;Kauravalmiste, vaihtoehto kermalle, rasvaa 15 %;Oat product, non-dairy cream substitute, 15% fat;164.9;1.3;6.1;15.0;PORTS:100,PORTM:170,PORTL:270,DL:100,RKL:15,TL:5
30212;Riisijuoma, lisätty kalsiumia;Rice drink, calcium;47.4;0.1;9.4;1.0;PORTS:150,PORTM:200,PORTL:400,DL:100,RKL:15
30213;Wok-kasvikset, maissi-porkkana-herne-parsakaali-paprika-sieni-purjo;Wok-vegetables, corn-carrot-pea-broccoli-sweet pepper-mushroom-leek, frozen;55.5;2.7;8.2;0.6;PORTS:50,PORTM:80,PORTL:110,DL:50
30214;Vesikastanja;Water chestnut;97.4;1.4;20.9;0.1;KPL_M:9,PORTS:36,PORTM:60,PORTL:90
30215;Wok-kasvikset, porkkana-herne-vesikastanja- bambunverso-paprika-sieni;Wok-vegetables, carrot-pea-water chestnut-bamboo shoot-sweet pepper-mushroom;46.3;2.1;7.6;0.3;PORTS:50,PORTM:80,PORTL:110,DL:50
30216;Wok-kasvikset, wokattu, maissi-porkkana-herne-parsakaali-paprika-sieni-purjo;Wok-vegetables, fried, sweet corn-carrot-pea-broccoli-sweet pepper-mushroom-leek;134.9;3.1;9.5;8.7;PORTS:50,PORTM:100,PORTL:150
30217;Wok-kasvikset, wokattu, porkkana-herne-vesikastanja-bambunverso-paprika-sieni;Wok-vegetables, fried, carrot-pea-water chestnut-bamboo shoot-sweet pepper-onion;124.3;2.4;8.7;8.4;PORTS:50,PORTM:100,PORTL:150
30218;Wok-kasvikset, lanttu-porkkana-parsakaali-vesikastanja-maissi-herne-sieni;Wok-vegetables, swede-carrot-broccoli-water chestnut-corn-pea-mushroom, frozen;59.4;2.1;10.2;0.4;PORTS:50,PORTM:80,PORTL:110,DL:50
30219;Wok-kasvikset, wokattu, lanttu-porkkana-parsakaali-vesikast.-maissi-herne-sieni;Wok-vegetables, fried, swede-carrot-broccoli-water chestnut-corn-pea-mushroom;139.3;2.4;11.7;8.5;PORTS:50,PORTM:100,PORTL:150
30221;Riisi-kauraseos;Rice and oat mix;374.3;10.9;69.5;4.1;PORTS:50,PORTM:70,PORTL:100,DL:78
30222;Runebergintorttu;Runeberg's cake;404.5;6.1;43.9;22.4;KPL_M:80,PORTS:40,PORTM:80,PORTL:160
30223;Bataatti, kuorittu;Sweet potato, without skin;80.9;1.6;16.8;0.1;KPL_M:130,PORTS:40,PORTM:60,PORTL:100
30224;Virvoitusjuoma, kolajuoma light, keinotekoisesti makeutettu;Soft drink, cola, light, artificially sweetened;0.4;0.1;0.0;0.0;PORTS:300,PORTM:400,PORTL:500,DL:100,RKL:15,TL:5
30225;Broileri-kasviswokki, wokkivihannekset;Chicken-vegetable wok, wok-vegetables;106.0;11.7;4.7;4.1;PORTS:100,PORTM:200,PORTL:350
30226;Porsas-kasviswokki, wokkivihannekset;Pork-vegetable wok, wok-vegetables;233.7;12.6;5.2;17.9;PORTS:100,PORTM:200,PORTL:350
30259;Pakastekasvissekoitus, peruna-sipulisekoitus;Frozen vegetable mix, potato-onion;71.6;1.8;14.4;0.1;PORTS:120,PORTM:200,PORTL:340
30260;Peruna-sipulilaatikko, pakastesekoitus, kasvirasvakerma 15 %;Potato and onion casserole, frozen vegetable mix, cooking cream (veg. fat 15%);113.6;2.2;11.8;6.1;PORTS:120,PORTM:225,PORTL:300,DL:100
30261;Grillimakkara, keitetty;Barbeque sausage, boiled;229.6;10.4;8.4;17.3;PORTS:50,PORTM:100,PORTL:200
30262;Poronliha, paistettu;Reindeer, fried;200.8;24.8;0.0;11.3;PORTS:120,PORTM:150,PORTL:200
30265;Broilerin siipi, nahkoineen;Chicken wing with skin;184.8;17.5;0.0;12.8;PORTS:140,PORTM:215,PORTL:285
30268;Broilerin siipi, nahaton;Chicken wing without skin;120.6;22.0;0.0;3.5;PORTS:140,PORTM:215,PORTL:285
30271;Broilerin siipi, marinoitu, raaka;Chicken wing, marinated, raw;190.1;15.1;1.1;14.1;PORTS:140,PORTM:215,PORTL:285
30272;Broilerin siipi, marinoitu, uunissa;Chicken wing, marinated, oven-baked;271.6;21.5;1.6;20.1;KPL_S:20,KPL_M:25,KPL_L:35,PORTS:100,PORTM:150,PORTL:200
30273;Leikkelemakkara, balkan/kinkkumakkara, rasvaa 16 %;Slicing sausage, balkan/ham sausage, 16% fat;196.1;13.0;0.4;16.0;KPL_S:8,KPL_M:11,KPL_L:20,PORTS:5,PORTM:11,PORTL:22
30274;Leikkelemakkara, balkanmakkara, rasvaa 21,5 %;Slicing sausage, balkan, 21.5% fat;249.8;10.4;4.3;21.5;KPL_S:8,KPL_M:11,KPL_L:20,PORTS:5,PORTM:11,PORTL:22
30275;Leikkelemakkara, goutermakkara, rasvaa 12 %;Slicing sausage, gouter, 12% fat;176.0;9.8;7.3;12.0;KPL_S:8,KPL_M:11,KPL_L:20,PORTS:5,PORTM:11,PORTL:22
30278;Muikkusäilyke, tomaattikastikkeessa;Vendace, canned in tomato sauce;172.7;16.2;1.6;11.4;PORTS:50,PORTM:100,PORTL:200
30279;Leikkelemakkara, lauantaimakkara, kevyt, rasvaa 14,5 %;Slicing sausage, lauantai, light, 14.5% fat;190.2;10.3;0.2;14.5;KPL_S:8,KPL_M:11,KPL_L:20,PORTS:5,PORTM:11,PORTL:22
30281;Nakki, juustoinen;Frankfurter, contains cheese;235.8;12.5;1.3;17.7;KPL_M:30,KPL_L:40,PORTS:60,PORTM:150,PORTL:210
30282;Kampelafilee, leivitetty, paistettu pannulla;Flounder, breaded, fried;192.6;12.4;20.6;6.5;PORTS:100,PORTM:160,PORTL:215
30286;Kampelafilee, leivitetty, uunissa;Flounder, breaded, oven-baked;156.7;13.0;21.7;1.7;PORTS:100,PORTM:160,PORTL:215
30292;Lenkkimakkara, juustoinen;Sausage, ring bologna, contains cheese;235.0;11.4;7.4;15.9;PORTS:70,PORTM:125,PORTL:250,DL:70
30294;Leikkelemakkara, vähäsuolainen, rasvaa 3,5 %;Slicing sausage, low salt, fat 3.5%;102.8;10.3;7.5;3.1;KPL_S:8,KPL_M:11,KPL_L:20,PORTS:5,PORTM:11,PORTL:22
30295;Leikkelemakkara, balkanmakkara/kinkkumakkara, kevyt, rasvaa 9 %;Slicing sausage, balkan/ham sausage, light, 9% fat;146.8;14.4;2.1;9.0;KPL_S:8,KPL_M:11,KPL_L:20,PORTS:5,PORTM:11,PORTL:22
30298;Pulla, keskirasvainen, kevytmaito, keinotekoisesti makeutettu;Bun, low-fat milk, artificially sweetened;305.7;9.0;47.1;8.3;KPL_S:35,KPL_M:50,KPL_L:75,PORTS:35,PORTM:55,PORTL:105
30299;Kalkkunaleike, leivitetty, uunissa;Turkey schnitzel, breaded, oven-baked;243.5;19.6;13.3;12.4;PORTS:150,PORTM:175,PORTL:195
30303;Kalapyörykkä, teollinen;Fish ball, industrial;221.7;14.5;12.5;11.5;KPL_S:10,KPL_M:15,KPL_L:20,PORTS:90,PORTM:120,PORTL:150
30305;Meetvursti, kevyt, rasvaa 15 %;Salami, light, 15% fat;234.8;24.9;0.0;15.0;KPL_S:2,KPL_M:6,KPL_L:10,PORTS:4,PORTM:12,PORTL:20
30306;Meetvursti;Salami;371.8;22.3;0.5;31.6;KPL_S:2,KPL_M:6,KPL_L:10,PORTS:4,PORTM:12,PORTL:20
30310;Sulatejuusto, rasvaa 5 %, vähärasvainen;Processed cheese, 5% fat, low-fat;138.9;23.0;0.3;5.0;KPL_M:20,PORTS:7,PORTM:15,PORTL:25,DL:100,RKL:15
30311;Kalakukko, kirjolohi;Rainbow trout loaf, fish in rye crust;240.8;11.1;21.7;11.5;PORTS:40,PORTM:80,PORTL:130
30312;Feta-kasvispannu;Feta cheese and vegetables, pan-fried;101.6;3.5;3.1;8.0;PORTS:90,PORTM:180,PORTL:280
30313;Kalakastike, lohikastike, kermainen;Creamy salmon gravy;105.3;7.4;2.7;7.0;PORTS:150,PORTM:200,PORTL:250
30314;Broilerikeitto, kasviksia, kermainen;Creamy chicken vegetable soup;55.5;4.7;1.7;3.0;PORTS:200,PORTM:350,PORTL:400,DL:100,RKL:15
30315;Kanaliemi, laimennettu;Chicken broth;9.9;0.3;0.4;0.8;PORTS:200,PORTM:300,PORTL:400,DL:100,RKL:15,TL:5
30316;Broilerinleike, leivitetty, kariniemen kananpojan paneroitu pihvi;Chicken schnitzel, breaded, kariniemi, oven-baked;277.3;12.5;17.1;17.6;PORTS:150,PORTM:175,PORTL:195
30317;Nakki, tuotekeskiarvo;Frankfurter, average of industrial products;233.2;11.3;1.2;18.2;KPL_M:30,KPL_L:40,PORTS:60,PORTM:150,PORTL:210
30318;Lenkkimakkara, keskiarvo;Sausage, ring bologna, average;228.8;9.7;7.6;15.8;PORTS:70,PORTM:125,PORTL:250,DL:70
30319;Leikkelemakkara, jahtimakkara, rasvaa 18 %;Slicing sausage, jahti, 18% fat;225.9;10.3;6.1;18.0;KPL_S:8,KPL_M:11,KPL_L:20,PORTS:5,PORTM:11,PORTL:22
30321;Grillimakkara, kevyt, tuotekeskiarvo;Barbeque sausage, light, average;166.6;11.7;4.3;10.1;KPL_M:100,PORTS:50,PORTM:100,PORTL:200,DL:70
30322;Ryynimakkara, tuotekeskiarvo;Groat sausage, average of industrial products;242.0;8.0;20.3;12.6;KPL_M:120,PORTS:50,PORTM:100,PORTL:200
30324;Lenkkimakkara, kevyt, tuotekeskiarvo;Sausage, ring bologna, light, average;161.5;9.8;8.8;9.0;PORTS:70,PORTM:125,PORTL:250,DL:70
30325;Nakki, kevyt, tuotekeskiarvo;Frankfurter, light, average of industrial products;156.9;11.5;5.1;9.0;KPL_M:30,KPL_L:40,PORTS:60,PORTM:150,PORTL:210
30326;Grillimakkara, kevyt, grillattu;Barbeque sausage, light, grilled;179.2;12.6;4.6;10.9;PORTS:50,PORTM:100,PORTL:200
30327;Grillimakkara, lihaisa, grillattu;Barbeque sausage, meaty, grilled;270.1;14.1;0.8;23.7;PORTS:50,PORTM:100,PORTL:200
30328;Lenkkimakkara, kevyt, grillattu;Sausage, ring bologna, light, grilled;173.7;10.6;9.4;9.7;PORTS:70,PORTM:125,PORTL:250
30329;Nakki, kevyt, grillattu;Frankfurter, light, grilled;168.7;12.4;5.5;9.7;PORTS:60,PORTM:150,PORTL:210
30330;Nakki, grillattu, juustoinen;Frankfurter, contains cheese, grilled;253.5;13.4;1.4;19.0;PORTS:60,PORTM:150,PORTL:210
30331;Lenkkimakkara, juustoinen, grillattu;Sausage, ring bologna, contains cheese, grilled;252.6;12.3;8.0;17.1;PORTS:70,PORTM:125,PORTL:250
30332;Grillimakkara, kevyt, uunissa;Barbeque sausage, light, oven baked;179.2;12.6;4.6;10.9;PORTS:50,PORTM:100,PORTL:200
30333;Grillimakkara, lihaisa, uunissa;Barbeque sausage, meaty, oven baked;270.1;14.1;0.8;23.7;PORTS:50,PORTM:100,PORTL:200
30334;Lenkkimakkara, kevyt, uunissa;Sausage, ring bologna, light, oven-baked;173.7;10.6;9.4;9.7;PORTS:70,PORTM:125,PORTL:250
30335;Lenkkimakkara, uunissa;Sausage, ring bologna, oven-baked;246.0;10.4;8.2;17.0;PORTS:70,PORTM:125,PORTL:250
30336;Lenkkimakkara, juustoinen, uunissa;Sausage, ring bologna, contains cheese, oven-baked;252.6;12.3;8.0;17.1;PORTS:70,PORTM:125,PORTL:250
30338;Nakki, uunissa;Frankfurter, oven-baked;250.8;12.2;1.2;19.6;PORTS:60,PORTM:150,PORTL:210
30339;Nakki, kevyt, uunissa;Frankfurter, light, oven-baked;168.7;12.4;5.5;9.7;PORTS:60,PORTM:150,PORTL:210
30340;Nakki, uunissa, juustoinen;Frankfurter, contains cheese, oven-baked;253.5;13.4;1.4;19.0;PORTS:60,PORTM:150,PORTL:210
30341;Nakki, kevyt, keitetty;Frankfurter, light, boiled;156.9;11.5;5.1;9.0;PORTS:60,PORTM:150,PORTL:210
30342;Grillimakkara, paistettu ilman rasvaa;Barbeque sausage, fried without fat;255.1;11.5;9.3;19.2;PORTS:50,PORTM:100,PORTL:200
30344;Lauantaimakkara, paistettu ilman rasvaa;Sausage, lauantai, fried without fat;269.6;10.6;8.5;21.7;PORTS:80,PORTM:160,PORTL:240
30345;Lauantaimakkara, paistettu rasvassa;Sausage, lauantai, fried;296.3;10.0;8.1;25.2;PORTS:80,PORTM:160,PORTL:240
30346;Riisi, pitkäjyväinen, keitetty, suolaton;Rice, long-grain, boiled without salt;109.3;2.4;23.6;0.3;PORTS:70,PORTM:110,PORTL:150,DL:80,RKL:12
30347;Riisi, pitkäjyväinen, kasvisliemessä, keitetty;Rice, long-grain, boiled, vegetable bouillon;112.5;2.5;23.7;0.6;PORTS:70,PORTM:110,PORTL:150,DL:80,RKL:12
30348;Riisi, tumma, keitetty, suolaton;Rice, brown, boiled without salt;104.1;2.1;21.5;0.7;PORTS:70,PORTM:110,PORTL:150,DL:80,RKL:12
30349;Täysjyväriisi, keitetty, suolaa;Rice, wholegrain, boiled, salt;144.9;3.2;28.5;1.2;PORTS:70,PORTM:110,PORTL:150,DL:80,RKL:12
30350;Ruis-riisiseos, keitetty, suolaton;Rice and rye mix, boiled without salt;139.1;3.4;29.4;0.6;PORTS:70,PORTM:110,PORTL:150
30351;Riisi-kauraseos, keitetty, suolaa;Rice and oat mix, boiled, salt;93.3;2.7;17.3;1.0;PORTS:70,PORTM:110,PORTL:150
30352;Riisi-kauraseos, keitetty, suolaton;Rice and oat mix, boiled, without salt;93.8;2.7;17.4;1.0;PORTS:70,PORTM:110,PORTL:150
30356;Makaroni, keitetty, suolaton;Macaroni, boiled without salt;101.6;3.9;19.9;0.3;PORTS:135,PORTM:175,PORTL:200,DL:65,RKL:11
30357;Pasta, spagetti, keitetty, suolaton;Pasta, spaghetti, boiled without salt;101.2;3.6;19.9;0.4;PORTS:135,PORTM:175,PORTL:200,DL:80,RKL:12
30358;Kauramakaroni, keitetty, suolaa;Oat macaroni, boiled with added salt;106.5;3.8;19.2;1.1;PORTS:135,PORTM:175,PORTL:200,DL:65,RKL:11
30360;Makaroni, ruismakaroni, keitetty, suolaton;Rye macaroni, boiled, without salt;107.6;3.9;20.1;0.8;PORTS:135,PORTM:175,PORTL:200,DL:65,RKL:11
30361;Pasta, moniviljapasta, keitetty, suolaton;Pasta, multigrain, boiled without salt;108.2;4.5;19.8;0.8;PORTS:135,PORTM:175,PORTL:200,DL:65,RKL:11
30362;Pasta, moniviljapasta, keitetty, suolaa;Pasta, multigrain, boiled, salt;106.4;4.4;19.5;0.7;PORTS:135,PORTM:175,PORTL:200,DL:65,RKL:11
30366;Perunasose, vesi, kasvirasvalevite;Mashed potatoes, water, vegetable fat spread;72.5;1.5;12.1;1.6;PORTS:125,PORTM:200,PORTL:300,DL:85,RKL:12
30367;Perunasose, rasvaton maito;Mashed potatoes, fat-free milk;82.8;2.1;13.0;2.1;PORTS:125,PORTM:200,PORTL:300,DL:85,RKL:12
30368;Perunasose, täysmaito;Mashed potatoes, whole milk;88.6;2.1;13.0;2.7;PORTS:125,PORTM:200,PORTL:300,DL:85,RKL:12
30369;Raakamakkara, siskonmakkara;Sausage, fresh sausage, siskonmakkara;212.1;10.0;0.9;16.7;KPL_M:35,PORTS:60,PORTM:150,PORTL:210
30370;Grillimakkara, juustoinen, lihaisa;Barbeque sausage, meaty, cheese;226.0;12.9;1.0;19.1;KPL_M:100,PORTS:50,PORTM:100,PORTL:200,DL:70
30371;Makkara, verimakkara, mustamakkara;Blood sausage, black sausage;216.5;9.7;18.6;10.3;PORTS:50,PORTM:100,PORTL:200
30372;Maksamakkara, maksapasteija, keskiarvo;Liver sausage, liver pate, average;207.6;12.9;1.4;16.9;PORTS:15,PORTM:30,PORTL:60
30373;Maksamakkara, maksapasteija, kevyt, keskiarvo;Liver sausage, liver pate, light, average;147.0;10.8;4.0;8.8;PORTS:15,PORTM:30,PORTL:60
30374;Grillimakkara, juustoinen;Barbeque sausage, cheese;233.4;10.0;8.6;15.9;KPL_M:100,PORTS:50,PORTM:100,PORTL:200,DL:70
30380;Tee, jäätee;Tea, ice tea;32.9;0.1;8.0;0.0;PORTS:170,PORTM:300,PORTL:500,DL:100,RKL:15,TL:5
30382;Punajuuri, keitetty, suolaton;Beetroot, boiled without salt;45.4;1.4;8.2;0.1;KPL_M:80,PORTS:40,PORTM:60,PORTL:100
30384;Lanttu, keitetty, suolaton;Swede, boiled without salt;35.5;1.1;6.0;0.1;PORTS:40,PORTM:60,PORTL:100,DL:50
30388;Mehu, mehujuoma, osittain keinotekoisesti makeutettu;Juice drink, fruit, berry, partially artificially sweetened;29.6;0.3;6.8;0.1;PORTS:150,PORTM:200,PORTL:300,DL:100,RKL:15,TL:5
30390;Mehu, mehujuoma, kevyt, osittain keinotekoisesti makeutettu;Juice drink, fruit, berry, light, partially artificially sweetened;15.6;0.2;3.4;0.1;PORTS:150,PORTM:200,PORTL:300,DL:100,RKL:15,TL:5
30391;Täysmehu, päärynätäysmehu;Pear juice, unsweetened;35.8;0.3;8.0;0.1;PORTS:150,PORTM:200,PORTL:300,DL:100,RKL:15,TL:5
30392;Mehu, mehujuoma;Juice drink, fruit, berry, average, contains sugar;45.5;0.1;11.0;0.0;PORTS:150,PORTM:200,PORTL:300,DL:100,RKL:15,TL:5
30394;Mehujuomatiiviste, keskiarvo;Fruit juice, concentrated, average, contains sugar;200.2;0.8;47.7;0.3;PORTS:25,PORTM:30,PORTL:50,DL:100,RKL:15,TL:5
30395;Täysmehu, karpalo-puolukkatäysmehu;Cranberry-lingonberryjuice, unsweetened;35.1;0.5;6.7;0.4;PORTS:150,PORTM:200,PORTL:300,DL:100,RKL:15,TL:5
30396;Mehu, mehujuoma, sokeriton, keinotekoisesti makeutettu;Juice drink, sugar-free, artificially sweetened;0.0;0.0;0.0;0.0;PORTS:150,PORTM:200,PORTL:300,DL:100,RKL:15,TL:5
30402;Juusto, puolikova juusto, rasvaa 5 %;Cheese, semi-hard cheese, 5% fat;168.1;30.5;0.0;5.0;KPL_S:4,KPL_M:8,KPL_L:12,PORTS:4,PORTM:8,PORTL:15
30406;Raejuusto, rasvaa 2-5 %, laktoositon;Cottage cheese, 2-5% fat, lactose-free;92.1;15.8;2.5;2.0;PORTS:7,PORTM:15,PORTL:25,DL:85,RKL:9.5,TL:4
30423;Maito, rasvaton, laktoositon maitojuoma, d-vitamiinia 1 ug;Milk, 0% fat, lactose-free, 1 ug added vitamin d;27.5;3.3;3.1;0.1;PORTS:150,PORTM:200,PORTL:400,DL:100,RKL:15,TL:5
30424;Pulla, keskirasvainen, kevytmaito, laktoositon;Bun, low-fat milk, lactose-free;306.9;8.1;48.7;8.1;KPL_S:35,KPL_M:50,KPL_L:75,PORTS:35,PORTM:55,PORTL:105
30425;Makaronilaatikko, liha-makaronilaatikko, sika-nauta, laktoositon maitojuoma;Macaroni and pork beef mince casserole, lactose-free milk;119.6;7.5;8.0;6.3;PORTS:250,PORTM:300,PORTL:350
30428;Juusto, sinihomejuusto, rasvaa 17 %, aura;Cheese, blue cheese, aura, 17% fat;260.0;27.0;0.0;17.0;PORTS:20,PORTM:40,PORTL:60
30429;Juusto, valkohomejuusto, rasvaa 16 %, camembert/brie;Cheese, white mould cheese, camembert/brie, 16% fat;229.9;20.8;1.0;16.0;PORTS:20,PORTM:40,PORTL:60,DL:90
30430;Siideri, kuiva, 5,5 til% alkoholia;Cider, dry, 5.5% volume;42.0;0.0;2.6;0.0;KPL_S:330,KPL_M:400,KPL_L:500,PORTS:170,PORTM:330,PORTL:500,DL:100,RKL:15,TL:5
30432;Siiderijuoma, 0,7 til% alkoholia;Cider, 0.7% volume;43.3;0.3;9.0;0.0;PORTS:170,PORTM:330,PORTL:500,DL:100,RKL:15,TL:5
30434;Kalalevite;Fish paste;85.8;18.4;0.9;0.7;PORTS:10,PORTM:25,PORTL:40
30440;Riisisuklaa;Rice chocolate;512.4;7.2;58.6;27.3;PORTS:20,PORTM:40,PORTL:80
30443;Tuorejuusto, rasvaa 15 %, maustettu, creme bonjour light;Cream cheese, low-fat, 15% fat, flavoured, creme bonjour light;175.6;7.6;2.3;15.0;PORTS:7,PORTM:15,PORTL:25,DL:100,RKL:15
30444;Tomaatti, aurinkokuivattu, öljyssä;Tomato, sun-dried, in oil;227.4;5.1;17.5;14.1;KPL_M:10,PORTS:15,PORTM:30,PORTL:60,DL:60
30449;Viili, maustamaton, rasvaa 1 %, ykkösviili, vl;Curd milk, plain, 1% fat, low-lactose;41.5;3.4;4.5;1.0;PORTS:150,PORTM:200,PORTL:250,DL:100,RKL:15,TL:5
30450;Viili, maustettu, rasvaa 2 %, vl;Curd milk, flavoured, 2% fat, low-lactose;85.7;2.6;11.9;1.7;PORTS:150,PORTM:200,PORTL:250,DL:100,RKL:15,TL:5
30451;Kivennäisvesi, fruktoosilla makeutettu;Mineral water, sweetened with fructose;11.4;0.0;2.8;0.0;PORTS:170,PORTM:300,PORTL:500,DL:100,RKL:15,TL:5
30452;Jogurtti, juotava, rasvaa 0,1 %, vl;Yoghurt, drinkable, flavoured, fat 0.1%, low-lactose;65.7;2.7;13.0;0.1;PORTS:150,PORTM:200,PORTL:250,DL:100,RKL:15,TL:5
30454;Kermaviili, rasvaa 6 %, vl;Sour cream, 6% fat, low-lactose;86.0;3.1;4.4;6.0;PORTS:40,PORTM:100,PORTL:200,DL:100,RKL:15,TL:5
30455;Kermaviili, rasvaa 3,5 % ,vl;Sour cream, 3.5% fat, low-lactose;64.1;3.2;4.8;3.5;PORTS:40,PORTM:100,PORTL:200,DL:100,RKL:15,TL:5
30456;Jogurtti, maustettu, rasvaa 2 %, vl, d-vit 0,5 ug;Yoghurt, flavoured, 2% fat, low-lactose, 0.5 ug vitamin d;82.0;2.6;11.9;2.0;PORTS:150,PORTM:200,PORTL:250,DL:100,RKL:15,TL:5
30462;Jogurtti, maustettu, rasvaa 1,5 %, vl;Yoghurt, flavoured, 1.5% fat, low-lactose;78.0;3.3;12.3;1.5;PORTS:150,PORTM:200,PORTL:250,DL:100,RKL:15,TL:5
30464;Jogurtti, maustettu, rasvaton, laktoositon;Yoghurt, flavoured, fat-free, lactose-free;71.8;3.7;13.4;0.1;PORTS:150,PORTM:200,PORTL:250,DL:100,RKL:15,TL:5
30478;Kantarelli, paistettu;Chanterelle, fried;92.7;2.4;1.9;7.6;PORTS:80,PORTM:150,PORTL:200,DL:80,RKL:20
30570;Maltodekstriini;Maltodextrin;385.2;0.0;94.8;0.0;PORTS:5,PORTM:15,PORTL:30,DL:55
30572;Grillimakkara, tuotekeskiarvo;Barbeque sausage, average;229.6;10.4;8.4;17.3;KPL_M:100,PORTS:50,PORTM:100,PORTL:200,DL:70
30573;Grillimakkara, lihaisa, tuotekeskiarvo;Barbeque sausage, meaty, average;251.2;13.1;0.8;22.0;KPL_M:100,PORTS:50,PORTM:100,PORTL:200,DL:70
30574;Mehu, höyrymehu, mustaherukka, laimentamaton, sokeriton;Blackcurrant juice, unsweetened, undiluted, home-made;35.2;0.7;4.9;0.5;PORTS:25,PORTM:30,PORTL:50,DL:100,RKL:15,TL:5
30575;Mehu, höyrymehu, mustaherukka, laimennettu, sokeriton;Blackcurrant juice, unsweetened, diluted, home-made;7.0;0.1;1.0;0.1;PORTS:150,PORTM:200,PORTL:300,DL:100,RKL:15,TL:5
30576;Mehu, gefilus, probiootteja, tuotekeskiarvo;Juice drink, gefilus, probiotics, average of industrial products;50.7;0.5;11.6;0.3;PORTS:150,PORTM:200,PORTL:300,DL:100,RKL:15,TL:5
30599;Pakastekasvissekoitus, peruna-sipulisekoitus, paistettu;Frozen vegetable mix, potato-onion, fried;129.8;2.1;16.9;5.3;PORTS:125,PORTM:200,PORTL:275
30600;Bataatti, uunissa;Sweet potato, baked;88.0;1.7;18.3;0.1;KPL_M:130,PORTS:100,PORTM:150,PORTL:200
30601;Bataatti, paistettu;Sweet potato, fried;140.8;1.9;19.7;5.3;PORTS:40,PORTM:60,PORTL:100
30602;Bataatti, kuorittu, keitetty, suolaton;Sweet potato, without skin, boiled, without salt;80.9;1.6;16.8;0.1;KPL_M:130,PORTS:40,PORTM:60,PORTL:100
30603;Bataatti, kuorittu, keitetty, suolaa;Sweet potato, without skin, boiled, salt;80.5;1.6;16.7;0.1;KPL_M:130,PORTS:40,PORTM:60,PORTL:100
30604;Bataattisosekeitto, vesi;Sweet potato soup;38.4;0.7;5.7;1.1;PORTS:200,PORTM:350,PORTL:400,DL:100,RKL:15
30605;Tonnikala, paistettu;Tuna, fried;185.1;26.7;0.0;8.7;PORTS:100,PORTM:160,PORTL:215
30606;Täysmehu, c-vitamiinia, d-vitamiinia, probiootteja;Juice, unsweetened, vitamin c, vitamin d, probiotics;49.7;0.5;10.9;0.2;PORTS:150,PORTM:200,PORTL:300,DL:100,RKL:15,TL:5
30607;Mehu, mehujuoma, kuitua;Juice drink, fruit, berry, fibre, contains sugar;48.0;0.3;10.8;0.1;PORTS:150,PORTM:200,PORTL:300,DL:100,RKL:15,TL:5
30608;Jogurtti, maustettu hillolla, rasvaton;Yoghurt with jam, fat-free;67.7;3.2;12.9;0.1;PORTS:100,PORTM:150,PORTL:200,DL:100,RKL:15,TL:5
30610;Voi, vähäsuolainen;Butter, low-sodium;727.0;1.2;0.8;81.3;PORTS:3,PORTM:6,PORTL:10,DL:95,RKL:14,TL:4.5
30612;Kasvirasvalevite 30 %, keiju kevyt;Vegetable fat spread 30%, keiju kevyt;302.9;0.2;9.0;30.0;PORTS:3,PORTM:6,PORTL:10,DL:95,RKL:14,TL:4.5
30614;(arc) kasvirasvalevite 25%, pirkka;(arc)vegetable fat spread 25%, pirkka;231.1;0.0;2.4;25.0;PORTS:3,PORTM:6,PORTL:10,DL:95,RKL:14,TL:4.5
30616;Margariini 40 %, rainbow;Margarine 40%, rainbow;355.1;0.3;0.0;40.0;PORTS:3,PORTM:6,PORTL:10,DL:95,RKL:14,TL:4.5
30617;Kasvirasvalevite 70 %, keiju laktoositon, d-vit 20 ug;Vegetable fat spread 70%, keiju lactose free, 20 ug vitamin d;619.0;0.0;0.0;70.0;PORTS:3,PORTM:6,PORTL:10,DL:95,RKL:14,TL:4.5
30619;Margariini 60 %, keiju normaalisuolainen, d-vit 20 ug;Margarine 60%, keiju normally salted, 20 ug vitamin d;542.7;0.3;0.5;61.0;PORTS:3,PORTM:6,PORTL:10,DL:95,RKL:14,TL:4.5
30621;Margariini 40 %, keiju kevyt laktoositon, d-vit 20 ug;Margarine 40%, keiju light, lactose-free, 20 ug vitamin d;353.7;0.0;0.0;40.0;PORTS:3,PORTM:6,PORTL:10,DL:95,RKL:14,TL:4.5
30629;Margariini 60 %, kultarypsi;Margarine 60%, kultarypsi;532.0;0.2;0.3;60.0;PORTS:3,PORTM:6,PORTL:10,DL:95,RKL:14,TL:4.5
30631;Margariini 60 %, teollinen tuotekeskiarvo;Margarine 60%, average of industrial products;533.4;0.3;0.3;60.2;PORTS:3,PORTM:6,PORTL:10,DL:95,RKL:14,TL:4.5
30633;Mehujuomatiiviste, vitaminoitu;Fruit juice, concentrated, with added vitamins, contains sugar;200.2;0.8;47.7;0.3;PORTS:25,PORTM:30,PORTL:50,DL:100,RKL:15,TL:5
30634;Nuudeli, keitetty, suolaa;Noodle, boiled, salt;132.6;4.2;25.1;1.2;PORTS:135,PORTM:175,PORTL:200,DL:45
30635;Nuudeli, keitetty, suolaa, öljyä;Noodle, boiled, salt and oil;135.4;4.2;25.0;1.6;PORTS:135,PORTM:175,PORTL:200,DL:45
30636;Siideri, kevyt, 4,7 til% alkoholia;Cider, light, 4.7% volume;28.1;0.0;0.2;0.0;KPL_S:330,KPL_M:400,KPL_L:500,PORTS:170,PORTM:330,PORTL:500,DL:100,RKL:15,TL:5
30638;Gin long drink, kevyt 4,7 til%;Gin and grapefruit drink, light, 4.7% volume;26.5;0.0;0.2;0.0;PORTS:170,PORTM:330,PORTL:500,DL:100,RKL:15,TL:5
30639;Booli, 7 til.% alkoholia;Punch, 7% volume;70.8;0.2;5.1;0.1;PORTS:170,PORTM:330,PORTL:500,DL:100,RKL:15,TL:5
30641;Kananmuna, omega, kuoreton;Egg, omega, without shell;137.6;12.6;0.3;9.7;KPL_M:55,PORTS:30,PORTM:60,PORTL:180
30646;Ruoanvalmistuskerma, rasvaa 5 %, vl;Cooking cream, 5% fat, low-lactose;68.4;1.5;4.2;5.0;PORTS:25,PORTM:50,PORTL:100,DL:100,RKL:15,TL:5
30664;Suolapähkinä-hedelmä-sekoitus;Salted nut and dried fruit mix;454.1;16.7;26.0;29.7;PORTS:20,PORTM:50,PORTL:100,DL:65,RKL:13
30665;Ateriankorvike, proteiinipatukka, keskiarvo, n. 30 % proteiinia;Meal replacement, protein bar, average, c. 30% protein;405.8;27.4;47.7;10.5;KPL_S:30,KPL_M:60,KPL_L:80,PORTS:27,PORTM:60,PORTL:85
30666;Kalkkunakastike, ruoanvalmistuskerma, vihanneksia;Turkey vegetable gravy with cooking cream (15% fat);138.1;14.9;2.0;7.3;PORTS:150,PORTM:200,PORTL:250,DL:100,RKL:15
30667;Kalkkunakastike, kasvirasvakerma, vihanneksia;Turkey vegetable gravy, cooking cream (vegetable fat 15%);134.6;14.7;2.0;7.3;PORTS:150,PORTM:200,PORTL:250,DL:100,RKL:15
30668;Risotto, kalkkunarisotto;Risotto, turkey risotto;127.6;8.6;15.8;3.0;PORTS:300,PORTM:350,PORTL:400
30669;Nuppuvihannes, keitetty, suolaton, kukkakaali, porkkana, parsakaali;Vegetable mix with cauliflower, broccoli, carrot, boiled without added salt;29.7;1.9;3.5;0.3;PORTS:50,PORTM:80,PORTL:110,DL:60
30670;Salaatti, pasta-vihannes;Salad, pasta and vegetables;97.1;2.6;9.8;4.9;PORTS:50,PORTM:100,PORTL:150
30671;Rahka, hedelmärahka, kevytmaito, kotitekoinen;Quark, fruit quark, dessert quark, low-fat milk, home-made;74.4;5.2;11.2;0.6;PORTS:125,PORTM:180,PORTL:250,DL:100,RKL:15
30672;Rahka, marjarahka, kevytmaito, kotitekoinen;Quark, berry quark, dessert quark, low-fat milk, home-made;61.3;5.2;6.9;0.7;PORTS:125,PORTM:180,PORTL:250,DL:100,RKL:15
30673;Rahka, maustettu, rasvaa 3,5 %;Quark, flavoured, 3.5% fat;114.2;6.2;13.6;3.5;PORTS:125,PORTM:180,PORTL:250,DL:100,RKL:15
30676;Naudanfilee, ulkofilee, uunissa;Beef sirloin steak, oven-baked;181.9;32.4;0.0;5.7;PORTS:100,PORTM:120,PORTL:150
30677;Naudanfilee, ulkofilee, paistettu;Beef sirloin steak, fried;171.8;28.0;0.0;6.6;PORTS:120,PORTM:150,PORTL:200
30728;Tomaattikastike;Tomato sauce;80.3;1.0;4.3;6.1;PORTS:50,PORTM:100,PORTL:150,DL:100,RKL:15
30731;Kalakastike, lohikastike, tomaattinen;Salmon gravy with tomato;117.8;9.2;2.1;7.9;PORTS:150,PORTM:200,PORTL:250
30732;Sipulikeitto;Onion soup;43.7;0.9;3.0;3.0;PORTS:200,PORTM:350,PORTL:400,DL:100,RKL:15
30733;Broileri, koipi-reisi, nahkoineen, uunissa;Chicken leg and thigh with skin, oven-baked;296.4;25.6;0.0;21.8;KPL_S:100,KPL_M:125,KPL_L:150,PORTS:150,PORTM:180,PORTL:240
30792;Broileri, koipi-reisi, nahaton;Chicken leg and thigh without skin;110.1;19.6;0.0;3.4;PORTS:180,PORTM:230,PORTL:300
30795;Broileri, koipi-reisi, nahaton, uunissa;Chicken leg and thigh without skin, oven-baked;155.7;27.8;0.0;4.8;KPL_S:100,KPL_M:125,KPL_L:150,PORTS:150,PORTM:180,PORTL:240
30796;Broileri, koipi-reisi, nahaton, grillattu;Chicken leg and thigh without skin, grilled;155.7;27.8;0.0;4.8;KPL_S:100,KPL_M:125,KPL_L:150,PORTS:150,PORTM:180,PORTL:240
30799;Jälkiruokakastike, vaniljakastike, kaurapohjainen;Vanilla sauce without milk;160.0;1.4;15.5;10.2;PORTS:30,PORTM:50,PORTL:100,DL:100,RKL:15,TL:5
30800;Jäätelö, kaurajäätelö;Ice cream, vegetable fat, without milk;194.0;1.4;24.5;9.9;PORTS:30,PORTM:65,PORTL:125,DL:50
30801;Kokolihaleikkele, parmankinkku, ilmakuivattu kinkku, rasvaa 15 %;Parma ham, 15% fat;203.2;17.7;0.0;14.9;PORTS:4,PORTM:12,PORTL:20
30818;Salaatti, jäävuorisalaatti, tomaatti, kurkku, vihersekasalaatti;Salad, iceberg lettuce, tomato and cucumber;15.7;0.8;1.9;0.2;PORTS:50,PORTM:125,PORTL:150,DL:60
30914;Fenkoli, salaattifenkoli;Florence fennel;17.3;0.9;1.8;0.2;KPL_M:200,PORTS:40,PORTM:60,PORTL:100
30924;Maissipuuro, polenta, suolaa;Maize porridge, polenta;37.8;0.9;7.6;0.2;PORTS:150,PORTM:230,PORTL:320,DL:100,RKL:15,TL:5
30925;Majoneesi, rasvaa 80 %;Mayonnaise, 80% fat;723.3;1.1;1.0;81.0;PORTS:10,PORTM:25,PORTL:40,DL:95,RKL:14,TL:4.5
30926;Majoneesi, rasvaton;Mayonnaise, fat-free;55.7;0.9;12.4;0.1;PORTS:10,PORTM:25,PORTL:40,DL:95,RKL:14,TL:4.5
30968;Pinjansiemen;Pine nut, pine kernel;688.9;17.4;5.0;66.8;PORTS:5,PORTM:15,PORTL:30,DL:80,RKL:12,TL:4
30991;Pellavansiemen, kokonainen;Linseed, whole;537.4;22.1;2.4;43.8;PORTS:5,PORTM:15,PORTL:30,DL:65,RKL:10,TL:3
31139;Pasta, vehnänalkiopasta;Pasta, wheat germ pasta;363.8;17.0;64.5;2.4;PORTS:55,PORTM:70,PORTL:80,DL:55,RKL:7.5
31140;Pasta, vehnänalkiopasta, keitetty, suolaton;Pasta contains wheat germ, boiled without salt;109.1;5.1;19.3;0.7;PORTS:135,PORTM:175,PORTL:200,DL:65,RKL:11
31144;Sianlihasuikale, marinoitu, raaka;Pork strips, marinated;194.8;13.5;1.4;15.2;PORTS:125,PORTM:150,PORTL:190
31145;Naudanlihasuikale, marinoitu, raaka;Beef strips, marinated;190.1;14.1;1.4;14.4;PORTS:125,PORTM:150,PORTL:190
31146;Sianlihasuikale, marinoitu, paistettu öljyssä;Pork strips, marinated, fried in oil;353.9;16.9;1.8;31.4;PORTS:100,PORTM:125,PORTL:150,DL:100,RKL:15
31147;Naudanlihasuikale, marinoitu, paistettu öljyssä;Beef strips, marinated, fried in oil;327.6;16.6;1.7;28.7;PORTS:100,PORTM:120,PORTL:150
31148;Broilerisuikale, paistettu, suolaton;Chicken strips, fried, without salt;190.6;25.0;0.0;10.1;PORTS:120,PORTM:160,PORTL:200,DL:60
31160;Ruokasooda;Baking soda, bicarbonate of soda;0.0;0.0;0.0;0.0;PORTS:5,PORTM:15,PORTL:30,RKL:15,TL:5
31174;Pasta, tumma proteiinipasta;Pasta, dark high protein pasta;355.6;23.8;52.9;3.7;PORTS:55,PORTM:70,PORTL:80,DL:55,RKL:7.5
31175;Kvinoa, siemen;Quinoa;347.5;11.9;57.2;6.1;PORTS:45,PORTM:90,PORTL:180,DL:90
31179;Kvinoa, keitetty, suolaton;Quinoa, cooked without salt;139.0;4.8;22.9;2.4;PORTS:70,PORTM:110,PORTL:150
31180;Kvinoa, keitetty, suolaa;Quinoa, cooked with salt;139.0;4.8;22.9;2.4;PORTS:70,PORTM:110,PORTL:150
31181;Pasta, tumma proteiinipasta, keitetty, suolaton;Pasta, dark high protein pasta, boiled without salt;106.7;7.1;15.9;1.1;PORTS:135,PORTM:175,PORTL:200,DL:65,RKL:11
31211;Kurpitsansiemen;Pumpkin seed;590.3;35.1;2.9;48.0;PORTS:5,PORTM:15,PORTL:30,DL:70,RKL:10.5,TL:3.5
31212;Pähkinä, pistaasipähkinä;Nut, pistachio nut;580.8;21.4;16.7;46.0;KPL_M:1,PORTS:20,PORTM:50,PORTL:100,DL:60,RKL:9,TL:3
31213;Papu, mungopapu, keitetty, lisätty suolaa;Bean, mung bean, boiled, with salt;105.3;7.7;14.9;0.4;PORTS:60,PORTM:75,PORTL:90,DL:55
31214;Papu, kidneypapu, keitetty;Bean, kidney bean, boiled;115.6;8.6;15.3;0.5;PORTS:60,PORTM:75,PORTL:90,DL:85
31216;Papu, adukipapu, kuivattu;Bean, adzuki bean, dried;292.2;19.9;45.7;0.5;PORTS:30,PORTM:37.5,PORTL:45
31217;Papu, adukipapu, keitetty, suolaton;Bean, adzuki bean, boiled without salt;136.6;9.3;21.3;0.2;PORTS:60,PORTM:75,PORTL:90
31218;Kikherne, kuivattu;Chick pea, dried;343.3;21.3;46.4;5.4;PORTS:40,PORTM:60,PORTL:85
31219;Linssi, punainen, kuivattu;Lentils, red, dried;303.7;23.8;45.8;1.3;PORTS:40,PORTM:60,PORTL:85,DL:80
31225;Linssi, punainen, keitetty;Lentils, red, cooked;101.4;7.6;15.6;0.4;PORTS:60,PORTM:75,PORTL:90,DL:80
31226;Jauho, spelttijauho, täysjyvä;Spelt flour, whole meal;349.1;13.3;63.5;2.4;PORTS:15,PORTM:25,PORTL:35,DL:55,RKL:9,TL:3
31228;Jäätelö, kaurajäätelö, puikko;Ice cream pin, vegetable fat, without milk;197.3;1.3;27.4;9.0;PORTS:30,PORTM:65,PORTL:125,DL:50
31229;Jäätelö, soijajäätelöpuikko, suklaakuorrute;Soy milk frozen dessert, ice cream bar, chocolate coated;279.7;2.6;29.3;16.8;KPL_M:67,PORTS:37,PORTM:67,PORTL:130
31230;Majoneesi, kananmunaton;Mayonnaise, egg-free;602.2;0.9;1.0;67.0;PORTS:10,PORTM:25,PORTL:40,DL:95,RKL:14,TL:4.5
31231;Soijavalmiste, vaihtoehto kermalle, rasvaa 17,5 %;Soya product, non-dairy cream substitute, 17.5% fat;171.1;1.8;1.9;17.4;PORTS:25,PORTM:50,PORTL:100,DL:100,RKL:15
31233;Papu, härkäpapu, kuivattu, keitetty, lisätty suola;Bean, broad bean, fava bean, boiled with salt;102.2;7.6;14.1;0.4;KPL_M:15,PORTS:60,PORTM:75,PORTL:90,DL:55,RKL:9
31237;Amarantti, hiutale;Amaranth flakes;369.4;13.6;59.0;7.0;PORTS:15,PORTM:25,PORTL:35
31238;Johanneksenleipäpuujauhe, carob-jauhe;St. john's bread powder, carob powder;300.0;4.6;49.1;0.7;PORTS:20,PORTM:40,PORTL:80
31246;Soijajuoma, vitaminoitu;Soya drink, vitamins;43.0;3.1;3.0;1.5;PORTS:150,PORTM:200,PORTL:400,DL:100,RKL:15
31247;Soijajuoma, ei lisättyä sokeria;Soya drink, plain;37.4;3.6;1.0;1.8;PORTS:150,PORTM:200,PORTL:400,DL:100,RKL:15
31248;Soijajuoma, suklaa, vitaminoitu;Soya drink, chocolate, vitamins;72.2;2.5;11.1;1.4;PORTS:150,PORTM:200,PORTL:400,DL:100,RKL:15
31249;Tempeh;Tempeh;201.4;18.5;5.5;10.8;PORTS:20,PORTM:50,PORTL:100
31252;Riisikakku, riisikeksi;Rice cake;361.0;7.9;71.1;2.9;KPL_S:5,KPL_M:8,PORTS:8,PORTM:16,PORTL:40
31253;Riisi-maissikakku;Rice cake with corn;364.5;7.5;73.6;2.6;KPL_S:5,KPL_M:8,PORTS:8,PORTM:16,PORTL:40
31254;Suklaarusina;Chocolate raisin;395.3;5.5;55.8;14.2;KPL_M:3,PORTS:20,PORTM:50,PORTL:100
31255;Kaakaojuoma, sokeroitu, vesi;Cocoa, hot chocolate, water, sweetened;20.6;0.3;3.9;0.3;PORTS:170,PORTM:250,PORTL:450,DL:100,RKL:15,TL:5
31256;Pasta, tuorepasta, kananmunaa;Fresh pasta, contains egg;272.3;9.1;54.0;2.3;PORTS:135,PORTM:175,PORTL:200,DL:95,RKL:14
31257;Pasta, tuorepasta, kananmunaa, keitetty, suolaton;Fresh pasta, contains egg, boiled without salt;81.7;2.7;16.2;0.7;PORTS:135,PORTM:175,PORTL:200,DL:95,RKL:14
31258;Kermavaahto sokeriton, kotitekoinen;Whipped cream, unsweetened;330.2;2.0;3.0;35.0;PORTS:10,PORTM:25,PORTL:50,DL:50,RKL:7
31364;Hampurilainen, sika-nautapihvi ja vehnäsämpylä;Hamburger, pork and beef and wheat roll;216.0;9.5;22.3;10.5;KPL_M:200,PORTS:100,PORTM:200,PORTL:300
31365;Täytetty leipä, pitaleipä, broileri, salaatti, tomaatti, feta;Sandwich, pita bread, chicken, lettuce, tomato and feta filling;145.0;8.0;14.8;5.6;KPL_M:195,PORTS:120,PORTM:250,PORTL:400
31442;Juustoinen kasvissosekeitto, teollinen, valmisateria;Cheesy vegetable soup, pureed, industrial, ready meal;65.0;1.5;4.9;4.1;PORTS:200,PORTM:350,PORTL:400,DL:100,RKL:15,TL:5
31443;Kanakeitto, teollinen, valmisateria;Chicken soup, industrial, ready meal;75.0;2.9;5.5;4.5;PORTS:200,PORTM:300,PORTL:400,DL:100,RKL:15
31444;Kalakeitto, kirjolohikeitto, teollinen, valmisateria;Rainbow trout soup, industrial, ready meal;68.1;3.5;6.9;2.8;PORTS:200,PORTM:300,PORTL:400,DL:100,RKL:15,TL:5
31445;Broilerikeitto, kana-kookosmaitokeitto;Chicken soup with coconut milk;81.3;4.8;1.3;6.3;PORTS:200,PORTM:350,PORTL:400,DL:100,RKL:15
31446;Perunalaatikko, kebab-perunalaatikko, kebabkiusaus, teollinen, valmisateria;Kebab and potato casserole, industrial, ready meal;137.9;4.6;11.8;7.6;PORTS:250,PORTM:300,PORTL:350
31447;Broilerikastike, ruoanvalmistuskerma;Chicken gravy with cooking cream;211.1;12.2;2.6;16.5;PORTS:150,PORTM:200,PORTL:250,DL:100,RKL:15
31448;Broileri-nuudeliwokki, wokkivihannekset;Chicken noodle wok, wok-vegetables;146.8;9.3;11.7;6.6;PORTS:300,PORTM:350,PORTL:400
31449;Perunalaatikko, silakkalaatikko, teollinen, valmisateria;Baltic herring casserole, potato, industrial, ready meal;141.6;3.9;11.7;8.6;PORTS:250,PORTM:300,PORTL:350
31450;Perunalaatikko, tonnikala-perunasoselaatikko, kevytmaito;Tuna and mashed potato casserole, low-fat milk;92.8;7.2;10.6;2.0;PORTS:200,PORTM:300,PORTL:400
31451;Spagettilihavuoka;Spaghetti and minced meat casserole;87.5;6.6;9.1;2.4;PORTS:250,PORTM:300,PORTL:350
31452;Perunalaatikko, kinkku-perunalaatikko, kinkkukiusaus, teollinen, valmisateria;Ham and potato casserole, industrial, ready meal;126.3;3.8;13.3;6.0;PORTS:250,PORTM:300,PORTL:350
31453;Peruna-porkkanasose, maito;Mashed potatoes and carrots, low-fat milk;74.4;1.7;10.5;2.4;PORTS:125,PORTM:200,PORTL:300,DL:85,RKL:12
31454;Perunalaatikko, liha-perunasoselaatikko, naudanliha, kevytmaito;Beef mince and mashed potato casserole, low-fat milk;114.7;6.4;10.6;4.9;PORTS:200,PORTM:300,PORTL:400
31455;Risotto, sienirisotto;Risotto, mushroom risotto;107.4;3.2;14.6;3.8;PORTS:300,PORTM:350,PORTL:400
31457;Puolukkahillo;Lingonberry jam;137.3;0.2;33.5;0.3;PORTS:17,PORTM:40,PORTL:65,DL:115,RKL:17,TL:5.5
31459;Omenahillo;Apple jam;173.1;0.1;42.0;0.0;PORTS:17,PORTM:40,PORTL:65,DL:115,RKL:17,TL:5.5
31462;Täytetty leipä, kolmioleipä, broileri, majoneesi;Sandwich, chicken and mayonnaise;322.3;9.4;28.9;18.4;KPL_S:100,KPL_M:140,KPL_L:160,PORTS:80,PORTM:100,PORTL:150
31463;Täytetty leipä, katkarapukolmioleipä;Sandwich, shrimp;292.2;8.1;28.4;15.8;KPL_S:100,KPL_M:140,KPL_L:160,PORTS:80,PORTM:100,PORTL:150
31464;Täytetty leipä, kinkkukolmioleipä;Sandwich, ham;291.1;7.3;30.0;15.3;KPL_S:100,KPL_M:140,KPL_L:160,PORTS:80,PORTM:100,PORTL:150
31465;Täytetty leipä, tonnikalakolmioleipä;Sandwich, tuna;297.6;9.3;28.5;15.8;KPL_S:100,KPL_M:140,KPL_L:160,PORTS:80,PORTM:100,PORTL:150
31466;Makaronilaatikko, liha-makaronilaatikko, teollinen, valmisateria;Macaroni and meat casserole, industrial, ready meal;123.5;7.5;12.3;4.7;PORTS:250,PORTM:300,PORTL:350
31467;Broilerikastike, kanaa tikka;Chicken tikka;144.8;25.9;0.3;4.3;PORTS:150,PORTM:200,PORTL:250
31468;Mango-chutney, hapanimeläkastike;Mango chutney, sweet and sour sauce;164.2;0.8;36.0;0.2;PORTS:50,PORTM:100,PORTL:150,DL:100,RKL:15
31469;Kylmä kastike, kurkkuraita, intialainen jogurttikastike;Indian yoghurt sauce, cucumber raita;48.1;1.6;2.6;3.3;PORTS:40,PORTM:100,PORTL:200,DL:100,RKL:15,TL:5
31470;Peruna-kukkakaalicurry;Potato cauliflower curry;178.1;1.3;4.5;17.1;PORTS:200,PORTM:300,PORTL:400
31471;Lihapata, lammascurry;Lamb curry;254.4;11.1;1.7;22.6;PORTS:150,PORTM:200,PORTL:250
31482;Makaroni, pasta, kananmunaa;Macaroni, pasta, contains egg;298.8;12.3;49.2;3.6;PORTS:55,PORTM:70,PORTL:80,DL:55,RKL:7.5
31483;Makaroni, pasta, kananmunaa, keitetty, suolaton;Macaroni, pasta, contains egg, boiled, without salt;89.6;3.7;14.8;1.1;PORTS:135,PORTM:175,PORTL:200,DL:65,RKL:11
31485;Munkki, hilloa ja sokerivesikuorrute, leipomo;Doughnut, jam and icing, bakery;299.1;4.3;50.2;8.4;KPL_S:80,KPL_M:90,KPL_L:125,PORTS:35,PORTM:80,PORTL:105
31487;Maitojauhe, rasvaton, vl, d-vitamiinia 5 ug;Milk powder, fat-free milk, low-lactose, 5 ug added vitamin d;351.9;32.4;52.0;1.0;PORTS:5,PORTM:15,PORTL:30,DL:50,RKL:7
31488;Maitojauhe, rasvaton, laktoositon, d-vitamiinia 5 ug;Milk powder, fat-free milk, lactose-free, 5 ug added vitamin d;362.3;47.0;40.0;1.0;PORTS:5,PORTM:15,PORTL:30,DL:50,RKL:7
31489;Jauheliha, broilerin, paistettu ilman rasvaa, suolaton;Chicken mince, fried without fat and salt;160.7;27.5;0.0;5.5;PORTS:60,PORTM:100,PORTL:170,DL:75,RKL:11,TL:3.7
31490;Jauheliha, naudan, rasvaa 17 %, paistettu ilman rasvaa, suolaton;Beef mince, 17% fat, fried without fat and salt;324.8;27.2;0.0;24.2;PORTS:60,PORTM:100,PORTL:170,DL:75,RKL:11,TL:3.7
31492;Maksalaatikko, teollinen, valmisateria;Liver casserole, industrial, ready meal;153.6;5.1;11.3;9.7;PORTS:250,PORTM:300,PORTL:350
31494;Kiisseli, mehukeitto, keinotekoisesti makeutettu, teollinen;Berry kissel, artificially sweetened, industrial;8.5;0.0;2.1;0.0;PORTS:100,PORTM:150,PORTL:200,DL:100,RKL:15
31495;Pellavaöljy;Linseed oil, flaxseed oil;884.3;0.0;0.0;100.0;PORTS:10,PORTM:25,PORTL:40,DL:90,RKL:13.5,TL:4.5
31496;Maitojauhe, rasvaton, d-vitamiinia 5 ug;Milk powder, fat-free milk, 5 ug added vitamin d;355.6;32.4;52.9;1.0;PORTS:5,PORTM:15,PORTL:30,DL:50,RKL:7
31497;Maitojauhe, rasvaton, vl;Milk powder, fat-free milk, low-lactose;351.9;32.4;52.0;1.0;PORTS:5,PORTM:15,PORTL:30,DL:50,RKL:7
31498;Maitojauhe, rasvaton, laktoositon;Milk powder, fat-free milk, lactose-free;362.3;47.0;40.0;1.0;PORTS:5,PORTM:15,PORTL:30,DL:50,RKL:7
31504;Rasvaseoslevite 70 %;Blended spread 70%;623.8;0.6;0.5;70.1;PORTS:3,PORTM:6,PORTL:10,DL:95,RKL:14,TL:4.5
31505;Rasvaseoslevite 75 %, laktoositon;Blended spread 75%, lactose-free;669.8;1.1;0.5;75.0;PORTS:3,PORTM:6,PORTL:10,DL:95,RKL:14,TL:4.5
31506;Rasvaseos 40 %, vl;Blended spread 40%, low-lactose;391.2;4.0;2.2;40.8;PORTS:3,PORTM:6,PORTL:10,DL:95,RKL:14,TL:4.5
31508;Rasvaseos, juokseva, 80%, keskiarvo;Fat blend 80%, cooking liquid, average;711.9;0.3;0.3;80.2;PORTS:3,PORTM:6,PORTL:10,DL:95,RKL:14,TL:4.5
31509;Munakas, kinkku-juustomunakas;Omelette, ham and cheese omelette;174.1;15.1;0.2;12.6;PORTS:100,PORTM:200,PORTL:300
31511;Jogurtti, maustettu, rasvaa noin 4 %, laktoositon;Yoghurt, flavoured, 4% fat, lactose-free;102.4;3.0;12.7;4.3;PORTS:150,PORTM:200,PORTL:250,DL:100,RKL:15,TL:5
31518;Jäätelö, jogurttijäätelö, rasvaa 9 %;Ice cream, yoghurt based, 9% fat;182.5;1.9;21.7;9.4;PORTS:30,PORTM:65,PORTL:125,DL:50
31522;Paahtoleipä, runsaskuituinen, vähäsuolainen;Toast, high-fibre, low sodium;270.1;7.7;46.0;4.2;PORTS:20,PORTM:30,PORTL:40
31525;Soijavälipala, alpro, hapatettu, maustamaton, rasvaa 2,3 %, kalsium, vitaminoitu;Soy product, alpro natural, soured, plain, added vitamin and calcium;47.1;4.0;2.1;2.3;KPL_VALM:125,PORTS:100,PORTM:150,PORTL:200,DL:100,RKL:15,TL:5
31530;Voi, laktoositon;Butter lactose-free;727.0;1.2;0.8;81.3;PORTS:3,PORTM:6,PORTL:10,DL:95,RKL:14,TL:4.5
31532;Jauho, jauhoseos, tumma, luontaisesti gluteeniton;Flour mixture, naturally gluten-free, dark;333.7;5.9;70.3;0.8;PORTS:15,PORTM:25,PORTL:35,DL:55
31534;Jauho, jauhoseos, gluteeniton, vehnätärkkelystä, vitaminoitu, maito;Flour mixture, gluten-free, contains wheat starch and milk, with added vitamins;365.5;4.5;85.0;0.2;PORTS:15,PORTM:25,PORTL:35,DL:60
31536;Kalapuikko, lohi, kypsentämätön;Fish fingers, salmon, frozen;196.4;14.2;13.6;9.2;KPL_S:25,KPL_M:50,KPL_L:100,PORTS:70,PORTM:125,PORTL:175
31537;Pasta, täysjyväriisijauho, luontaisesti gluteeniton;Pasta, wholegrain rice flour, naturally gluten-free;362.1;7.9;71.3;2.9;PORTS:55,PORTM:70,PORTL:80
31538;Aprikoosisose, sokeriton, c-vitaminoitu;Apricot puree, unsweetened, with added vitamin c;57.7;1.0;11.8;0.1;PORTS:17,PORTM:40,PORTL:80,DL:100,RKL:15,TL:5
31539;Marjasose, sokeriton, c-vitaminoitu;Berry puree, unsweetened, added vitamin c;55.0;0.7;9.2;0.5;PORTS:17,PORTM:40,PORTL:80,DL:100,RKL:15,TL:5
31540;Näkkileipä, luontaisesti gluteeniton, vitaminoitu, kuitua 7,5 %;Crispbread, naturally gluten-free, with added vitamins, 7.5% fibre;345.8;4.0;72.2;2.5;KPL_S:10,KPL_M:15,KPL_L:20,PORTS:20,PORTM:35,PORTL:50
31541;Keksi, välipalakeksi, gluteeniton;Biscuit, snack biscuit, gluten-free;443.1;1.3;73.8;15.3;PORTS:10,PORTM:20,PORTL:50
31542;Paahtoleipä, gluteeniton, vehnätärkkelystä;Toast, gluten-free, contains wheat starch;216.3;4.1;42.6;3.1;PORTS:20,PORTM:30,PORTL:40
31543;Mysli, hedelmämysli, finax, luontaisesti gluteeniton;Muesli with dried fruit, naturally gluten-free, finax;351.2;9.0;60.9;4.9;PORTS:12,PORTM:25,PORTL:40,DL:40,RKL:6,TL:3
31544;Jauho, jauhoseos, vaalea, luontaisesti gluteeniton;Flour mixture, naturally gluten-free;342.2;5.0;73.5;0.9;PORTS:15,PORTM:25,PORTL:35,DL:60
31545;Ketsuppi, vähemmän suolaa ja sokeria, felix;Tomato ketchup, reduced salt and sugar;69.7;0.5;15.1;0.2;PORTS:10,PORTM:20,PORTL:50,DL:120,RKL:18,TL:5
31547;Papu, vihreä papu, keitetty, suolaton;Bean, green bean, string bean, boiled without salt;40.5;2.3;5.4;0.3;PORTS:40,PORTM:60,PORTL:100
31548;Näkkileipä, gluteeniton, maito ja vehnätärkkelys, vitaminoitu, kuitua 7 %;Crispbread, gluten-free, with added vitamins, 7% fibre;378.5;6.2;78.8;2.2;KPL_S:10,KPL_M:15,KPL_L:20,PORTS:20,PORTM:35,PORTL:50
31550;Jauho, jauhoseos, vaalea, gluteeniton, vehnätärkkelys, maitojauhe;Flour mixture, gluten-free, contains wheat starch and milk powder;390.9;4.9;91.0;0.1;PORTS:15,PORTM:25,PORTL:35,DL:60
31552;Guava;Guava;66.5;2.5;9.2;0.9;KPL_M:65,PORTS:50,PORTM:100,PORTL:150
31553;Maito, kevytmaito, laktoositon maitojuoma, ei lisätty d-vitamiinia, luomu;Milk, 1.5% fat, lactose-free, without added vitamin d, organic;38.7;3.0;3.1;1.5;PORTS:150,PORTM:200,PORTL:400,DL:100,RKL:15,TL:5
31555;Granaattiomena, kuorittu;Pomegranate, without skin;84.5;1.7;14.7;1.2;KPL_S:120,KPL_M:190,KPL_L:250,PORTS:60,PORTM:120,PORTL:150,DL:60
31557;Chili, vihreä, tuore;Chili, green, raw;45.1;2.0;8.0;0.2;KPL_M:10,PORTS:1,PORTM:3,PORTL:10
31558;Kuivakakku, tiikerikakku;Chocolate marble cake;413.1;6.6;42.8;23.7;PORTS:30,PORTM:50,PORTL:100
31559;Kuivakakku, banaanikakku;Banana cake;341.5;4.8;36.9;19.1;KPL_M:25,KPL_L:50,PORTS:30,PORTM:50,PORTL:100
31560;Kakku, juustokakku, uunissa;Cake, cheese cake, oven-baked;369.5;6.8;31.9;23.9;KPL_M:80,KPL_L:120,PORTS:40,PORTM:70,PORTL:100
31561;Kakku, juustokakku ilman uunia;Cake, cheese cake, unbaked;201.1;2.5;11.6;16.2;KPL_M:80,KPL_L:120,PORTS:40,PORTM:70,PORTL:100
31562;Täytekakun pohja;Basic plain sponge cake;295.7;8.0;48.6;7.3;KPL_S:15,KPL_M:20,KPL_L:40,PORTS:30,PORTM:50,PORTL:100
31563;Täytekakun pohja, luontaisesti gluteeniton;Basic plain sponge cake, naturally gluten-free;286.6;8.5;44.4;7.7;KPL_S:15,KPL_M:20,KPL_L:40,PORTS:30,PORTM:50,PORTL:100
31564;Täytekakun pohja, gluteeniton;Basic plain sponge cake, gluten-free;300.5;8.5;48.4;7.7;KPL_S:15,KPL_M:20,KPL_L:40,PORTS:30,PORTM:50,PORTL:100
31565;Täytekakun pohja, ilman kananmunaa;Basic plain sponge cake, egg-free;246.9;5.9;47.0;3.3;KPL_S:15,KPL_M:20,KPL_L:40,PORTS:30,PORTM:50,PORTL:100
31566;Kääretortun pohja;Swiss roll dough;273.7;8.4;47.2;5.3;KPL_S:10,KPL_M:20,KPL_L:40,PORTS:30,PORTM:50,PORTL:100
31567;Unelmatortun pohja;Chocolate swiss roll cake;272.2;9.4;42.1;6.6;KPL_S:10,KPL_M:20,KPL_L:40,PORTS:30,PORTM:50,PORTL:100
31568;Kääretortun pohja, leipomo;Swiss roll dough, bakery;267.2;10.0;43.9;5.3;KPL_S:10,KPL_M:20,KPL_L:40,PORTS:30,PORTM:50,PORTL:100
31569;Kääretortun pohja, luontaisesti gluteeniton;Swiss roll dough, naturally gluten-free;269.8;7.0;48.1;5.1;KPL_S:10,KPL_M:20,KPL_L:40,PORTS:30,PORTM:50,PORTL:100
31570;Unelmatortun pohja, luontaisesti gluteeniton;Chocolate swiss roll cake, naturally gluten-free;275.6;8.0;44.8;6.4;KPL_S:10,KPL_M:20,KPL_L:40,PORTS:30,PORTM:50,PORTL:100
31571;Täytekakun/kääretortun pohja, keinotekoisesti makeutettu;Basic plain sponge cake/swiss roll, artificially sweetened;174.8;7.2;25.1;4.8;KPL_S:15,KPL_M:20,KPL_L:40,PORTS:30,PORTM:50,PORTL:100
31572;Kääretortun pohja, gluteeniton;Swiss roll dough, gluten-free;276.3;7.6;49.2;5.1;KPL_S:10,KPL_M:20,KPL_L:40,PORTS:30,PORTM:50,PORTL:100
31573;Unelmatortun pohja, gluteeniton;Chocolate swiss roll cake, gluten-free;276.2;8.4;44.1;6.6;KPL_S:10,KPL_M:20,KPL_L:40,PORTS:30,PORTM:50,PORTL:100
31574;Täytekakun/kääretortun pohja, fruktoosilla makeutettu;Basic plain sponge cake/swiss roll, sweetened with fructose;300.2;5.5;60.2;3.6;KPL_S:10,KPL_M:20,KPL_L:40,PORTS:30,PORTM:50,PORTL:100
31575;Kakku, mutakakku, kostea suklaakakku, frödinge, pakaste;Cake, mud cake, chocolate cake, frödinge, frozen;374.2;7.9;58.6;10.6;KPL_S:40,KPL_M:70,KPL_L:100,PORTS:40,PORTM:70,PORTL:100
31576;Voikreemitäyte, unelmatortun täyte;Butter cream, chocolate swiss roll filling;598.1;0.4;38.2;49.9;PORTS:30,PORTM:80,PORTL:140
31578;Kääretorttu, unelmatorttu, luontaisesti gluteeniton;Chocolate swiss roll, naturally gluten-free;385.3;5.4;42.5;21.2;KPL_S:10,KPL_M:20,KPL_L:40,PORTS:30,PORTM:50,PORTL:100
31579;Kääretorttu, unelmatorttu, gluteeniton;Chocolate swiss roll, gluten-free;385.7;5.7;42.1;21.3;KPL_S:10,KPL_M:20,KPL_L:40,PORTS:30,PORTM:50,PORTL:100
31580;Kääretorttu, vaalea;Swiss roll;225.0;4.9;43.2;3.0;KPL_S:10,KPL_M:20,KPL_L:40,PORTS:30,PORTM:50,PORTL:100
31581;Kääretorttu, luontaisesti gluteeniton;Swiss roll, naturally gluten-free;233.0;4.8;44.7;3.4;KPL_S:10,KPL_M:20,KPL_L:40,PORTS:30,PORTM:50,PORTL:100
31583;Kääretorttu, fruktoosilla makeutettu;Swiss roll, sweetened with fructose;247.3;3.7;51.1;2.5;KPL_S:10,KPL_M:20,KPL_L:40,PORTS:30,PORTM:50,PORTL:100
31584;Kuivakakku, maustekakku;Gingerbread cake;434.8;6.6;46.1;24.4;KPL_M:25,KPL_L:50,PORTS:30,PORTM:50,PORTL:100
31585;Kuivakakku, taatelikakku;Date cake;348.5;5.0;41.4;17.4;KPL_M:25,KPL_L:50,PORTS:30,PORTM:50,PORTL:100
31586;Täytekakku, käpykakku;Sponge cake, marzipan cake, butter cream filling;307.7;5.1;41.6;13.0;KPL_M:25,KPL_L:50,PORTS:30,PORTM:50,PORTL:100
31587;Täytekakku, mansikka-kermakakku;Sponge cake, strawberry and cream filling;243.3;3.5;29.7;11.9;KPL_S:40,KPL_M:70,KPL_L:100,PORTS:30,PORTM:50,PORTL:100
31588;Täytekakun pohja, leipomo;Basic plain sponge cake, bakery;283.9;9.2;52.2;3.7;PORTS:30,PORTM:50,PORTL:100
31589;Täytekakku, mansikka-kermakakku, leipomo;Sponge cake, strawberry and cream filling, bakery;259.9;4.9;31.7;12.4;KPL_S:40,KPL_M:70,KPL_L:100,PORTS:30,PORTM:50,PORTL:100
31590;Kakkukreemi, vanilliinikreemi;Vanillacrème;341.5;0.0;12.5;32.9;PORTS:10,PORTM:25,PORTL:40
31591;Kakku, tiramisu;Cake, tiramisu;262.0;5.5;25.6;14.4;KPL_M:60,PORTS:40,PORTM:70,PORTL:100
31592;Kakun mokkakuorrutus;Cake coating, mocha;391.7;0.5;79.9;7.2;PORTS:10,PORTM:25,PORTL:40
31594;Kakku, toscakakku, maito;Cake, tosca cake;449.1;7.0;43.0;27.4;KPL_S:40,KPL_M:70,KPL_L:100,PORTS:40,PORTM:70,PORTL:100
31595;Täytekakku, suklaa-kermakakku, hillotäyte;Sponge cake, chocolate cake with cream and jam filling;246.6;4.1;38.6;7.9;KPL_S:40,KPL_M:70,KPL_L:100,PORTS:30,PORTM:50,PORTL:100
31597;Täytekakku, kinuskikakku, täytteenä omenasosetta ja vaniljakiisseliä;Sponge cake, caramel cake, apple puree and vanilla pudding filling;241.5;3.8;32.9;10.3;KPL_S:40,KPL_M:70,KPL_L:100,PORTS:30,PORTM:50,PORTL:100
31598;Kreemi, kakun kuorrute;Crème;203.1;4.8;26.1;8.7;PORTS:30,PORTM:80,PORTL:140
31599;Täytekakku, kreemikakku;Sponge cake, butter icing;203.0;4.0;35.1;4.8;KPL_S:40,KPL_M:70,KPL_L:100,PORTS:30,PORTM:50,PORTL:100
31601;Täytekakku, kermakakku, kasvirasvakerma;Sponge cake, cream filling, vegetable fat cream product;183.7;3.4;29.1;5.6;KPL_S:40,KPL_M:70,KPL_L:100,PORTS:30,PORTM:50,PORTL:100
31602;Kuivakakku, murokakku;Shortcake;446.9;6.6;47.9;25.3;KPL_M:25,KPL_L:50,PORTS:30,PORTM:50,PORTL:100
31603;Kakku, sacherkakku;Cake, sacher cake;428.0;5.5;37.7;28.1;KPL_S:40,KPL_M:70,KPL_L:100,PORTS:40,PORTM:70,PORTL:100
31604;Täytekakku, prinsessakakku, marsipaanikuorrutus;Sponge cake, princess cake, marzipan topping;247.1;6.2;36.3;8.2;KPL_S:40,KPL_M:70,KPL_L:100,PORTS:30,PORTM:50,PORTL:100
31605;Kuivakakku, piimäkakku;Gingerbread cake made with sourmilk;308.2;5.0;48.3;9.7;KPL_M:25,KPL_L:50,PORTS:30,PORTM:50,PORTL:100
31606;Kuivakakku, kermakakku;Gingerbread cake made with cream;424.8;4.6;48.8;22.9;KPL_M:25,KPL_L:50,PORTS:30,PORTM:50,PORTL:100
31607;Täytekakku, kinuski-kreemikakku, leipomo;Sponge cake, caramel cake with butter icing, bakery;385.8;3.4;37.3;24.7;KPL_S:40,KPL_M:70,KPL_L:100,PORTS:30,PORTM:50,PORTL:100
31608;Kakkurasva;Fat used in cakes;715.9;0.6;0.4;80.5;PORTS:3,PORTM:6,PORTL:10
31609;Kakku, porkkanakakku, leipomo;Cake, carrot cake, bakery;343.8;5.5;31.5;21.3;KPL_S:40,KPL_M:70,KPL_L:100,PORTS:40,PORTM:70,PORTL:100
31611;Keksi, lastenkeksi, tivoli-keksi, pirkka;Biscuit for children, tivoli, pirkka;443.5;5.1;72.6;14.1;KPL_VALM:5,PORTS:5,PORTM:10,PORTL:25
31613;Keksi, lastenkeksi, carneval, fazer, perinteinen;Biscuit for children, carneval, fazer;445.4;5.3;71.7;14.6;KPL_VALM:6,PORTS:6,PORTM:12,PORTL:30
31615;Keksi, kaurakeksi, jyväshyvä luonnonhyvät, rypsiöljy;Oat biscuit, jyväshyvä luonnonhyvät, rapeseed oil-based;489.2;7.8;56.0;25.1;KPL_VALM:5,PORTS:5,PORTM:10,PORTL:25
31619;Keksi, digestive välipalakeksi, teollinen;Digestive biscuit, industrial;422.1;6.8;61.6;15.8;KPL_M:15,PORTS:15,PORTM:30,PORTL:75
31620;Keksi, cookie, suklainen keksi;Chocolate chip cookie;462.5;4.3;62.8;21.1;KPL_M:19,PORTS:20,PORTM:40,PORTL:100
31621;Keksi, kaurakeksi, teollinen, keskiarvo;Oat biscuit, industrial, average;455.3;7.3;61.1;19.3;PORTS:5,PORTM:13,PORTL:25
31622;Keksi, lastenkeksi, muumi kuviokeksi, lu;Biscuit for children, moomin, lu;435.8;6.1;67.3;15.1;KPL_VALM:3,PORTS:3,PORTM:6,PORTL:15
31623;Keksi, välipalakeksi, elovena;Biscuit, elovena, snack biscuit;386.3;7.3;51.7;14.5;KPL_VALM:30,PORTS:15,PORTM:30,PORTL:45
31624;Keksi, lastenkeksi, luontaisesti gluteeniton, schär;Biscuit for children, naturally gluten-free, schär;446.7;3.7;75.8;13.8;PORTS:5,PORTM:13,PORTL:25
31625;Munkki/donitsi, gluteeniton, vehnätärkkelystä;Doughnut, gluten-free, contains wheat starch;328.6;2.0;49.5;13.5;KPL_M:45,PORTS:35,PORTM:55,PORTL:105
31626;Pulla, korvapuusti, gluteeniton, teollinen, vehnätärkkelys;Bun, cinnamon bun, gluten-free, industrial, wheat starch;324.4;1.7;58.6;8.1;KPL_S:40,KPL_M:60,KPL_L:105,PORTS:40,PORTM:70,PORTL:105
31627;Keksi, digestive välipalakeksi, gluteeniton, vehnätärkkelystä;Digestive biscuit, gluten-free;424.7;1.9;68.9;15.4;PORTS:5,PORTM:13,PORTL:20
31628;Keksi, vohvelikeksi, suklaakuorrute, semper, gluteeniton;Wafer covered with chocolate, gluten-free, semper;564.1;5.2;50.0;38.0;KPL_M:9,PORTS:9,PORTM:18,PORTL:45
31629;Keksi, sitruunavohveli, luontaisesti gluteeniton, keskiarvo;Lemon wafer, naturally gluten-free, average;511.2;1.7;64.0;27.4;KPL_M:10,PORTS:10,PORTM:20,PORTL:50
31630;Keksi, tumma täytekeksi, luontaisesti gluteeniton;Chocolate sandwich cookie, naturally gluten-free;463.8;4.7;59.2;22.6;PORTS:13.5,PORTM:27,PORTL:70
31631;Keksi, murokeksi, luontaisesti gluteeniton, keskiarvo;Shortbread biscuit, naturally gluten-free;419.0;3.5;59.7;18.2;KPL_M:5,PORTS:5,PORTM:10,PORTL:25
31632;Keksi, voileipäkeksi, luontaisesti gluteeniton;Cream cracker, naturally gluten-free;429.9;2.6;56.5;21.3;KPL_M:4.5,PORTS:5,PORTM:10,PORTL:25
31633;Keksi, piparkakku, gluteeniton;Biscuit, gingerbread, gluten-free;430.1;1.7;68.3;16.4;KPL_M:6,PORTS:6,PORTM:13,PORTL:30
31634;Keksi, cookie, suklainen keksi, luontaisesti gluteeniton, keskiarvo;Chocolate chip cookie, naturally gluten-free;471.1;2.8;62.4;23.0;PORTS:20,PORTM:40,PORTL:100
31635;Korppu, gluteeniton;Rusk, gluten-free;427.9;4.6;66.4;15.6;KPL_M:6,PORTS:6,PORTM:12,PORTL:30
31636;Kakku, muffini, luontaisesti gluteeniton, pakaste;Cake, muffin, naturally gluten-free;389.9;4.8;42.9;22.2;KPL_S:30,KPL_M:50,KPL_L:100,PORTS:30,PORTM:50,PORTL:100
31637;Keksi, leivoskeksi, luontaisesti gluteeniton;Jaffa cake, naturally gluten-free;370.9;6.7;66.4;7.8;KPL_M:13,PORTS:13,PORTM:26,PORTL:65
31638;Karjalanpiirakka, luontaisesti gluteeniton, teollinen, keskiarvo;Karelian pasty, rice filling, gluten-free, industrial, average;226.0;6.3;34.5;6.4;KPL_S:35,KPL_M:60,KPL_L:90,PORTS:40,PORTM:80,PORTL:130
31639;Voileipäkakku, tonnikala;Savoury sandwich cake, tuna;219.7;11.8;12.5;13.3;PORTS:80,PORTM:100,PORTL:150
31640;Voileipäkakku, kasvis;Savoury sandwich cake, vegetable;164.4;4.5;13.3;9.8;PORTS:80,PORTM:100,PORTL:150
31641;Voileipäkakku, lohi;Savoury sandwich cake, salt-cured salmon;214.9;9.7;12.8;13.4;PORTS:80,PORTM:100,PORTL:150
31642;Voileipäkakku, liha;Savoury sandwich cake, meat;198.1;9.3;12.4;12.0;PORTS:80,PORTM:100,PORTL:150
31643;Keksi, piparkakku, teollinen;Biscuit, gingerbread, industrial;419.0;4.6;63.9;15.5;KPL_M:6,PORTS:6,PORTM:13,PORTL:30
31644;Keksi, piparkakku, kotitekoinen;Biscuit, gingerbread, home-made;416.7;6.5;55.3;18.2;KPL_M:6,PORTS:6,PORTM:13,PORTL:30
31645;Keksi, fruktoosilla makeutettu;Biscuit, sweetened with fructose;439.3;7.2;52.0;22.1;PORTS:5,PORTM:13,PORTL:20
31646;Keksi, leivoskeksi, jaffa appelsiini, lu;Jaffa cake, orange, lu;403.4;5.0;71.0;10.2;KPL_M:13,KPL_VALM:12.5,PORTS:12.5,PORTM:25,PORTL:62.5
31647;Keksi, murokeksi, kotitekoinen, kananmunaa;Shortbread biscuit with egg;445.7;5.9;54.9;22.2;KPL_M:5,PORTS:5,PORTM:10,PORTL:25
31648;Keksi, murokeksi, kotitekoinen, kananmunaton;Shortbread biscuit without egg;413.5;3.9;56.2;18.9;KPL_M:5,PORTS:5,PORTM:10,PORTL:25
31649;Keksi, hanna-tädin pikkuleipä;Biscuit, aunt hanna's cookies;387.5;5.7;60.9;12.9;KPL_M:5,PORTS:5,PORTM:13,PORTL:20
31650;Keksi, tumma täytekeksi, keskiarvo;Chocolate sandwich cookie, average;479.8;4.3;56.0;26.0;KPL_M:13.5,PORTS:13.5,PORTM:27,PORTL:70
31651;Keksi, suklaakuorrute, teollinen, keskiarvo;Biscuit covered with chocolate, industrial, average;480.6;7.6;59.1;23.4;KPL_M:5,PORTS:5,PORTM:13,PORTL:25
31653;Keksi, vohvelikeksi, suklaakuorrute;Wafer, covered with chocolate;516.5;7.0;56.5;28.8;KPL_M:9,PORTS:9,PORTM:18,PORTL:45
31654;Kakku, muffini, suklaamuffini;Cake, chocolate muffin;447.4;6.5;41.7;28.0;KPL_S:30,KPL_M:50,KPL_L:100,PORTS:30,PORTM:50,PORTL:100
31655;Kakku, muffini;Cake, plain cake, muffin;377.6;7.0;45.6;18.2;KPL_S:30,KPL_M:50,KPL_L:100,PORTS:30,PORTM:50,PORTL:100
31656;Keksi, rypsiöljypohjainen keksi, tuotekeskiarvo;Biscuit, rapeseed oil-based, average;444.6;7.4;61.0;17.5;PORTS:5,PORTM:13,PORTL:25
31657;Keksi, lastenkeksi, teollinen, tuotekeskiarvo;Biscuit for children, average of industrial products;431.4;6.1;69.3;13.5;PORTS:5,PORTM:13,PORTL:25
31659;Tippaleipä, kevytmaito;May day fritter, low-fat milk;346.2;5.4;30.4;22.4;KPL_M:60,PORTS:35,PORTM:55,PORTL:105
31660;Tippaleipä, rasvaton maito;May day fritter, fat-free milk;342.5;5.4;30.5;22.0;KPL_M:60,PORTS:35,PORTM:55,PORTL:105
31663;Keksi, kaurakeksi, sokeriton, kotitekoinen;Oat biscuit, sugar-free, home-made;375.9;8.1;45.5;17.1;PORTS:5,PORTM:13,PORTL:25
31664;Keksi, kaurakeksi, gluteeniton, kotitekoinen, vehnätärkkelystä;Oat biscuit gluten-free, home-made;394.6;3.9;58.7;14.9;PORTS:5,PORTM:13,PORTL:25
31667;Jälkiruokakastike, vaniljakastike, kevytmaito, vehnäjauho;Vanilla sauce, low-fat milk, wheat flour;96.3;4.7;13.2;2.6;PORTS:30,PORTM:50,PORTL:100,DL:100,RKL:15,TL:5
31668;Viineri, vaniljakiisseli, kevytmaito;Danish pastry, vanilla custard, low-fat milk;334.0;7.2;33.9;18.5;KPL_S:40,KPL_M:80,KPL_L:105,PORTS:35,PORTM:55,PORTL:105
31669;Viineri, vaniljakiisseli, rasvaton maito;Danish pastry, vanilla custard, fat-free milk;332.0;7.2;34.0;18.2;KPL_S:40,KPL_M:80,KPL_L:105,PORTS:35,PORTM:55,PORTL:105
31670;Viineri, vaniljakiisseli, täysmaito;Danish pastry, vanilla custard, whole milk;337.1;7.2;33.9;18.8;KPL_S:40,KPL_M:80,KPL_L:105,PORTS:35,PORTM:55,PORTL:105
31672;Voitaikina keskiarvo, täytteetön, uunissa;Butter dough, oven-baked;441.3;5.0;30.5;33.3;KPL_M:40,PORTS:20,PORTM:40,PORTL:100
31674;Tuulihattu, ei täytettä;Profiterole, without filling;237.2;7.0;18.7;14.8;KPL_S:15,KPL_M:30,KPL_L:40,PORTS:15,PORTM:60,PORTL:130
31675;Pasta, spagetti, makaroni, luontaisesti gluteeniton;Pasta, spaghetti, macaroni, naturally gluten-free;358.1;8.0;75.3;1.7;PORTS:55,PORTM:70,PORTL:80,DL:55
31676;Pasta, luontaisesti gluteeniton, keitetty, suolaton;Pasta, naturally gluten-free, boiled without salt;121.9;2.7;25.6;0.6;PORTS:135,PORTM:175,PORTL:200
31677;Pasta, spagetti, luontaisesti gluteeniton, kananmunaa;Pasta, spaghetti, naturally gluten-free, contains egg;316.0;2.6;70.5;2.2;PORTS:55,PORTM:70,PORTL:80,DL:55
31678;Pasta, spagetti, luontaisesti gluteeniton, kananmunaa, keitetty, suolaton;Pasta, spaghetti, naturally gluten-free, contains egg, boiled without salt;107.6;0.9;24.0;0.7;PORTS:135,PORTM:175,PORTL:200
31679;Pasta, kuitupitoinen, luontaisesti gluteeniton;Pasta, rich in fiber, naturally gluten-free;351.7;8.4;71.5;1.7;PORTS:55,PORTM:70,PORTL:80,DL:54
31680;Pasta, kuitupitoinen, luontaisesti gluteeniton, keitetty, suolaton;Pasta, rich in fiber, naturally gluten-free, boiled without salt;119.8;2.9;24.4;0.6;PORTS:135,PORTM:175,PORTL:200
31681;Psyllium, siemenkuorijauhe;Psyllium husks;173.9;1.5;0.0;0.6;PORTS:3,PORTM:10,PORTL:20,RKL:10,TL:3
31682;Vaalea leipä, gluteeniton, maito ja vehnätärkkelys, vitaminoitu;Toast, gluten-free;210.0;2.6;39.1;4.1;PORTS:20,PORTM:30,PORTL:40
31683;Jauho, jauhoseos, gluteeniton, vehnätärkkelystä, vitaminoitu;Flour mixture, gluten-free, contains wheat starch, with added vitamins;406.3;0.0;100.0;0.0;PORTS:15,PORTM:25,PORTL:35
31684;Vaalea leipä, gluteeniton, vehnätärkkelystä, vitaminoitu;Gluten-free bread, contains wheat starch, with added vitamins;225.4;1.2;41.3;5.0;PORTS:20,PORTM:30,PORTL:40
31685;Sekaleipä, luontaisesti gluteeniton;Multigrain bread, naturally gluten-free;237.5;3.0;43.3;4.5;PORTS:20,PORTM:30,PORTL:40
31686;Sekaleipä, tattarileipä, vesi, tattarijauho, psyllium, luontaisesti gluteeniton;Multigrain bread, buckwheat bread, naturally gluten-free;181.2;5.9;34.7;0.9;PORTS:20,PORTM:30,PORTL:40
31688;Sekaleipä, tumma leipä, luontaisesti gluteeniton;Multigrain bread, dark bread, naturally gluten-free;261.5;3.8;49.3;4.2;PORTS:20,PORTM:30,PORTL:40
31689;Sekaleipä, siemenleipä, luontaisesti gluteeniton;Multigrain bread, seed bread, naturally gluten-free;254.9;5.5;36.9;7.2;KPL_M:20,PORTS:20,PORTM:30,PORTL:40
31690;Sekaleipä, kauraleipä, luontaisesti gluteeniton;Multigrain bread, oat bread, naturally gluten-free;262.6;4.3;44.9;6.2;PORTS:20,PORTM:30,PORTL:40
31691;Karjalanpiirakka, luontaisesti gluteeniton, moilas;Karelian pasty, rice filling, naturally gluten-free, moilas;202.9;5.8;31.4;5.6;KPL_S:35,KPL_M:60,KPL_L:90,KPL_VALM:80,PORTS:40,PORTM:80,PORTL:130
31692;Jauho, korppujauho, luontaisesti gluteeniton;Flour, breadcrumbs, naturally gluten-free;215.4;2.2;43.9;2.7;PORTS:15,PORTM:25,PORTL:35,DL:50,RKL:7
31693;Makean piirakan murotaikinapohja;Shortbread pie crust, sweet;446.3;7.4;51.3;23.1;PORTS:75,PORTM:150,PORTL:300
31694;Omenapiirakka, piimätaikinapohja;Apple pie, shortbread crust with sour milk;316.1;4.0;47.7;11.5;KPL_S:50,KPL_M:90,KPL_L:130,PORTS:80,PORTM:120,PORTL:160
31695;Makean piirakan pullapohja, rasvaton maito;Basic sweet dough for pies, fat-free milk;308.0;8.0;48.9;8.2;PORTS:75,PORTM:150,PORTL:300
31696;Makean piirakan pullapohja, kevytmaito;Basic sweet dough for pies, low-fat milk;310.8;8.0;48.9;8.5;PORTS:75,PORTM:150,PORTL:300
31697;Makean piirakan pullapohja, täysmaito;Basic sweet dough for pies, whole milk;315.9;8.0;48.9;9.1;PORTS:75,PORTM:150,PORTL:300
31698;Piirakan pullapohja, rasvaton maito, sokeriton;Sweet yeast dough for pies, semi-skimmed milk, without sugar;291.7;8.8;43.5;8.4;PORTS:75,PORTM:150,PORTL:300
31699;Piirakan pullapohja, kevytmaito, sokeriton;Basic sweet dough for pies, low-fat milk, without sugar;295.3;8.8;43.5;8.8;PORTS:75,PORTM:150,PORTL:300
31700;Piirakan pullapohja, täysmaito, sokeriton;Sweet yeast sough for pies, whole milk, without sugar;300.8;8.8;43.5;9.4;PORTS:75,PORTM:150,PORTL:300
31701;Makean piirakan muropohja, fruktoosilla makeutettu;Shortbread pie crust, sweetened with fructose;445.4;8.2;46.6;24.9;PORTS:75,PORTM:150,PORTL:300
31702;Piirakan murotaikinapohja, keinotekoisesti makeutettu;Shortbread pie crust, artificially sweetened;420.7;8.3;38.7;25.6;PORTS:75,PORTM:150,PORTL:300
31703;Piirakan pullapohja, rasvaton maito, fruktoosilla makeutettu;Sweet yeast dough for pies, fat-free milk, sweetened with fructose;304.2;8.3;47.4;8.3;PORTS:75,PORTM:150,PORTL:300
31704;Piirakan pullapohja, kevytmaito, fruktoosilla makeutettu;Basic sweet dough for pies, low-fat milk, sweetened with fructose;307.7;8.3;47.3;8.7;PORTS:75,PORTM:150,PORTL:300
31705;Piirakan pullapohja, täysmaito, fruktoosilla makeutettu;Sweet yeast dough for pies, whole milk, sweetened with fructose;312.8;8.3;47.3;9.3;PORTS:75,PORTM:150,PORTL:300
31706;Piirakan pullapohja, rasvaton maito, keinotekoisesti makeutettu;Sweet yeast dough for pies, fat-free milk, sweetened with aspartame;303.3;8.6;44.7;9.2;PORTS:75,PORTM:150,PORTL:300
31707;Piirakan pullapohja, kevytmaito, keinotekoisesti makeutettu;Basic sweet dough for pies, low-fat milk, sweetened with aspartame;306.7;8.6;44.7;9.6;PORTS:75,PORTM:150,PORTL:300
31708;Piirakan pullapohja, täysmaito, keinotekoisesti makeutettu;Sweet yeast dough for pies, whole milk, sweetened with aspartame;311.9;8.6;44.7;10.2;PORTS:75,PORTM:150,PORTL:300
31717;Piirakan murotaikinapohja, sokeriton;Shortbread pie crust, sugar-free;500.3;7.5;46.5;31.3;PORTS:75,PORTM:150,PORTL:300
31732;Makean piirakan pullapohja, vesi;Basic sweet dough for pies, dairy-free;313.0;7.1;47.7;9.8;PORTS:75,PORTM:150,PORTL:300
31733;Makean piirakan pullapohja, kananmunaton;Basic sweet dough for pies, egg-free;314.1;7.8;50.0;8.4;PORTS:75,PORTM:150,PORTL:300
31734;Makean piirakan pullapohja, vesi, maidoton, kananmunaton;Basic sweet dough for pies, dairy-free, egg-free;313.0;6.8;48.0;9.6;PORTS:75,PORTM:150,PORTL:300
31742;Rahkapiirakan täyte, rusinoita;Quark filling for pies, contains raisins;159.0;8.2;21.2;4.0;PORTS:40,PORTM:100,PORTL:200,DL:100,RKL:15,TL:5
31744;Makean piirakan pullapohja, gluteeniton, vehnätärkkelys ja maito;Basic sweet dough for pies, gluten-free, wheat starch, milk;313.0;4.4;56.2;7.4;PORTS:75,PORTM:150,PORTL:300
31745;Makean piirakan pullapohja, luontaisesti gluteeniton, maito;Basic sweet dough for pies, naturally gluten-free, contains milk;288.0;4.5;47.4;7.7;PORTS:75,PORTM:150,PORTL:300
31746;Makean piirakan murotaikinapohja, vehnätärkkelystä, gluteeniton;Shortbread pie crust, contains wheat starch, gluten-free;456.9;4.3;58.7;22.6;PORTS:75,PORTM:150,PORTL:300
31747;Makean piirakan murotaikinapohja, luontaisesti gluteeniton;Shortbread pie crust, naturally gluten-free;434.4;4.4;51.0;22.9;PORTS:75,PORTM:150,PORTL:300
31748;Piirakan kermaviilitäyte;Sour cream filling for sweet pies;206.5;4.7;21.2;11.2;PORTS:40,PORTM:100,PORTL:200,DL:100,RKL:15,TL:5
31749;Piirakan rahkatäyte;Quark filling for pies;157.4;7.8;16.4;6.4;PORTS:40,PORTM:100,PORTL:200,DL:100,RKL:15,TL:5
31751;Rahkamarjapiirakka, pullapohja, rasvaton maito;Berry pie with quark filling, basic sweet dough, fat-free milk;172.7;6.6;22.1;5.7;KPL_S:50,KPL_M:90,KPL_L:130,PORTS:80,PORTM:120,PORTL:160
31752;Rahkamarjapiirakka, pullapohja, kevytmaito;Berry pie with quark filling, basic sweet dough, low fat milk;173.3;6.6;22.1;5.8;KPL_S:50,KPL_M:90,KPL_L:130,PORTS:80,PORTM:120,PORTL:160
31753;Rahkamarjapiirakka, pullapohja, täysmaito;Berry pie with quark filling, basic sweet dough, whole milk;174.5;6.6;22.1;5.9;KPL_S:50,KPL_M:90,KPL_L:130,PORTS:80,PORTM:120,PORTL:160
31768;Raparperirahkapiirakka, muropohja;Rhubarb pie with quark filling, shortbread crust;242.7;5.3;29.6;10.9;KPL_S:50,KPL_M:90,KPL_L:130,PORTS:80,PORTM:120,PORTL:160
31769;Puolukkarönttönen;Lingonberry pie with rye crust, rönttönen;137.9;3.7;26.8;0.6;PORTS:60,PORTM:90,PORTL:120
31772;Feta-pinaattipiirakka, muropohja, jogurttia;Feta and spinach pie, shortcrust pastry;271.2;8.4;20.5;17.0;KPL_S:80,KPL_M:115,KPL_L:150,PORTS:80,PORTM:120,PORTL:160
31773;Rahkavoitaikina;Butter dough with quark;409.5;7.9;28.0;29.4;KPL_M:40,PORTS:75,PORTM:150,PORTL:300
31774;Perunavoitaikina;Butter dough with potato puree;373.2;5.0;31.8;24.9;KPL_M:40,PORTS:75,PORTM:150,PORTL:300
31775;Juustopiirakka, voitaikinapohja;Cheese pie, butter dough;388.9;11.3;17.3;30.5;KPL_S:80,KPL_M:115,KPL_L:150,PORTS:80,PORTM:120,PORTL:160
31776;Kalapiirakka, voitakinapohja;Fish pie, butter dough;331.0;12.5;12.8;25.7;KPL_S:80,KPL_M:115,KPL_L:150,PORTS:80,PORTM:120,PORTL:160
31777;Lohi-riisipiirakka, voitaikinapohja;Salmon and rice pie, butter dough;275.4;9.5;17.2;18.7;KPL_S:80,KPL_M:115,KPL_L:150,PORTS:80,PORTM:120,PORTL:160
31778;Kala-riisipiirakka, muropohja;Fish and rice pie, shortcrust pastry;283.2;11.2;24.4;15.4;KPL_S:80,KPL_M:115,KPL_L:150,PORTS:80,PORTM:120,PORTL:160
31779;Kaalipiirakka, voitaikinapohja;Cabbage pie, butter dough;227.1;3.0;16.9;16.0;KPL_S:80,KPL_M:115,KPL_L:150,PORTS:80,PORTM:120,PORTL:160
31780;Kinkku-juustopiirakka, muropohja;Ham and cheese pie, shortcrust pastry;332.1;11.2;18.7;23.6;KPL_S:80,KPL_M:115,KPL_L:150,PORTS:80,PORTM:120,PORTL:160
31781;Karjalanpiirakka, tumma, saarioinen;Karelian pasty, rice filling, dark, saarioinen;220.7;4.0;33.5;6.9;KPL_S:35,KPL_M:60,KPL_L:90,KPL_VALM:65,PORTS:40,PORTM:80,PORTL:130
31782;Karjalanpiirakka, perinteinen riisipiirakka, saarioinen;Karelian pasty, rice filling, saarioinen;209.4;3.8;30.0;7.5;KPL_S:35,KPL_M:60,KPL_L:90,KPL_VALM:68,PORTS:40,PORTM:80,PORTL:130
31783;Karjalanpiirakka, vaalea, saarioinen;Karelian pasty, rice filling, light, saarioinen;231.3;4.3;33.6;8.3;KPL_S:35,KPL_M:60,KPL_L:90,KPL_VALM:65,PORTS:40,PORTM:80,PORTL:130
31784;Karjalanpiirakka, pirkka parhaat, pakaste;Karelian pasty, rice filling, pirkka parhaat, frozen;227.8;4.7;34.6;7.1;KPL_S:35,KPL_M:60,KPL_L:90,KPL_VALM:55,PORTS:40,PORTM:80,PORTL:130
31785;Karjalanpiirakka, pirkka;Karelian pasty, rice filling, pirkka;223.4;5.1;34.4;6.6;KPL_S:35,KPL_M:60,KPL_L:90,KPL_VALM:65,PORTS:40,PORTM:80,PORTL:130
31786;Karjalanpiirakka, pirkka, pakaste;Karelian pasty, rice filling, pirkka, frozen;143.4;2.6;24.8;3.3;KPL_S:35,KPL_M:60,KPL_L:90,KPL_VALM:90,PORTS:40,PORTM:80,PORTL:130
31787;Karjalanpiirakka, cocktail-riisipiirakka, moilas, pakaste;Karelian pasty, rice filling, small, moilas, frozen;267.6;4.8;35.1;11.2;KPL_S:35,KPL_M:60,KPL_L:90,PORTS:40,PORTM:80,PORTL:130
31788;Karjalanpiirakka, riisipiirakka, moilas;Karelian pasty, rice filling, moilas;249.2;4.6;35.6;8.9;KPL_S:35,KPL_M:60,KPL_L:90,KPL_VALM:66,PORTS:40,PORTM:80,PORTL:130
31789;Kakku, mantelitorttu, almondy, pakaste;Cake, almond cake, almondy, frozen;353.3;9.7;28.0;22.3;KPL_S:40,KPL_M:70,KPL_L:100,PORTS:40,PORTM:70,PORTL:100
31790;Kakku, daim-kakku, almondy, pakaste;Cake, daim cake, almondy, frozen;439.2;7.4;38.2;28.5;KPL_S:40,KPL_M:70,KPL_L:100,PORTS:40,PORTM:70,PORTL:100
31791;Kakku, juustokakku, almondy, pakaste;Cake, cheese cake almondy, frozen;307.6;6.8;11.8;25.9;KPL_S:40,KPL_M:70,KPL_L:100,PORTS:40,PORTM:70,PORTL:100
31792;Täytekakku, marenkikakku, frödinge, pakaste;Sponge cake, meringue cake, frödinge, frozen;367.6;2.8;34.5;24.4;KPL_S:40,KPL_M:70,KPL_L:100,PORTS:30,PORTM:50,PORTL:100
31793;Täytekakku, mansikkakakku, frödinge, pakaste;Sponge cake, strawberry cake, frozen, frödinge;226.0;3.6;23.9;12.7;KPL_S:40,KPL_M:70,KPL_L:100,PORTS:30,PORTM:50,PORTL:100
31794;Täytekakku, kinuskikakku, frödinge, pakaste;Sponge cake, caramel cake, frozen, frödinge;268.9;4.4;32.1;13.6;KPL_S:40,KPL_M:70,KPL_L:100,PORTS:30,PORTM:50,PORTL:100
31795;Täytekakku, suklaakakku, frödinge, pakaste;Sponge cake, chocolate cake, frozen, frödinge;259.0;4.4;27.0;14.4;KPL_S:40,KPL_M:70,KPL_L:100,PORTS:30,PORTM:70,PORTL:100
31796;Muna-riisipasteija, voitaikina;Egg and rice pasty, butter dough;327.5;5.4;22.4;24.0;KPL_M:75,PORTS:40,PORTM:80,PORTL:130
31798;Lihapiirakka, pirkka;Deep-fried meat pasty, pirkka;288.5;6.7;32.3;14.3;KPL_S:90,KPL_M:120,KPL_L:150,KPL_VALM:100,PORTS:50,PORTM:100,PORTL:200
31799;Lihapiirakka, atria;Deep-fried meat pasty, atria;284.5;9.0;32.7;12.6;KPL_S:90,KPL_M:120,KPL_L:150,KPL_VALM:100,PORTS:50,PORTM:100,PORTL:200
31800;Karjalanpiirakka, atria;Karelian pasty, rice filling, atria;200.3;4.8;26.2;7.9;KPL_S:35,KPL_M:60,KPL_L:90,KPL_VALM:65,PORTS:40,PORTM:80,PORTL:130
31801;Pulla, keskirasvainen, kevytmaito, fruktoosilla makeutettu;Bun, low-fat milk, sweetened with fructose;307.8;8.3;48.6;8.2;KPL_S:35,KPL_M:50,KPL_L:75,PORTS:35,PORTM:55,PORTL:105
31802;Pulla, keskirasvainen, kevytmaito, munaton;Bun, low-fat milk, egg-free;310.9;7.7;51.1;7.7;KPL_S:35,KPL_M:50,KPL_L:75,PORTS:35,PORTM:55,PORTL:105
31805;Pulla, vähärasvainen, kevytmaito;Bun, low-fat, low-fat milk;287.0;8.4;52.4;4.0;KPL_S:35,KPL_M:50,KPL_L:75,PORTS:35,PORTM:55,PORTL:105
31808;Lihapiirakka, teollinen, tuotekeskiarvo;Deep-fried meat pasty, average of industrial products;271.1;8.3;33.1;11.1;KPL_S:90,KPL_M:120,KPL_L:150,PORTS:50,PORTM:100,PORTL:200
31809;Pulla, pirkka/x-tra, pakaste;Bun, pirkka/x-tra, frozen;291.1;6.7;45.7;8.3;KPL_S:35,KPL_M:50,KPL_L:75,PORTS:35,PORTM:55,PORTL:105
31811;Ruisleipä, reissumies, oululainen, fazer;Rye bread, reissumies, oululainen, fazer;229.7;9.6;38.8;1.6;KPL_M:30,KPL_VALM:29,PORTS:20,PORTM:35,PORTL:50
31812;Ruisleipä, oululainen reilu ruisleipä, fazer;Rye bread, oululainen reilu, fazer;240.4;6.9;44.0;1.3;KPL_M:25,KPL_VALM:25,PORTS:20,PORTM:35,PORTL:50
31813;(arc)ruisleipä, vilpuri pikkuruis täysjyväruisleipä, fazer;(arc)rye bread, wholegrain rye, vilpuri pikkuruis, fazer;261.3;8.3;45.1;1.8;KPL_M:20,KPL_VALM:21,PORTS:20,PORTM:35,PORTL:50
31814;Ruisleipä, real tumma täysjyväleipä, fazer;Rye bread, wholegrain rye, real tumma, fazer;194.8;5.4;35.0;1.3;KPL_M:40,KPL_VALM:42,PORTS:20,PORTM:35,PORTL:50
31815;Ruisleipä, puikula ruis, fazer;Rye bread, puikula, fazer;258.3;10.0;45.7;1.5;KPL_M:30,KPL_VALM:28,PORTS:20,PORTM:35,PORTL:50
31816;Ruisleipä, tosi rukiinen, vaasan;Rye bread, tosi rukiinen, vaasan;254.8;9.6;45.3;1.3;KPL_M:30,PORTS:20,PORTM:35,PORTL:50
31817;Ruisleipä, jyvärouhea täysjyväruisleipä, vaasan;Rye bread, wholegrain rye, jyvärouhea, vaasan;246.9;7.6;38.1;4.6;KPL_M:35,KPL_VALM:36,PORTS:20,PORTM:35,PORTL:50
31818;Ruisleipä, ruissydän, vaasan, ruis-, vehnäjauho;Rye bread, wholegrain rye, wheat flour, ruissydän, vaasan;219.3;7.3;39.1;1.2;KPL_M:30,KPL_VALM:26.9,PORTS:20,PORTM:35,PORTL:50
31819;Ruisleipä, 100 % ruis, halkaistu täysjyväruisleipä, vaasan;Rye bread, wholegrain rye, 100% rye, vaasan;231.8;6.7;41.0;1.3;KPL_M:35,KPL_VALM:33,PORTS:20,PORTM:35,PORTL:50
31820;Ruisleipä, ruispalat, vaasan;Rye bread, ruispalat, vaasan;257.1;9.5;45.9;1.4;KPL_M:30,KPL_VALM:27.5,PORTS:20,PORTM:35,PORTL:50
31821;Ruisleipä, oululainen jälkiuunipala, fazer;Rye bread, oululainen jälkiuunipala, fazer;274.8;7.9;49.0;1.7;KPL_M:30,KPL_VALM:30,PORTS:20,PORTM:35,PORTL:50
31822;Ruisleipä, oululainen jälkiuunileipä, vähemmän suolaa, fazer;Rye bread, oululainen jälkiuunileipä, less salt, fazer;278.4;8.2;49.9;1.6;KPL_M:30,KPL_VALM:30,PORTS:20,PORTM:35,PORTL:50
31823;Ruisleipä, oululainen jälkiuuniviipaleet, fazer;Rye bread, oululainen jälkiuuniviipaleet, fazer;269.5;9.1;47.0;1.9;KPL_M:20,KPL_VALM:17,PORTS:20,PORTM:35,PORTL:50
31824;Ruisleipä, oululainen jälkiuunivuoka, fazer, täysjyväruisjauho, -lese;Rye bread, wholegrain rye, oululainen jälkiuunivuoka, fazer;226.5;7.3;39.5;1.6;KPL_M:30,KPL_VALM:32,PORTS:20,PORTM:35,PORTL:50
31826;Ruisleipä, uotilan maalaisruislimppu, täysjyväruisjauho;Rye bread, wholegrain rye, uotilan maalaisruislimppu;174.2;5.8;29.9;1.3;KPL_M:25,KPL_VALM:25,PORTS:20,PORTM:30,PORTL:40
31827;Ruisleipä, uotilan perunalimppu, täysjyväruis-, hiivaleipävehnäjauho;Rye bread, wholegrain rye, dark wheat flour, potato, uotilan perunalimppu;228.1;7.1;42.0;1.4;KPL_M:25,KPL_VALM:28,PORTS:20,PORTM:30,PORTL:40
31828;Ruisleipä, rovastinlimppu, fazer, täysjyväruis-, hiivaleipävehnäjauho;Rye bread, wholegrain rye, dark wheat flour, rovastinlimppu, fazer;250.3;6.7;48.1;1.3;KPL_M:25,KPL_VALM:23,PORTS:20,PORTM:35,PORTL:50
31829;Ruisleipä, oululainen ruislimppu, fazer;Rye bread, oululainen ruislimppu, fazer;217.4;7.1;38.0;1.7;KPL_M:20,KPL_VALM:21,PORTS:20,PORTM:35,PORTL:50
31830;Ruisleipä, saaristolaisleipä, rukiinen, saaristolaispalat, vaasan;Rye bread, sweet and sour rye malt bread, saaristolaispalat, vaasan;256.9;6.7;49.1;1.3;KPL_M:30,KPL_VALM:30,PORTS:20,PORTM:30,PORTL:40
31831;Sekaleipä, moniviljapatonki, ruiskuitua, siemeniä;Multigrain bread, multigrain baguette, rye fiber, seeds;307.5;12.3;45.0;6.7;KPL_M:30,PORTS:20,PORTM:30,PORTL:40
31832;Vaalea leipä, juustopatonki, fazer, vehnäjauho;White bread, wheat baguette with cheese, fazer;271.9;11.0;42.0;5.9;KPL_M:25,PORTS:20,PORTM:30,PORTL:40
31833;Paahtoleipä, paahtosämpylä monivilja, fazer;Toast, multigrain toast, fazer roast rolls;268.8;8.2;40.3;6.4;KPL_M:35,KPL_VALM:66,PORTS:20,PORTM:30,PORTL:40
31834;Paahtoleipä, paahtosämpylä ruis, fazer;Toast, rye toast, fazer roast rolls;260.2;6.7;42.6;4.9;KPL_M:35,KPL_VALM:66,PORTS:20,PORTM:30,PORTL:40
31835;Vaalea leipä, juustosämpylä, fazer, vehnäjauho;White bread, wheat roll with cheese, fazer;305.8;11.3;44.8;8.0;KPL_M:35,KPL_VALM:70,PORTS:20,PORTM:30,PORTL:40
31837;Sekaleipä, oululainen reilu täysjyväviipaleet, fazer, rypsiöljyä;Multigrain bread, wholegrain, rapeseed oil, reilu täysjyväviipaleet, fazer;276.7;12.0;43.8;4.0;KPL_M:30,KPL_VALM:32,PORTS:20,PORTM:30,PORTL:40
31838;Vaalea leipä, oululainen reilu vehnäleseviipaleet, fazer, vehnäjauho, -lese;White bread, wheat flour, wheat bran, reilu vehnäleseviipaleet, fazer;251.8;8.6;45.3;2.4;KPL_M:30,KPL_VALM:29,PORTS:20,PORTM:30,PORTL:40
31839;Vaalea leipä, oululainen reilu vehnäviipaleet, fazer, vehnäjauho;White bread, wheat toast, oululainen reilu vehnäviipaleet, fazer;269.2;8.8;51.1;2.2;KPL_M:30,KPL_VALM:29,PORTS:20,PORTM:30,PORTL:40
31840;Paahtoleipä, moniviljaleipä, fazer alku;Toast, multigrain toast, fazer alku;281.7;9.0;43.1;7.0;KPL_M:45,KPL_VALM:44,PORTS:20,PORTM:30,PORTL:40
31841;Sekaleipä, kauraleipä, fazer, vehnäjauho, kaurahiutale;Multigrain bread, oat bread, wheat flour, oat flakes, fazer;258.0;8.8;49.1;1.8;KPL_M:30,KPL_VALM:30,PORTS:20,PORTM:30,PORTL:40
31842;Vaalea leipä, maalaisleipä, fazer, vehnäjauho;White bread, wheat bread, maalaisleipä, fazer;252.9;8.5;50.2;1.0;KPL_M:30,KPL_VALM:30,PORTS:20,PORTM:30,PORTL:40
31845;Paahtoleipä, ruispaahto, fazer, vehnäjauho, ruiskuitu, kaurakuitu;Toast, rye toast, fazer;230.4;6.5;40.5;2.6;KPL_M:35,KPL_VALM:34,PORTS:20,PORTM:30,PORTL:40
31846;Paahtoleipä, kaurapaahto, fazer, vehnäjauho, kaurahiutale,-kuitu;Toast, oats toast, fazer kaurapaahto;272.4;8.2;48.2;3.5;KPL_M:25,KPL_VALM:22,PORTS:20,PORTM:30,PORTL:40
31847;Paahtoleipä, täysjyväpaahto, fazer, täysjyvävehnäjauho, vehnäjauho;Toast, graham toast, fazer täysjyväpaahto;271.7;9.3;46.3;3.6;KPL_M:25,KPL_VALM:22,PORTS:20,PORTM:30,PORTL:40
31848;Paahtoleipä, vehnäpaahto, fazer;Toast, wheat toast, fazer;262.0;8.4;49.4;2.2;KPL_M:20,KPL_VALM:19,PORTS:20,PORTM:30,PORTL:40
31854;Sekaleipä, puikula kaura, fazer;Multigrain bread, oat bread, puikula kaura, fazer;274.9;11.1;40.7;5.9;KPL_M:30,KPL_VALM:31,PORTS:20,PORTM:30,PORTL:40
31856;Paahtoleipä, arkipaahto vehnä, vaasan, vehnäjauho;Toast, wheat toast, vaasan arkipaahto;263.1;8.0;47.1;3.9;KPL_M:20,KPL_VALM:17,PORTS:20,PORTM:30,PORTL:40
31857;Paahtoleipä, arkipaahto graham, vaasan;Toast, graham toast, vaasan arkipaahto;249.4;7.7;45.9;2.9;KPL_M:20,KPL_VALM:17,PORTS:20,PORTM:30,PORTL:40
31858;Paahtoleipä, 100 % ruispaahto, vaasan, ruisjauho,-rouhe,-mallas,-kuitu;Toast, rye toast, vaasan 100% ruispaahto;253.3;11.4;39.6;3.3;KPL_M:25,KPL_VALM:23,PORTS:20,PORTM:30,PORTL:40
31859;Paahtoleipä, paahtosämpylä kaura-juusto, fazer;Toast, oats and cheese, fazer roast rolls;278.5;8.6;40.0;8.0;KPL_M:33,KPL_VALM:66,PORTS:20,PORTM:30,PORTL:40
31860;Sekaleipä, piimälimppu, vaasan;Multigrain bread, buttermilk bread, vaasan;278.8;10.0;51.2;2.3;KPL_M:20,KPL_VALM:20,PORTS:20,PORTM:30,PORTL:40
31861;Paahtoleipä, isopaahto graham, grahampaahtoleipä, vaasan;Toast, graham toast, vaasan isopaahto;253.2;8.1;47.0;2.3;KPL_M:25,KPL_VALM:25,PORTS:20,PORTM:30,PORTL:40
31862;Paahtoleipä, isopaahto monivilja, vaasan;Toast, multigrain toast, vaasan isopaahto;288.4;9.7;50.0;4.1;KPL_M:25,KPL_VALM:27,PORTS:20,PORTM:30,PORTL:40
31863;Sekaleipä, maalaisviipaleet, viipaloitu, vaasan;Multigrain bread, sliced, maalaisviipaleet, vaasan;255.4;8.7;48.2;1.8;KPL_M:25,KPL_VALM:25,PORTS:20,PORTM:30,PORTL:40
31864;Vaalea leipä, lapin pakarin juustorieskaset, juustorieska, vaasan;White bread, flatbread with cheese, lapin pakarin juustorieskaset, vaasan;215.8;8.8;36.7;2.6;KPL_M:30,PORTS:30,PORTM:50,PORTL:70
31865;Vaalea leipä, lapin pakarin perunarieskaset, perunarieska, vaasan;White bread, potato flatbread, lapin pakarin perunarieskaset, vaasan;213.3;5.7;35.1;4.3;KPL_VALM:32.5,PORTS:30,PORTM:50,PORTL:70
31867;Sekaleipä, lapin pakarin ohrarieskaset, ohrarieska, vaasan;Multigrain bread, barley flatbread, lapin pakarin ohrarieskaset, vaasan;223.7;6.0;36.9;4.2;KPL_M:33,KPL_VALM:32.5,PORTS:30,PORTM:50,PORTL:70
31868;Sekaleipä, moniviljaviipaleet, viipaloitu, vaasan;Multigrain bread, sliced, moniviljaviipaleet, vaasan;274.1;10.8;45.5;3.8;KPL_M:25,KPL_VALM:26,PORTS:20,PORTM:30,PORTL:40
31869;Sekaleipä, kaurapalat, revitty, vaasan;Multigrain bread, oat bread, kaurapalat, vaasan;264.9;9.9;38.9;5.1;KPL_M:30,KPL_VALM:34,PORTS:20,PORTM:30,PORTL:40
31870;Sekaleipä, täyshyvät 100 % moniviljaleipä, täysjyvävehnäleipä, vaasan;Multigrain bread, wholegrain wheat, täyshyvät 100% moniviljaleipä, vaasan;250.8;12.2;36.5;4.1;KPL_VALM:42,PORTS:20,PORTM:30,PORTL:40
31871;Sekaleipä, täyshyvät 100 % jyväiset viipaleet, vaasan;Multigrain bread, sliced, täyshyvät 100% jyväiset viipaleet, vaasan;274.7;12.6;34.8;7.6;KPL_M:28,KPL_VALM:28,PORTS:20,PORTM:30,PORTL:40
31872;Vaalea leipä, juustosämpylä, vaasan, vehnäjauho;White bread, wheat roll with cheese, vaasan;290.6;11.0;42.8;7.6;KPL_M:30,KPL_VALM:60,PORTS:20,PORTM:30,PORTL:40
31876;Ruisleipä, taikaruis 100 % ruissämpylä, vaasan;Rye bread, rye bread roll, taikaruis 100%, vaasan;268.4;7.6;47.9;2.8;KPL_S:30,KPL_M:50,KPL_L:70,KPL_VALM:30,PORTS:20,PORTM:30,PORTL:40
31877;Vaalea leipä, muhku porkkanasämpylä, vaasan;White bread, carrot roll, muhku porkkanasämpylä, vaasan;245.3;8.3;46.0;2.1;KPL_M:25,KPL_VALM:50,PORTS:20,PORTM:30,PORTL:40
31879;Vaalea leipä, perhe vehnäsämpylä, vaasan, vehnäjauho, -rouhe;White bread, wheat roll, perhe vehnäsämpylä, vaasan;279.1;9.2;51.1;3.0;KPL_S:30,KPL_M:50,KPL_L:70,KPL_VALM:40,PORTS:20,PORTM:30,PORTL:40
31880;Ruisleipä, taikaruis ruisviipale, 100 % ruis, vaasan;Rye bread, taikaruis ruisviipale, 100% rye, vaasan;281.3;11.0;43.0;5.1;KPL_M:35,KPL_VALM:35,PORTS:20,PORTM:35,PORTL:50
31881;Sekaleipä, aittaleipä, viipaloitu, perheleipurit;Multigrain bread, aittaleipä, perheleipurit;279.9;9.0;51.8;2.9;KPL_S:20,KPL_M:30,KPL_L:40,KPL_VALM:20,PORTS:20,PORTM:30,PORTL:40
31888;Maito, rasvaton, valio plus, d-vitamiinia 2 ug;Milk, 0% fat, valio plus, 2 ug added vitamin d;41.7;5.0;4.9;0.1;PORTS:150,PORTM:200,PORTL:400,DL:100,RKL:15,TL:5
31891;Maito, täysmaito, vl, d-vitamiinia 1 ug;Milk, 3.5% fat, low-lactose, 1 ug added vitamin d;63.3;3.0;4.8;3.5;PORTS:150,PORTM:200,PORTL:400,DL:100,RKL:15,TL:5
31894;Maito, kahvimaito, rasvaa 2 %, laktoositon, d-vitamiinia 1 ug;Milk, coffee milk 2% fat, lactose-free, 1 ug added vitamin d;52.3;3.6;4.8;2.0;PORTS:150,PORTM:200,PORTL:400,DL:100,RKL:15,TL:5
31895;Perunalaatikko, liha-perunasoselaatikko, atria, valmisateria;Beef mince and mashed potato casserole, atria, ready meal;115.7;4.6;11.3;5.6;KPL_VALM:350,PORTS:250,PORTM:300,PORTL:350
31899;Perunalaatikko, liha-perunasoselaatikko, saarioinen, valmisateria;Beef mince and mashed potato casserole, saarioinen, ready meal;126.8;5.2;11.7;6.3;KPL_VALM:350,PORTS:250,PORTM:300,PORTL:350
31900;Piimä, rasvaton, laktoositon, d-vit 1 ug;Sour milk, fat-free, lactose-free, 1 ug vitamin d;25.3;3.1;2.8;0.1;PORTS:150,PORTM:200,PORTL:400,DL:100,RKL:15,TL:5
31903;Vanukas, maitosuklaavanukas, power cow/kidius;Pudding, milk chocolate pudding, power cow/kidius;111.2;2.8;18.8;2.5;KPL_VALM:120,PORTS:100,PORTM:120,PORTL:240,DL:100,RKL:15,TL:5
31904;Vanukas, maitovanukas, muu maku, power cow/kidius;Pudding, milk pudding, power cow/kidius;102.5;2.6;17.8;2.2;KPL_VALM:120,PORTS:100,PORTM:120,PORTL:240,DL:100,RKL:15,TL:5
31905;Pinaattiohukainen, atria/pirkka;Thin spinach pancake, spinach crepes, atria/pirkka;211.8;5.9;32.1;6.1;KPL_M:15,PORTS:100,PORTM:150,PORTL:200
31908;Vanukas, riisi-marjavanukas, risifrutti;Pudding, rice pudding with berries, risifrutti;123.5;2.6;18.5;4.1;KPL_VALM:175,PORTS:100,PORTM:175,PORTL:250
31909;Vanukas, manna-marjavanukas, risifrutti manna;Pudding, semolina pudding with berries, risifrutti manna;142.3;2.7;17.9;6.4;KPL_VALM:165,PORTS:100,PORTM:165,PORTL:250
31910;Makaronilaatikko, liha-makaronilaatikko, saarioinen/pirkka, valmisateria;Macaroni and meat casserole, saarioinen/pirkka, ready meal;147.9;8.3;17.9;4.5;KPL_VALM:400,PORTS:250,PORTM:300,PORTL:350
31911;Vanukas, manna-suklaavanukas, risifrutti suklaamanna;Pudding, semolina chocolate pudding, risifrutti suklaamanna;153.4;3.0;16.7;8.1;KPL_VALM:165,PORTS:100,PORTM:165,PORTL:250
31917;Makaronilaatikko, liha-makaronilaatikko, atria, valmisateria;Macaroni and meat casserole, atria, ready meal;144.7;8.3;17.4;4.4;KPL_VALM:400,PORTS:250,PORTM:300,PORTL:350
31918;Vanukas, maitosuklaa-vaniljavanukas, paula;Pudding, milk chocolate and vanilla pudding, paula;118.7;3.1;17.1;4.0;KPL_VALM:125,PORTS:100,PORTM:125,PORTL:250,DL:100,RKL:15,TL:5
31919;Kiisseli, marjavanukas, kevyt, marjakiisseli ja vaniljakastike, teollinen;Pudding with vanilla sauce and berries, industrial;62.6;1.2;9.5;1.6;PORTS:100,PORTM:150,PORTL:200,DL:100
31920;Vanukas, suklaa-kermavanukas, susette;Pudding, chocolate pudding with whipped cream, susette;123.7;3.4;17.5;4.2;PORTS:100,PORTM:125,PORTL:250,RKL:15,TL:5
31922;Vanukas, suklaavanukas, kotitekoinen, maito, keskiarvo;Pudding, chocolate pudding, milk, home-made, average;95.9;5.1;11.2;3.1;PORTS:100,PORTM:150,PORTL:200,DL:100,RKL:15
31924;Sekaleipä, oivallus kuitupalat, pågen;Multigrain bread, oivallus kuitupalat, pågen;273.2;8.3;45.3;5.3;KPL_VALM:40,PORTS:20,PORTM:30,PORTL:40
31926;Soijavälipala, hapatettu, soija-hedelmä-vilja, elovena, kalsiumia, probiootteja;Soy product, soured, soya, fruit and grain, elovena, calcium, probiotics;85.5;3.6;12.5;1.8;KPL_VALM:150,PORTS:100,PORTM:150,PORTL:200
31927;Maksalaatikko, pirkka/saarioinen, valmisateria;Liver casserole, pirkka/saarioinen, ready meal;175.0;4.8;18.5;8.9;KPL_VALM:400,PORTS:250,PORTM:300,PORTL:350
31928;Maksalaatikko, laktoositon ja rusinaton, teollinen, valmisateria;Liver casserole, without raisins, lactose-free, industrial, ready meal;154.3;4.5;18.2;7.0;PORTS:250,PORTM:300,PORTL:350
31929;Vanukas, suklaasoijavanukas, kalsiumia;Pudding, chocolate soy pudding, calcium;92.7;3.6;13.1;2.4;PORTS:100,PORTM:125,PORTL:250,DL:100
31930;Vanukas, suklaasoijavanukas, kalsiumia ja vitamiineja;Pudding, chocolate soy pudding, calcium, vitamins;88.7;3.0;13.1;2.2;PORTS:100,PORTM:125,PORTL:250,DL:100
31932;Maksalaatikko, atria/rainbow, valmisateria;Liver casserole, atria/rainbow, ready meal;118.5;5.1;18.1;2.6;KPL_VALM:400,PORTS:250,PORTM:300,PORTL:350
31936;Vanukas, soijavanukas, kalsiumia ja vitamiineja;Pudding, soy pudding, calcium, vitamins;77.3;3.0;12.1;1.5;PORTS:100,PORTM:125,PORTL:250,DL:100
31937;Vanukas, maitovanukas, jacky, rasvaa 2,7 %, muu maku;Pudding, milk pudding, 2.7% fat, jacky;102.5;3.9;15.3;2.7;KPL_VALM:120,PORTS:100,PORTM:120,PORTL:240,RKL:15,TL:5
31938;Vanukas, maitosuklaavanukas, jacky;Pudding, milk chocolate pudding, jacky;119.3;3.5;18.4;3.3;KPL_VALM:120,PORTS:100,PORTM:120,PORTL:240,RKL:15,TL:5
31940;Vanukas, kaakaovanukas, jacky;Pudding, cocoa pudding, jacky;117.0;4.0;18.6;2.7;KPL_VALM:120,PORTS:100,PORTM:120,PORTL:240,RKL:15,TL:5
31941;Vanukas, suklaavanukas, kotitekoinen, maito, maissitärkkelys;Pudding, chocolate pudding, milk, corn starch, home-made;96.3;4.6;11.5;3.1;PORTS:100,PORTM:150,PORTL:200,DL:100,RKL:15
31942;Vanukas, suklaavanukas, kotitekoinen, maito, liivate;Pudding, chocolate pudding, milk, gelatin, home-made;95.5;5.5;11.0;3.1;PORTS:100,PORTM:150,PORTL:200,DL:100,RKL:15
31943;Lihapulla, lihapyörykkä hk/pirkka;Meatball, hk/pirkka, industrial;229.8;14.1;13.4;13.2;KPL_M:15,PORTS:90,PORTM:120,PORTL:150
31945;Vanukas, riisi-marjavanukas, marjariisi, pirkka/rainbow;Pudding, rice pudding with berries, pirkka/rainbow;116.0;2.6;19.5;2.8;KPL_VALM:175,PORTS:100,PORTM:175,PORTL:250
31946;Vanukas, riisi-marjavanukas, risifrutti, kevyt;Pudding, rice pudding with berries, light, risifrutti;94.7;2.7;17.1;1.5;KPL_VALM:175,PORTS:100,PORTM:175,PORTL:250
31947;(arc)kauravalmiste, hapatettu, marja-hedelmä, yosa smoothie, probiootteja;(arc)oat product, fermented oat and fruit, yosa smoothie;63.4;0.9;13.2;0.5;KPL_VALM:200,PORTS:100,PORTM:200,PORTL:300,DL:100,RKL:15,TL:5
31949;Vanukas, kinuskivanukas, jacky, vähemmän sokeria;Pudding, caramel pudding, less sugar, jacky;94.1;3.9;14.0;2.4;KPL_VALM:90,PORTS:100,PORTM:120,PORTL:240,RKL:15,TL:5
31950;Vanukas, maitosuklaavanukas, jacky, vähemmän sokeria;Pudding, milk chocolate pudding, less sugar, jacky;102.4;3.6;13.9;3.4;KPL_VALM:90,PORTS:100,PORTM:120,PORTL:240,RKL:15,TL:5
31951;Pirtelö, power cow, suklaanmakuinen, arla;Milkshake, power cow, chocolate flavour;87.9;3.5;13.6;2.1;KPL_VALM:200,PORTS:150,PORTM:200,PORTL:400,DL:100,RKL:15,TL:5
31952;Pirtelö, power cow, vanilja tai hedelmä, arla;Milkshake, power cow, vanilla/fruit;78.8;3.8;12.2;1.5;PORTS:150,PORTM:200,PORTL:400,DL:100,RKL:15,TL:5
31953;Vanukas, kaakaovanukas, x-tra, rasvaa 0,9 %;Pudding, cocoa pudding, 0.9% fat, x-tra;88.6;2.9;16.7;0.9;KPL_VALM:125,PORTS:100,PORTM:125,PORTL:250,DL:100,RKL:15
31954;Vanukas, maitovanukas, x-tra, rasvaa 0,9 %;Pudding, milk pudding, 0.9% fat, x-tra;86.9;2.7;16.6;0.9;KPL_VALM:125,PORTS:100,PORTM:125,PORTL:250,DL:100,RKL:15
31955;Perunalaatikko, liha-perunasoselaatikko, pirkka, valmisateria;Minced meat and mashed potato casserole, pirkka, ready meal;119.5;5.0;9.6;6.6;KPL_VALM:350,PORTS:250,PORTM:300,PORTL:350
31956;Rahka, maustettu, rasvaton, keinotekoisesti makeutettu;Quark, flavoured, fat-free, artificially sweetened;61.6;8.6;4.9;0.4;PORTS:125,PORTM:180,PORTL:250
31957;Lihapulla, lihapyörykkä, atria;Meatball, atria, industrial;192.0;15.8;9.3;10.1;KPL_M:15,PORTS:90,PORTM:120,PORTL:150
31959;Ruoanvalmistuskerma, maustettu, kolmen juuston, rasvaa 10 % , vl;Cooking cream, cheese flavour, 10% fat, low-lactose;122.3;4.0;4.1;10.0;PORTS:25,PORTM:50,PORTL:100,DL:100,RKL:15,TL:5
31960;Lihapulla, lihapyörykkä kevyt, hk;Meatball, less fat, hk, industrial;175.8;10.2;14.9;8.2;KPL_M:15,PORTS:90,PORTM:120,PORTL:150
31962;Lihapulla, mummon lihapulla, hk;Meatball, mummon lihapulla, hk, industrial;231.3;15.0;9.2;14.9;KPL_M:15,PORTS:90,PORTM:120,PORTL:150
31965;Lihapulla, herkkupyörykkä, saarioinen;Meatball, gourmet meatball, saarioinen, industrial;216.0;16.8;4.5;14.4;KPL_M:15,PORTS:90,PORTM:120,PORTL:150
31966;Kerma, kuohukerma, kasvirasvakerma, flora kuohu, rasvaa 26 %;Cream, vegetable fat, 26% fat, flora;255.4;1.7;4.5;26.0;PORTS:25,PORTM:50,PORTL:100,DL:100,RKL:15,TL:5
31968;Jäätelö, kermajäätelö, laktoositon;Ice cream, cream based, lactose-free;183.6;3.9;17.3;11.0;PORTS:30,PORTM:65,PORTL:125,DL:50
31969;Jäätelö, kermajäätelö, vl;Ice cream, cream based, low-lactose;183.6;3.9;17.3;11.0;PORTS:30,PORTM:65,PORTL:125,DL:50
31970;Jäätelö, kermajäätelöä ja keksiä, puffet;Ice cream with biscuit, cream based, puffet;270.5;4.7;38.5;10.5;KPL_M:62,KPL_VALM:62,PORTS:30,PORTM:65,PORTL:125
31971;Jäätelö, kevyt, rasvaa 4,5 %;Ice cream, light, 4,5% fat;140.7;3.5;21.0;4.5;PORTS:30,PORTM:65,PORTL:125,DL:50
31972;Jäätelö, kermajäätelö, maustettu, carte d'or stracciatella;Ice cream, cream based, flavoured, carte d'or stracciatella;209.5;3.5;30.3;7.7;PORTS:30,PORTM:65,PORTL:125,DL:50
31973;Hillopiirakka, muropohja, gluteeniton, vehnätärkkelystä;Jam pie, short bread crust, gluten-free, contains wheat starch;263.2;3.1;50.2;5.0;KPL_S:50,KPL_M:90,KPL_L:130,PORTS:80,PORTM:120,PORTL:160
31974;Hillopiirakka, pullapohja, gluteeniton, vehnätärkkelys ja maito;Jam pie, basic sweet dough, gluten-free, contains wheat starch and milk;257.1;2.9;49.5;4.7;KPL_S:50,KPL_M:90,KPL_L:130,PORTS:80,PORTM:120,PORTL:160
31975;Hillopiirakka, muropohja, luontaisesti gluteeniton;Jam pie, shortbread crust, naturally gluten-free;344.4;3.0;46.7;15.4;KPL_S:50,KPL_M:90,KPL_L:130,PORTS:80,PORTM:120,PORTL:160
31977;Makean piirakan pullapohja, gluteeniton, maidoton, kananmunaton;Basic sweet dough for pies, gluten-free, dairy-free, egg-free;329.9;0.7;61.0;8.8;PORTS:75,PORTM:150,PORTL:300
31978;Makean piirakan pullapohja, luontaisesti gluteeniton, maidoton, kananmunaton;Basic sweet dough for pies, naturally gluten-free, dairy-free, egg-free;296.4;3.3;47.1;9.3;PORTS:75,PORTM:150,PORTL:300
31979;Makean piirakan pullapohja, gluteeniton, maidoton, vehnätärkkelystä;Basic sweet dough for pies, gluten-free, dairy-free, contains wheat starch;326.7;0.8;60.0;8.9;PORTS:75,PORTM:150,PORTL:300
31981;Makean piirakan pullapohja, luontaisesti gluteeniton, maidoton;Basic sweet dough for pies, naturally gluten-free, dairy-free;294.1;3.4;46.1;9.5;PORTS:75,PORTM:150,PORTL:300
31982;Makean piirakan pullapohja, gluteeniton, kananmunaton, vehnätärkkelystä;Basic sweet dough for pies, gluten-free, egg-free, wheat starch, milk;339.7;1.6;61.7;9.2;PORTS:75,PORTM:150,PORTL:300
31984;Makean piirakan pullapohja, luontaisesti gluteeniton, kananmunaton;Basic sweet dough for pies, naturally gluten-free, egg-free;294.7;4.2;48.4;8.0;PORTS:75,PORTM:150,PORTL:300
31985;Marjapiirakka, muropohja, gluteeniton, vehnätärkkelystä;Berry pie, shortbread crust, gluten-free, contains wheat starch;263.6;2.5;36.4;11.3;KPL_S:50,KPL_M:90,KPL_L:130,PORTS:80,PORTM:120,PORTL:160
31986;Marjapiirakka, muropohja, luontaisesti gluteeniton;Berry pie, shortbread crust, naturally gluten-free;254.2;2.6;32.7;11.4;KPL_S:50,KPL_M:90,KPL_L:130,PORTS:80,PORTM:120,PORTL:160
31987;Marjapiirakka, pullapohja, gluteeniton, vehnätärkkelys ja maito;Berry pie, basic sweet dough, gluten-free, contains wheat starch and milk;237.1;3.2;43.2;5.0;KPL_S:50,KPL_M:90,KPL_L:130,PORTS:80,PORTM:120,PORTL:160
31988;Marjapiirakka, pullapohja, luontaisesti gluteeniton, maito;Berry pie, basic sweet dough, naturally gluten-free, contains milk;221.8;3.2;37.4;5.2;KPL_S:50,KPL_M:90,KPL_L:130,PORTS:80,PORTM:120,PORTL:160
31989;Omenapiirakka, muropohja, gluteeniton, vehnätärkkelystä;Apple pie, shortbread crust, gluten-free, contains wheat starch;226.3;1.9;33.2;9.0;KPL_S:50,KPL_M:90,KPL_L:130,PORTS:80,PORTM:120,PORTL:160
31990;Jäätelö, kermajäätelö, maustettu, carte d'or mascarpone;Ice cream, cream based, flavoured, carte d'or mascarpone;203.7;3.0;28.2;8.5;PORTS:30,PORTM:65,PORTL:125,DL:50
31991;Sorbetti, vadelmasorbetti, teollinen;Sorbet, raspberry, industrial;129.4;0.8;28.7;0.4;PORTS:30,PORTM:65,PORTL:125,DL:65
31992;Broileripyörykkä, saarioinen;Chicken meatball, saarioinen;186.2;14.1;10.8;9.5;PORTS:90,PORTM:120,PORTL:150
31993;Broileripyörykkä, kananpojan pyörykkä, kariniemen;Chicken meatball, kariniemen;230.4;13.5;12.3;14.1;PORTS:90,PORTM:120,PORTL:150
31994;Jäätelö, soijajäätelötuutti, gluteeniton;Soy milk frozen dessert, ice cream cornet, gluten-free;263.6;2.8;37.8;11.0;KPL_M:100,PORTS:50,PORTM:100,PORTL:200
31995;Broileripyörykkä, pirkka;Chicken meatball, pirkka;228.3;14.5;11.4;13.8;PORTS:90,PORTM:120,PORTL:150
31996;Jäätelö, riisijäätelö;Rice ice cream;210.3;0.8;33.5;8.0;PORTS:30,PORTM:65,PORTL:125,DL:55
31997;Jäätelö, jogurttijäätelö, rasvaa 4 %;Ice cream, yoghurt based, 4% fat;168.9;2.7;30.2;3.8;PORTS:30,PORTM:65,PORTL:125,DL:50
32000;Jäätelö, kermajäätelöpuikko, suklaa- ja kinuskikuorrute;Ice cream bar, cream based, caramel and chocolate topping;298.4;4.7;28.3;18.5;PORTS:30,PORTM:65,PORTL:125
32001;Jäätelö, kermajäätelö, maustettu, aino kermainen karamelli;Ice cream, cream based, flavoured, aino caramel;231.3;3.0;31.3;10.3;PORTS:30,PORTM:65,PORTL:125,DL:50
32002;Rahka, maustettu, rasvaa 2,9 %;Quark, flavoured, 2.9% fat;111.9;6.5;14.0;2.9;PORTS:50,PORTM:100,PORTL:200,DL:100,RKL:15
32004;Soijavalmiste, vaihtoehto kermalle, kevyt, rasvaa 5,2 %;Soy product, non-dairy cream substitute,5.2% fat;67.5;1.4;3.5;5.2;PORTS:25,PORTM:50,PORTL:100,DL:100,RKL:15
32005;Kauravalmiste, vaihtoehto kermalle, kevyt, rasvaa 7 %;Oat product, non-dairy substitute for cream, 7% fat;93.7;1.4;6.0;7.0;PORTS:25,PORTM:50,PORTL:100,DL:100,RKL:15,TL:5
32006;Riisivalmiste, vaihtoehto kermalle, kasvirasvavalmiste, rasvaa 7 %;Rice product, non-dairy cream substitute, vegetable fat, 7% fat;162.8;1.8;22.7;7.0;PORTS:25,PORTM:50,PORTL:100,DL:100,RKL:15,TL:5
32007;Riisijuoma, lisätty kalsiumia ja d-vitamiinia;Rice drink, calcium, vitamin d;55.9;1.0;9.3;1.4;PORTS:150,PORTM:200,PORTL:400,DL:100,RKL:15
32008;Soijajuoma, alpro kevyt, kalsiumia ja vitamiineja;Soya drink, light, calcium, vitamins, alpro;27.9;1.8;2.2;1.2;PORTS:150,PORTM:200,PORTL:400,DL:100,RKL:15
32009;Perunalaatikko, liha-perunalaatikko, saarioinen, valmisateria;Meat and potato casserole, saarioinen, ready meal;84.0;4.1;10.9;2.4;KPL_VALM:350,PORTS:250,PORTM:300,PORTL:350
32010;Jäätelö, kermajäätelö, jätskivene;Ice cream with biscuit and chocolate, cream based;251.6;2.2;27.8;14.6;KPL_M:70,PORTS:35,PORTM:70,PORTL:140
32012;Veriohukainen, pirkka;Blood pancake, pirkka;175.3;9.1;20.4;5.7;KPL_M:25,PORTS:100,PORTM:150,PORTL:200
32013;Kaurapuuro, omena-kaneli, elovena;Oat porridge, oat flakes, apple and cinnamon, elovena;78.3;2.1;13.8;1.1;KPL_VALM:159.5,PORTS:150,PORTM:230,PORTL:320,DL:100,RKL:15,TL:5
32015;Kaurapuuro, marja-hedelmä, elovena;Oat porridge, oat flakes, fruit and berries, elovena;77.9;2.1;13.8;1.1;KPL_VALM:159.5,PORTS:150,PORTM:230,PORTL:320,DL:100,RKL:15,TL:5
32016;Lasagne, ateria-ainekset, naudanliha 17 %;Lasagne, beef mince (17%), meal mixture;152.3;9.4;11.7;7.3;PORTS:220,PORTM:300,PORTL:350
32018;Lasagne, ateria-ainekset, sika-nauta;Lasagne, pork-beef mince, meal mixture;165.0;8.8;11.7;9.0;PORTS:220,PORTM:300,PORTL:350,DL:120,RKL:18
32019;Lasagne, ateria-ainekset, naudanliha 7 %;Lasagne, lean steak mince (7%), meal mixture;121.6;9.3;11.7;3.8;PORTS:220,PORTM:300,PORTL:350,DL:120,RKL:18
32020;Lasagne, ateria-ainekset, broileri;Lasagne, chicken mince, meal mixture;114.4;9.6;11.9;2.8;PORTS:220,PORTM:300,PORTL:350,DL:120,RKL:18
32022;Lasagne, ateria-ainekset, naudanliha 17 %, tumma makaroni;Lasagne, beef mince (17%), whole wheat pasta, meal mixture;154.1;9.4;11.7;7.4;PORTS:220,PORTM:300,PORTL:350
32023;Ateria-ainekset, pasta carbonara, kypsennetty;Pasta carbonara, måltid blandning, kokt;90.4;2.9;13.2;2.7;PORTS:220,PORTM:300,PORTL:350
32024;Ateria-ainekset, pastaa sienikastikkeessa, kypsennetty;Pasta with mushroom gravy, pasta dinner mix, cooked;88.5;3.0;12.5;2.7;PORTS:220,PORTM:300,PORTL:350
32025;Ateria-ainekset, pastaa juustokastikkeessa, kypsennetty;Pasta with cheese sauce, pasta dinner mix, cooked;99.6;3.1;14.7;2.9;PORTS:220,PORTM:300,PORTL:350
32028;Lasagne, ateria-ainekset, sianliha;Lasagne, pork mince, meal mixture;147.7;9.2;11.7;6.8;PORTS:220,PORTM:300,PORTL:350
32031;Ateria-ainekset, pastaa tomaattikastikkeessa, kypsennetty;Pasta with tomato sauce, pasta dinner mix, cooked;83.2;2.4;14.5;1.5;PORTS:220,PORTM:300,PORTL:350
32035;Ateria-ainekset, naudanliha-riisi-pata, kypsennetty;Meal mixture, beef and rice, cooked;126.6;7.6;8.8;6.7;PORTS:220,PORTM:300,PORTL:350
32037;Makaronilaatikko, liha-makaronilaatikko, broileri, kevytmaito, tumma makaroni;Macaroni and chicken mince casserole, whole wheat macaroni and low-fat milk;106.1;9.3;7.7;4.0;PORTS:250,PORTM:300,PORTL:350
32038;Makaronilaatikko, liha-makaronilaatikko, sianliha, kevytmaito, tumma makaroni;Macaroni and pork mince casserole, low-fat milk, whole wheat macaroni;109.7;7.3;8.5;5.0;PORTS:250,PORTM:300,PORTL:350
32039;Ateria-ainekset, sianliha-riisi-pata, kypsennetty;Meal mixture, pork and rice, cooked;118.6;7.8;9.0;5.6;PORTS:220,PORTM:300,PORTL:350
32040;Ateria-ainekset, broileri-riisi-pata, kypsennetty;Meal mixture, chicken and rice, cooked;85.2;8.9;8.8;1.4;PORTS:220,PORTM:300,PORTL:350
32041;Ateria-ainekset, soijarouhe-riisi-pata, kypsennetty;Meal mixture, soya and rice, cooked;87.5;7.2;11.1;1.0;PORTS:220,PORTM:300,PORTL:350
32042;Ateria-ainekset, naudanliha-makaroni-pata, kypsennetty;Meal mixture, beef and pasta, cooked;132.4;9.1;6.9;7.4;PORTS:220,PORTM:300,PORTL:350
32043;Ateria-ainekset, sianliha-makaroni-pata, kypsennetty;Meal mixture, pork and pasta, cooked;123.4;9.3;7.1;6.2;PORTS:220,PORTM:300,PORTL:350
32045;Ateria-ainekset, broileri-makaroni-pata, kypsennetty;Meal mixture, chicken and pasta, cooked;85.7;10.5;6.9;1.5;PORTS:220,PORTM:300,PORTL:350
32046;Ateria-ainekset, soijarouhe-makaroni-pata, kypsennetty;Meal mixture, soya and pasta, cooked;88.2;8.5;9.6;1.0;PORTS:220,PORTM:300,PORTL:350
32047;Italianpata, sika-nauta;Italian stew with pork beef mince;139.7;7.3;9.7;7.8;PORTS:300,PORTM:350,PORTL:400
32049;Italianpata, naudanliha 17 %;Italian stew with beef mince;147.3;9.4;9.7;7.8;PORTS:300,PORTM:350,PORTL:400
32051;Jauhelihakastike, ruskea kastike, broileri, ei rasvaa;Chicken mince gravy, no added fat;68.1;10.2;2.0;2.0;PORTS:100,PORTM:180,PORTL:250,DL:100,RKL:15
32052;Omenapiirakka, pullapohja, gluteeniton, vehnätärkkelys ja maito;Apple pie, basic sweet dough, gluten-free, contains wheat starch and milk;240.5;3.1;44.4;5.0;KPL_S:50,KPL_M:90,KPL_L:130,PORTS:80,PORTM:120,PORTL:160
32053;Omenapiirakka, muropohja, luontaisesti gluteeniton;Apple pie, shortbread crust, naturally gluten-free;217.4;1.9;30.1;9.1;KPL_S:50,KPL_M:90,KPL_L:130,PORTS:80,PORTM:120,PORTL:160
32054;Omenapiirakka, pullapohja, luontaisesti gluteeniton, maito;Apple pie, basic sweet dough, naturally gluten-free, contains milk;223.8;3.1;38.5;5.2;KPL_S:50,KPL_M:90,KPL_L:130,PORTS:80,PORTM:120,PORTL:160
32055;Rahkamarjapiirakka, pullapohja, gluteeniton, vehnätärkkelys ja maito;Berry pie with quark filling, basic sweet dough, gluten-free, wheat starch, milk;173.8;5.8;23.8;5.6;KPL_S:50,KPL_M:90,KPL_L:130,PORTS:80,PORTM:120,PORTL:160
32056;Rahkamarjapiirakka, pullapohja, luontaisesti gluteeniton, maito;Berry pie with quark filling, basic sweet dough, naturally gluten-free, milk;168.2;5.8;21.8;5.6;KPL_S:50,KPL_M:90,KPL_L:130,PORTS:80,PORTM:120,PORTL:160
32057;Rahkamarjapiirakka, muropohja, gluteeniton, maito, vehnätärkkelys;Berry pie with quark filling, shortbread crust, gluten-free, wheat starch, milk;267.3;5.1;33.0;12.3;KPL_S:50,KPL_M:90,KPL_L:130,PORTS:80,PORTM:120,PORTL:160
32058;Rahkamarjapiirakka, muropohja, luontaisesti gluteeniton;Berry pie with quark filling, shortbread crust, naturally gluten-free;257.6;5.1;29.7;12.4;KPL_S:50,KPL_M:90,KPL_L:130,PORTS:80,PORTM:120,PORTL:160
32059;Muro, kuviomuro, kellogg's rice krispies multi grain;Breakfast cereal, rice, oat and maize, rice krispies multigrain;381.2;7.5;78.7;2.7;PORTS:25,PORTM:30,PORTL:35
32060;Muro, riisi-vehnähiutale, kellogg's special k classic;Breakfast cereal, rice-wheat flakes, kellogg's special k classic;368.1;9.3;75.8;1.5;PORTS:25,PORTM:30,PORTL:35,DL:13
32061;Muro, riisi-vehnähiutale, kellogg's special k red berries, vadelma-mansikka;Breakfast cereal, rice-wheat flakes, kellogg's special k red berries;366.5;9.3;77.6;1.1;PORTS:25,PORTM:30,PORTL:35,DL:13
32062;Jogurtti, maustettu, rasvaa 2 %, d-vit 0,5 ug;Yoghurt, flavoured, 2% fat, 0.5 ug vitamin d;79.8;3.3;11.8;2.0;PORTS:150,PORTM:200,PORTL:250,DL:100,RKL:15,TL:5
32063;Salaatti, punajuurisalaatti, majoneesikastike, saarioinen;Salad, beetroot salad with mayonnaise, saarioinen;123.4;1.2;10.5;8.3;PORTS:20,PORTM:80,PORTL:170,DL:90
32064;Muro, kaakaonmakuinen riisimuro, kellogg's coco pops;Breakfast cereal, cocoa rice krispies, kellogg's coco pops;383.1;5.3;82.6;2.6;PORTS:25,PORTM:30,PORTL:35,DL:15
32065;Mysli, muromysli, omena-kaneli, keskiarvo, pirkka/rainbow;Muesli, crunchy, with apple and cinnamon, average, pirkka/rainbow;430.0;7.8;60.4;15.5;PORTS:12,PORTM:25,PORTL:40,DL:50,RKL:7.5,TL:2.5
32066;Salaatti, punajuurisalaatti, majoneesikastike, atria;Salad, beetroot salad with mayonnaise, atria;131.0;1.1;6.2;11.2;PORTS:20,PORTM:80,PORTL:170,DL:90
32067;Jogurtti, maustettu, rasvaton, keinotekoisesti makeutettu, d-vit 0,5 ug;Yoghurt, flavoured, fat-free, artificially sweetened, 0.5 ug vitamin d;44.7;3.5;7.0;0.1;PORTS:150,PORTM:200,PORTL:250,DL:100,RKL:15,TL:5
32068;Mysli, muromysli, jogurtti-mansikka, pirkka;Muesli, crunchy, with yoghurt and stawberry, pirkka;431.4;7.8;63.0;15.0;PORTS:12,PORTM:25,PORTL:40,DL:50,RKL:7.5,TL:2.5
32069;Salaatti, punajuurisalaatti, kevyt, majoneesikastike, atria;Salad, beetroot salad with mayonnaise, light, atria;74.0;1.1;6.3;4.7;PORTS:20,PORTM:80,PORTL:170,DL:90
32070;Muro, moniviljamuro, kaakao, viidakkomuro, pirkka;Breakfast cereal, chocolate cereal, multigrain, pirkka viidakkomuro;378.1;4.7;83.2;1.8;PORTS:25,PORTM:30,PORTL:35,DL:50,RKL:7.5,TL:2.5
32071;Mysli, kilomysli, pirkka;Muesli, pirkka kilomysli, wheat, raisins, corn, oats and dried fruits;336.1;8.6;64.7;2.1;PORTS:12,PORTM:25,PORTL:40,DL:50,RKL:7.5,TL:2.5
32072;Salaatti, aurinkosalaatti, hk;Salad, cabbage, carrot, pineapple, mayonnaise, aurinkosalaatti, hk;82.2;0.6;9.0;4.4;PORTS:50,PORTM:75,PORTL:100,DL:90
32073;Mysli, muromysli, marjainen, keskiarvo, pirkka/rainbow;Muesli, crunchy, with dried berries, average, pirkka/rainbow;413.0;9.5;59.5;13.5;PORTS:12,PORTM:25,PORTL:40,DL:50,RKL:7.5,TL:2.5
32075;Muro, ruismuro, quaker fras ruis;Breakfast cereal, rye cereal, quaker fras;345.5;10.2;61.9;3.4;PORTS:25,PORTM:30,PORTL:35,DL:15
32076;Salaatti, italiansalaatti, majoneesikastike, saarioinen;Salad, italian salad with mayonnaise, saarioinen;166.9;2.7;8.1;13.6;PORTS:20,PORTM:80,PORTL:170,DL:110,RKL:20
32077;Muro, weetabix minis, suklaamuroke;Breakfast cereal, chocolate cereal, weetabix minis;366.5;9.9;64.8;5.3;PORTS:25,PORTM:30,PORTL:35
32078;Muro, suklaamuro, weetos choco, weetabix;Breakfast cereal, chocolate cereal, weetos choco, weetabix;372.4;8.9;69.8;4.8;PORTS:25,PORTM:30,PORTL:35
32079;Salaatti, italiansalaatti, majoneesikastike, atria;Salad, italian salad with mayonnaise, atria;186.2;2.8;8.9;15.4;PORTS:20,PORTM:80,PORTL:170,DL:110,RKL:20
32080;(arc)jogurtti, maustettu, vitalinea, rasvaton, d-vit 0,75 ug;(arc)yoghurt, flavoured, vitalinea, fat-free, 0.75 ug vitamin d;40.5;3.3;6.1;0.1;KPL_VALM:125,PORTS:100,PORTM:125,PORTL:250,DL:100,RKL:15,TL:5
32081;Muro, tattarihiutale, top food sun flakes;Breakfast cereal, corn and buckwheat, top food sun flakes;359.6;7.3;76.5;1.5;PORTS:25,PORTM:30,PORTL:35
32082;Salaatti, italiansalaatti, kevyt, majoneesikastike, atria;Salad, italian salad with mayonnaise, light, atria;104.1;3.4;8.4;6.0;PORTS:20,PORTM:80,PORTL:170,DL:110,RKL:20
32083;(arc)mysli, nestle fitness täysjyvämysli, pähkinäpyörre, vitaminoitu;(arc)muesli, nestle fitness, oat, whole wheat, rice flour, nuts, vitamins;386.0;11.6;60.8;8.6;PORTS:12,PORTM:25,PORTL:40,DL:50,RKL:7.5,TL:2.5
32084;Jogurtti, maustettu, rasvaa 2 %, laktoositon, d-vit 0,5 ug;Yoghurt, flavoured, 2% fat, lactose-free, 0.5 ug vitamin d;85.3;3.4;13.0;2.0;PORTS:150,PORTM:200,PORTL:250,DL:100,RKL:15,TL:5
32085;(arc) jogurtti, maustettu, a+, rasvaa 2 %, vl, d-vit 1 ug;Yoghurt, flavoured, 2% fat, low-lactose, a+, 1 ug vitamin d;81.9;2.6;11.9;2.0;PORTS:150,PORTM:200,PORTL:250,DL:100,RKL:15,TL:5
32086;Kebakko, jauhelihavarras, saarioinen;Minced meat skewer, saarioinen;273.5;14.4;11.7;18.8;KPL_VALM:40,PORTS:40,PORTM:80,PORTL:200
32087;Muro, suklaamuro, nesquik duo, nestle, vitaminoitu;Breakfast cereal, chocolate cereal, nestle nesquik duo, vitamins;402.5;6.8;73.4;7.7;PORTS:25,PORTM:30,PORTL:35
32088;Jogurtti, maustamaton, bulgarian, rasvaa 3,5 %, d-vit 1 ug;Yoghurt, bulgarian, plain, 3.5% fat, 1 ug vitamin d;63.3;3.0;4.8;3.5;KPL_VALM:200,PORTS:150,PORTM:200,PORTL:250,DL:100,RKL:15,TL:5
32092;Jauhelihapihvi, hk;Minced meat hamburger patty, hk;233.1;14.4;12.5;13.8;KPL_VALM:55,PORTS:60,PORTM:120,PORTL:180
32093;Muro, suklaamuro, nesquik kaakaomuro, nestle, vitaminoitu;Breakfast cereal, chocolate cereal, nesquik, vitamins;385.0;6.5;76.4;4.3;PORTS:25,PORTM:30,PORTL:35
32094;Hampurilainen, tavallinen, hesburger;Hamburger, beef and wheat roll, hesburger;250.0;12.2;20.0;14.1;KPL_VALM:125,PORTS:62.5,PORTM:125,PORTL:250
32095;Muro, moniviljamuro, cheerios, nestle, maissi, kaura, ohra, vehnä, riisi;Breakfast cereal, cheerios, maize, oat, barley, wheat, rice, nestle;369.3;9.0;70.1;3.7;PORTS:25,PORTM:30,PORTL:35
32096;Hampurilainen, juustohampurilainen, hesburger;Hamburger, cheese burger, hesburger;259.4;13.2;18.1;15.5;KPL_VALM:149,PORTS:75,PORTM:149,PORTL:300
32097;Hampurilainen, kanahampurilainen, hesburger;Hamburger, chicken burger, hesburger;269.5;8.6;25.2;15.4;KPL_VALM:235,PORTS:120,PORTM:235,PORTL:350
32098;Muro, riisi-vehnähiutale, nestle fitness, aamiaishiutale;Breakfast cereal, rice-wheat flakes, nestle fitness;367.7;9.4;72.2;1.8;PORTS:25,PORTM:30,PORTL:35
32100;Jauhelihapihvi, atria;Minced meat hamburger patty, atria;191.4;13.8;9.3;10.9;KPL_VALM:63.5,PORTS:60,PORTM:120,PORTL:180
32101;Majoneesi, kurkkumajoneesi, hampurilaiskastike, hesburger;Mayonnaise, cucumber mayonnaise, hesburger;473.0;0.6;2.8;51.8;PORTS:10,PORTM:25,PORTL:40,DL:95,RKL:14,TL:4.5
32103;Hampurilainen, tavallinen, mcdonald's;Hamburger, beef and wheat roll, mcdonald's;234.4;13.5;25.4;9.3;KPL_VALM:106,PORTS:53,PORTM:106,PORTL:212
32104;Hampurilainen, juustohampurilainen, mcdonald's;Hamburger, cheese burger, mcdonald's;247.4;14.4;22.6;11.6;KPL_VALM:120,PORTS:60,PORTM:120,PORTL:240
32106;Hampurilainen, kanahampurilainen, mcdonald's;Hamburger, chicken burger, mcdonald's;270.2;11.1;29.4;12.6;KPL_VALM:195,PORTS:100,PORTM:200,PORTL:300
32107;Hampurilainen, kerroshampurilainen, big mac, mcdonald's;Hamburger, double burger, big mac, mcdonald's;242.8;13.3;18.1;13.4;KPL_VALM:220,PORTS:110,PORTM:220,PORTL:330
32108;Broilerinuggetti, friteerattu, mcdonald's, chicken mcnuggets;Chicken nuggets, deep fried, chicken mcnuggets;243.0;13.2;19.6;12.3;KPL_VALM:18,PORTS:90,PORTM:135,PORTL:200
32109;Hampurilainen, valmishampurilainen, burgeri, atria, pihvi ja sämpylä;Hamburger, atria;257.7;11.7;29.9;9.7;KPL_VALM:110,PORTS:55,PORTM:110,PORTL:220
32110;Nakkisämpylä, hot dog, atria/pirkka;Hotdog, atria/pirkka;275.7;9.3;33.4;11.2;KPL_VALM:115,PORTS:60,PORTM:120,PORTL:180
32111;Hampurilainen, valmishampurilainen, pihvihampurilainen ja kastike, saarioinen;Hamburger, saarioinen;257.2;10.0;24.3;13.0;KPL_VALM:150,PORTS:75,PORTM:150,PORTL:300
32112;Hampurilainen, valmishampurilainen, hk burgeri, pihvi ja sämpylä;Hamburger, hk;253.2;12.3;32.3;7.8;KPL_VALM:100,PORTS:50,PORTM:100,PORTL:200
32114;Lihapiirakka, grahamlihapiirakka, saarioinen;Deep-fried meat pasty, saarioinen;240.4;9.3;34.4;6.6;KPL_VALM:70,PORTS:35,PORTM:70,PORTL:140
32115;Pizza, meetvurstipizza, saarioinen/atria;Pizza, salami pizza, atria/saarioinen;236.4;9.3;24.4;10.9;KPL_VALM:200,PORTS:100,PORTM:200,PORTL:400
32116;Pizza, jauhelihapizza, saarioinen;Pizza, minced meat pizza, saarioinen;249.7;9.2;28.1;10.7;KPL_VALM:200,PORTS:100,PORTM:200,PORTL:400
32118;Pizza, jauhelihapizza, atria;Pizza, minced meat pizza, atria;242.8;11.2;24.5;10.7;KPL_VALM:200,PORTS:100,PORTM:200,PORTL:400
32119;Pizza, tonnikalapizza, saarioinen;Pizza, tuna pizza, saarioinen;226.0;8.8;27.0;8.8;KPL_VALM:200,PORTS:100,PORTM:200,PORTL:400
32120;Pizza, kinkkupizza, saarioinen;Pizza, ham pizza, saarioinen;223.4;6.8;27.9;9.0;KPL_VALM:200,PORTS:100,PORTM:200,PORTL:400
32121;Kasvispyörykkä, saarioinen;Vegetable ball, saarioinen;189.2;8.1;8.3;12.9;PORTS:100,PORTM:150,PORTL:225
32122;Pizza, tomaatti-mozzarellapizza, saarioinen;Pizza, mozzarella and tomato pizza, saarioinen;240.8;7.8;29.8;9.5;KPL_VALM:200,PORTS:100,PORTM:200,PORTL:400
32123;Pizza, kinkku-ananaspizza, atria;Pizza, ham and pineapple pizza, atria;205.5;7.8;26.7;7.1;KPL_VALM:200,PORTS:100,PORTM:200,PORTL:400
32125;Perunalaatikko, kinkku-perunasoselaatikko, saarioinen, valmisateria;Ham and mashed potato casserole, saarioinen, ready meal;104.5;4.6;10.0;4.9;KPL_VALM:350,PORTS:250,PORTM:300,PORTL:350
32126;Pasta, täysjyväriisijauho, luontaisesti gluteeniton, keitetty, suolaton;Pasta, wholegrain rice flour, naturally gluten-free, boiled without salt;108.6;2.4;21.4;0.9;PORTS:135,PORTM:175,PORTL:200,DL:80
32127;Pasta, täysjyväriisijauho, luontaisesti gluteeniton, keitetty, suolaa;Pasta, wholegrain rice flour, naturally gluten-free, boiled, salt;106.8;2.4;21.0;0.9;PORTS:135,PORTM:175,PORTL:200,DL:80
32128;Lihapiirakka, järvisuomen portti;Deep fried meat pastie, portti;300.2;7.0;31.8;15.8;KPL_VALM:100,PORTS:50,PORTM:100,PORTL:200
32129;Spagettilihavuoka, saarioinen, valmisateria;Spaghetti and minced meat casserole, saarioinen, ready meal;99.2;5.9;11.7;2.9;KPL_VALM:350,PORTS:250,PORTM:300,PORTL:350
32130;Kasvispihvi, saarioinen;Vegetable patty, saarioinen;152.8;7.9;10.3;8.3;KPL_VALM:55,PORTS:100,PORTM:150,PORTL:225
32132;Muro, riisi-vehnähiutale, nestle fitness & yoghurt, aamiaishiutale, vitaminoitu;Breakfast cereal, wheat, rice, yoghurt, nestle fitness & yoghurt, vitamins;382.3;8.6;68.6;6.3;PORTS:25,PORTM:30,PORTL:35
32135;Muro, riisi-vehnähiutale, nestle fitness & fruits, aamiaishiutale, vitaminoitu;Breakfast cereal, wheat, rice, dried fruits, nestle fitness & fruits, vitamins;371.5;7.6;74.0;2.8;PORTS:25,PORTM:30,PORTL:35
32136;Jogurtti, maustamaton, activia, rasvaa 3,4 %, probiootteja;Yoghurt, plain, activia, 3.4% fat;72.2;4.5;5.7;3.4;KPL_VALM:125,PORTS:100,PORTM:125,PORTL:250,DL:100,RKL:15,TL:5
32138;Perunalaatikko, broilerikiusaus, pirkka, valmisateria;Chicken and potato casserole, pirkka, ready meal;81.7;4.3;8.6;3.1;PORTS:250,PORTM:300,PORTL:350
32140;Muro, talkkunamuro, talkmuru, taivalkosken mylly;Whole grain breakfast cereal with oats, barley and rye;345.7;12.3;54.3;4.0;PORTS:25,PORTM:30,PORTL:35
32142;(arc)jogurtti, maustettu hillolla, rasvaa 2 %, vl, d-vit 1 ug;(arc)yoghurt with jam, fat 2%, low-lactose, 1 ug vitamin d;82.0;2.4;12.9;2.0;PORTS:100,PORTM:150,PORTL:200,DL:100,RKL:15,TL:5
32144;Porkkanaohukainen, teollinen;Thin carrot pancake, carrot crepes, industrial;160.7;4.9;21.8;5.5;KPL_M:15,PORTS:100,PORTM:150,PORTL:200
32145;Jogurtti, maustettu, a+, rasvaton, vl, d-vit 1 ug;Yoghurt, flavoured, a+, fat-free, low-lactose, 1 ug vitamin d;66.7;2.6;13.3;0.1;PORTS:150,PORTM:200,PORTL:250,DL:100,RKL:15,TL:5
32146;Sipuli, keitetty, suolaton;Onion, boiled without salt;35.0;1.5;5.7;0.1;KPL_M:60,PORTS:40,PORTM:60,PORTL:100,DL:50,RKL:10
32147;Herne, keitetty, suolaton;Peas, boiled without salt;85.4;6.4;10.8;0.9;PORTS:25,PORTM:45,PORTL:65,DL:50,RKL:10
32148;Broilerikastike, ruskea kastike, rasvaa;Chicken gravy;90.8;11.5;2.1;4.0;PORTS:150,PORTM:200,PORTL:250,DL:100,RKL:15
32149;Kesäkurpitsa, keitetty, suolaton;Zucchini, boiled without salt;21.9;0.8;3.0;0.5;KPL_M:60,PORTS:40,PORTM:60,PORTL:100,DL:50,RKL:10
32150;Hedelmäsose, kotitekoinen lastenruoka;Fruit puree, home-made babyfood;39.7;0.7;7.8;0.1;PORTS:60,PORTM:120,PORTL:200,DL:115,RKL:17,TL:5.5
32151;Broilerikastike, ruskea kastike, kasviksia, rasvaa;Chicken vegetable gravy;81.6;9.6;3.0;3.3;PORTS:150,PORTM:200,PORTL:250,DL:100,RKL:15
32152;Pakastekasvissekoitus, grillatut vihannekset, suolaa ja öljyä, (kypsentämätön);Frozen vegetable mix, grilled vegetables, salt, oil;48.6;0.7;3.1;3.3;PORTS:50,PORTM:80,PORTL:110,DL:60
32153;Bearnaisekastikejauhe, kastikeainekset, knorr;Bearnaise sauce mix, knorr;472.9;10.0;55.7;23.2;PORTS:5,PORTM:15,PORTL:30
32154;Broilerikastike, broileristroganoff;Chicken stroganoff;78.7;8.8;3.8;2.9;PORTS:150,PORTM:200,PORTL:250,DL:100,RKL:15
32155;Pakastekasvissekoitus, aurinkokasvikset, porkkana-papu;Frozen vegetable mix, carrot-bean, aurinkokasvikset;34.2;1.3;5.2;0.2;PORTS:50,PORTM:80,PORTL:110,DL:60
32156;Pakastekasvissekoitus, herne-maissi-porkkana;Frozen vegetable mix, pea-sweet corn-carrot;80.8;3.0;13.5;0.8;PORTS:50,PORTM:80,PORTL:110,DL:60
32157;Pakastekasvissekoitus, kartanon kasvikset, parsakaali-porkkana-paprika;Frozen vegetable mix, broccoli-carrot-sweet pepper, kartanon kasvikset;32.0;1.8;3.8;0.4;PORTS:50,PORTM:80,PORTL:110,DL:60
32158;Pakastekasvissekoitus, juuressekoitus;Frozen vegetable mix, root vegetables;37.3;0.9;6.0;0.2;PORTS:50,PORTM:80,PORTL:110,DL:60
32159;Pakastekasvissekoitus, kruunusekoitus, parsakaali-porkkana-kukkakaali;Frozen vegetable mix, broccoli-carrot-cauliflower, kruunusekoitus;30.7;2.2;3.2;0.3;PORTS:50,PORTM:80,PORTL:110,DL:60
32160;Broilerikastike, ruskea kastike, hedelmäinen, rasvaa;Fruity chicken gravy;75.5;8.2;3.9;2.8;PORTS:150,PORTM:200,PORTL:250,DL:100,RKL:15
32161;Pakastekasvissekoitus, maalaiskasvikset, porkkana-papu-palsternakka;Frozen vegetable mix, carrot-parsnip-bean, maalaiskasvikset;41.2;1.1;6.5;0.3;PORTS:50,PORTM:80,PORTL:110,DL:60
32162;Pakastekasvissekoitus, parsakaali-porkkana-vesikastanja;Frozen vegetable mix, broccoli-carrot-water chestnut;49.4;1.6;8.4;0.3;PORTS:50,PORTM:80,PORTL:110,DL:60
32163;Bearnaisekastikejauhe, kastikeainekset, campbell's/blå band;Bearnaise sauce mix, campbell's/blå band;458.9;3.4;52.2;26.1;PORTS:5,PORTM:15,PORTL:30
32164;Broileria ja riisiä, uunissa;Chicken fillet and rice, oven-baked;103.0;9.8;10.2;2.3;PORTS:280,PORTM:350,PORTL:460
32165;Pakastekasvissekoitus, patajuurekset, porkkana-lanttu-sipuli;Frozen vegetable mix, root vegetables, carrot-swede-onion;32.4;0.9;5.5;0.1;PORTS:50,PORTM:80,PORTL:110,DL:60
32166;Pakastekasvissekoitus, peruna-keittovihannes;Frozen vegetable mix, potato and vegetables;61.8;1.7;12.2;0.1;PORTS:50,PORTM:80,PORTL:110,DL:60
32167;Pakastekasvissekoitus, pomodoro, tomaatti-kasvis;Frozen vegetable mix, tomato and vegetables, pomodoro;24.8;0.8;3.8;0.3;PORTS:50,PORTM:80,PORTL:110,DL:60
32168;Bearnaisekastike, kastikejauheesta, tuotekeskiarvo;Bearnaise sauce made of bearnaise sauce mix, average;177.0;1.1;8.5;15.6;KPL_L:120,PORTS:50,PORTM:100,PORTL:150,DL:90,RKL:13.5
32169;Broileri-pastavuoka, kasvirasvakerma;Macaroni and chicken casserole, cooking cream (veg. fat);165.1;12.1;8.8;8.9;PORTS:250,PORTM:300,PORTL:350
32170;Pakastekasvissekoitus, parsakaali-maissi-porkkana;Frozen vegetable mix, broccoli-sweet corn-carrot;58.7;2.0;9.6;0.6;PORTS:50,PORTM:80,PORTL:110,DL:60
32171;Pakastekasvissekoitus, porkkana-papu-herne-kukkakaali;Frozen vegetable mix, carrot-bean-pea-cauliflower;42.0;2.6;5.5;0.4;PORTS:50,PORTM:80,PORTL:110,DL:60
32172;Soijavälipala, alpro, hapatettu, maustettu, rasvaa 2 %, kalsiumia, vitaminoitu;Soy product, alpro, soured, 2% fat, calcium, vitamins;82.4;3.6;11.6;2.0;PORTS:150,PORTM:200,PORTL:250,DL:100,RKL:15,TL:5
32173;Pakastekasvissekoitus, keskiarvo, keitetty, suolaton;Frozen vegetable mix, average, boiled without salt;65.9;2.5;10.6;0.6;PORTS:50,PORTM:80,PORTL:110,DL:60
32174;Broileripata, hedelmäinen;Chicken stew, vegetables and pineapple;92.9;9.5;4.8;3.7;PORTS:200,PORTM:300,PORTL:400,DL:100
32175;Hollandaisekastikejauhe, kastikeainekset, campbell's/blå band;Hollandaise sauce mix;528.5;5.3;42.9;37.6;PORTS:5,PORTM:15,PORTL:30
32176;Hollandaisekastike, kastikejauheesta, vesi, campbell's/blå band;Hollandaise sauce made of hollandaise sauce mix;153.7;0.8;6.0;14.2;PORTS:50,PORTM:100,PORTL:150,DL:100,RKL:15
32177;Salaatinkastike, thousand island, kevyt, felix, rypsiöljypohjainen, rasvaa 15 %;Salad dressing, rapeseed oil, 15% fat, light, thousand island, felix;187.4;1.0;11.4;15.3;PORTS:10,PORTM:25,PORTL:40,DL:95,RKL:14,TL:4.5
32178;Salaatinkastike, ranskalainen, saarioinen, rypsiöljypohjainen, rasvaa 47 %;Salad dressing, french dressing, rapeseed oil, 47% fat, saarioinen;448.0;0.2;6.9;47.0;PORTS:10,PORTM:25,PORTL:40,DL:95,RKL:14,TL:4.5
32179;Salaatinkastike, kartanon, kevyt, saarioinen, rypsiöljypohjainen, rasvaa 23 %;Salad dressing, rapeseed oil, 23% fat, light, kartanon, saarioinen;274.7;1.1;15.4;23.1;PORTS:10,PORTM:25,PORTL:40,DL:95,RKL:14,TL:4.5
32181;Kasvissose, kotitekoinen lastenruoka, suolaton;Vegetable puree, home-made babyfood, without salt;21.5;1.5;2.2;0.2;PORTS:60,PORTM:120,PORTL:200,DL:100,RKL:15,TL:5
32182;Mustikka, kuivattu, mustikkajauhe;Bilberry or blueberry, dried, bilberry powder;302.9;7.6;25.1;6.9;KPL_M:7,PORTS:5,PORTM:15,PORTL:30,DL:50
32186;Pakastekasvissekoitus, amerikansekoitus, porkkana-parsakaali-papu-paprika-maissi;Frozen vegetable mix, carrot-broccoli-bean-sweet pepper-sweet corn, amerikan;53.2;2.1;8.4;0.6;PORTS:50,PORTM:80,PORTL:110,DL:60
32189;Viili, maustettu, rasvaa 2 %, d-vitamiinia 1 ug;Curd milk, flavoured, 2% fat, 1 ug vitamin d;69.8;2.5;9.9;2.2;PORTS:150,PORTM:200,PORTL:250,DL:100,RKL:15,TL:5
32191;Nakki, broilernakki, 15 % rasvaa;Frankfurter, chicken, 15% fat;195.9;13.7;1.0;15.2;KPL_M:30,KPL_L:40,PORTS:60,PORTM:150,PORTL:210
32193;Soijavälipala, hapatettu, maustettu, rasvaa 2 %, kalsiumia;Soy product, soured, 2% fat, calcium;78.8;2.7;11.6;2.0;PORTS:150,PORTM:200,PORTL:250,DL:100,RKL:15,TL:5
32194;Juustotikku, paneroitu, mozzarella-cheddar;Mozzarella cheddar sticks;366.0;16.6;23.7;22.4;KPL_M:30,PORTS:30,PORTM:60,PORTL:90
32195;Nakki, broilernakki, kevyt, rasvaa 5 %;Frankfurter, chicken, light, 5% fat;104.0;12.2;2.1;5.2;KPL_M:30,KPL_L:40,KPL_VALM:30,PORTS:60,PORTM:150,PORTL:210
32196;Sipulirengas, paneroitu, friteerattu, ravintola;Onion ring, breaded, deep-fried;241.1;4.1;26.1;12.9;KPL_M:16,PORTS:32,PORTM:64,PORTL:128
32197;Nakki, kevyt kalkkunanakki, atria;Frankfurter, turkey, light, atria;104.4;13.2;1.3;5.0;KPL_M:30,KPL_L:40,KPL_VALM:28,PORTS:60,PORTM:150,PORTL:210
32198;Kokolihaleikkele, ohut broilerinfilee, rasvaa 2,2 %;Chicken cold cuts, 2.2% fat;107.8;21.5;0.2;2.2;KPL_S:8,KPL_M:12,KPL_L:15,KPL_VALM:8,PORTS:4,PORTM:12,PORTL:20
32199;Broilerikeitto;Chicken soup;43.8;5.0;3.4;0.9;PORTS:200,PORTM:350,PORTL:400,DL:100,RKL:15
32201;Jogurtti, turkkilainen/kreikkalainen, rasvaa 10 %;Yoghurt, turkish/greek, 10% fat;123.0;4.0;4.3;10.0;PORTS:150,PORTM:200,PORTL:250,DL:100,RKL:15,TL:5
32202;Katkarapu, keitetty, suolaton;Shrimp, boiled, without salt;73.0;16.0;0.0;0.9;KPL_M:2,PORTS:50,PORTM:75,PORTL:100,DL:50
32203;Lohi, keitetty, suolaton;Salmon, boiled, without salt;222.0;21.2;0.0;15.3;PORTS:100,PORTM:160,PORTL:215
32204;Kirjolohi, keitetty, suolaton;Rainbow trout, boiled, without salt;173.4;19.0;0.0;10.9;PORTS:100,PORTM:160,PORTL:215
32205;Lohi tai kirjolohi, keitetty, suolaton;Salmon/rainbow trout, boiled, without salt;224.6;22.9;0.0;14.9;PORTS:100,PORTM:160,PORTL:215
32206;Kala-kasvispaistos, lohi, sekavihannekset, sulatejuusto, maito;Salmon vegetable casserole, processed cheese, milk;143.2;11.2;2.8;9.6;PORTS:200,PORTM:300,PORTL:400
32208;Makaronilaatikko, kala-makaronilaatikko, lohi, kevytmaito;Macaroni and salmon casserole, low-fat milk;128.1;9.5;8.0;6.4;PORTS:250,PORTM:300,PORTL:350
32209;Makaronilaatikko, kala-makaronilaatikko, seiti, kevytmaito;Macaroni and saithe casserole, low-fat milk;95.8;9.2;8.0;2.8;PORTS:250,PORTM:300,PORTL:350
32211;Perunalaatikko, kala-perunalaatikko, lohi, kevytmaito;Salmon and potato casserole, low-fat milk;113.1;8.0;7.8;5.3;PORTS:250,PORTM:300,PORTL:350
32212;Perunalaatikko, kala-perunalaatikko, seiti, kevytmaito;Saithe and potato casserole, low-fat milk;80.8;7.7;7.8;1.8;PORTS:250,PORTM:300,PORTL:350
32214;Kala-pinaattivuoka, lohi, kevytmaito;Salmon spinach casserole, low-fat milk;155.8;11.6;3.2;10.7;PORTS:200,PORTM:300,PORTL:400
32217;Kalapuikko, teollinen, uunissa;Fish fingers, oven-baked, industrial;198.8;13.5;17.2;8.2;KPL_S:25,KPL_VALM:25,PORTS:70,PORTM:125,PORTL:175
32218;Kalapuikko, lohi, findus, uunissa;Fish fingers, salmon, findus, oven-baked;232.7;14.4;20.4;10.1;KPL_S:25,KPL_VALM:25,PORTS:70,PORTM:125,PORTL:175
32224;Kala-riisilaatikko, lohi, munamaito;Salmon and rice casserole;133.6;9.3;8.8;6.7;PORTS:200,PORTM:300,PORTL:400
32225;Kala-riisilaatikko, seiti, munamaito;Saithe and rice casserole;96.4;9.0;8.8;2.6;PORTS:200,PORTM:300,PORTL:400
32228;Kalakukko, ahvenkukko;Perch loaf, fish in rye crust;219.4;12.0;22.1;8.5;PORTS:40,PORTM:80,PORTL:130
32229;Ahven, paistettu, ei korppujauhoja;Perch, fried;143.4;20.5;0.0;6.8;PORTS:100,PORTM:160,PORTL:215
32230;Ahven, paistettu voissa, ei korppujauhoja;Perch, fried in butter;142.1;19.1;0.1;7.3;PORTS:100,PORTM:160,PORTL:215
32231;Hauki, paistettu voissa, ei korppujauhoja;Pike, fried in butter;148.0;20.3;0.1;7.4;PORTS:100,PORTM:160,PORTL:215
32232;Kala, keskiarvo, paistettu voissa, ei korppujauhoja;Fish, average, fried in butter;163.9;19.6;0.1;9.5;PORTS:100,PORTM:160,PORTL:215
32233;Jauhelihakastike, tomaattinen, naudanpaisti, suurustettu;Bolognese, beef steak mince, thickened;104.4;11.0;4.1;4.5;PORTS:100,PORTM:180,PORTL:250,DL:100,RKL:15,TL:5
32234;Jauhelihakastike, tomaattinen, naudanpaisti, suurustamaton;Bolognese, beef steak mince;107.2;12.2;2.3;5.1;PORTS:100,PORTM:180,PORTL:250,DL:100,RKL:15,TL:5
32236;Jauhelihakastike, tomaattinen, naudanliha 17 %, suurustamaton;Bolognese, beef mince;144.4;11.2;2.3;9.7;PORTS:100,PORTM:180,PORTL:250,DL:100,RKL:15,TL:5
32237;Kirjolohi, paistettu;Rainbow trout, fried;240.2;19.0;0.0;18.4;PORTS:100,PORTM:160,PORTL:215
32238;Kirjolohifilee, kasvirasvakerma, ei korppujauhoja, uunissa;Rainbow trout fillet, cooking cream (veg. fat), oven-baked;188.7;18.7;0.3;12.6;PORTS:100,PORTM:160,PORTL:215
32239;Jauhelihakastike, tomaattinen, naudanliha 17 %, suurustettu;Bolognese, beef mince, thickened;135.7;10.1;4.0;8.5;PORTS:100,PORTM:180,PORTL:250,DL:100,RKL:15,TL:5
32240;Kirjolohifilee, kermainen, ei korppujauhoja, uunissa;Rainbow trout fillet with cream, oven-baked;196.1;18.8;0.6;13.1;PORTS:100,PORTM:160,PORTL:215
32241;Jauhelihakastike, tomaattinen, sika-nauta, suurustettu;Bolognese, pork beef mince, thickened;160.2;9.7;4.2;11.4;PORTS:100,PORTM:180,PORTL:250,DL:100,RKL:15,TL:5
32242;Jauhelihakastike, tomaattinen, sika-nauta, suurustamaton;Bolognese, pork beef mince;171.0;10.7;2.4;13.0;PORTS:100,PORTM:180,PORTL:250,DL:100,RKL:15,TL:5
32243;Jauhelihakastike, tomaattinen, naudanliha 7 %, suurustamaton;Bolognese, lean steak mince 7%;93.7;11.1;2.3;4.1;PORTS:100,PORTM:180,PORTL:250,DL:100,RKL:15,TL:5
32244;Jauhelihakastike, tomaattinen, naudanliha 7 %, suurustettu;Bolognese, lean steak mince 7%, thickened;91.5;9.9;4.0;3.6;PORTS:100,PORTM:180,PORTL:250,DL:100,RKL:15,TL:5
32245;Jauhelihakastike, ruskea kastike, naudanliha 7 %, ei rasvaa;Lean steak mince gravy, no added fat;83.8;10.3;2.1;3.7;PORTS:100,PORTM:180,PORTL:250,DL:100,RKL:15
32248;Seiti, paistettu, ei korppujauhoja;Saithe, fried;149.1;18.8;0.0;8.2;PORTS:100,PORTM:160,PORTL:215
32249;Siika, paistettu voissa, ei korppujauhoja;Powan, fried in butter;170.9;21.6;0.1;9.4;PORTS:100,PORTM:160,PORTL:215
32250;Siika, paistettu, ei korppujauhoja;Powan, fried;165.1;22.0;0.0;8.6;PORTS:100,PORTM:160,PORTL:215
32251;Uunisilakka, silakkafilee, kerma, ei korppujauhoja;Baltic herring fillet with cream, oven-baked;196.2;16.4;1.0;13.9;PORTS:100,PORTM:160,PORTL:215
32256;Salaatti, punajuurisalaatti, majoneesikastike, teollinen, tuotekeskiarvo;Salad, beetroot salad with mayonnaise, average of industrial products;114.4;1.3;8.2;8.4;PORTS:20,PORTM:80,PORTL:170,DL:90
32257;Kokolihaleikkele, ohuen ohut broilerin fileeleike, rasvaa 2 %;Chicken cold cuts, 2% fat;86.8;13.8;3.2;2.0;KPL_S:8,KPL_M:12,KPL_L:15,KPL_VALM:7.8,PORTS:4,PORTM:12,PORTL:20
32274;Kakku, mokkapalat;Cake, mocha cake;381.5;5.2;55.4;15.0;KPL_S:40,KPL_M:70,KPL_L:100,PORTS:40,PORTM:70,PORTL:100
32278;Hillopiirakka, pullapohja, täysmaito;Jam pie, basic sweet dough, whole milk;309.5;8.0;53.5;6.2;KPL_S:50,KPL_M:90,KPL_L:130,PORTS:80,PORTM:120,PORTL:160
32279;Hillopiirakka, piimätaikinapohja;Jam pie, shortbread crust with sour milk;348.3;4.4;53.6;12.4;KPL_S:50,KPL_M:90,KPL_L:130,PORTS:80,PORTM:120,PORTL:160
32280;Marjapiirakka, pullapohja, vesi;Berry pie, basic sweet dough, water;221.8;5.2;38.9;3.9;KPL_S:50,KPL_M:90,KPL_L:130,PORTS:80,PORTM:120,PORTL:160
32282;Hillopiirakka, pullapohja, rasvaton maito, fruktoosilla makeutettu;Jam pie, basic sweet dough, fat-free milk, sweetened with fructose;243.2;5.2;42.1;5.2;KPL_S:50,KPL_M:90,KPL_L:130,PORTS:80,PORTM:120,PORTL:160
32283;Hillopiirakka, pullapohja, täysmaito, fruktoosilla makeutettu;Jam pie, basic sweet dough, whole milk, sweetened with fructose;248.6;5.2;42.1;5.8;KPL_S:50,KPL_M:90,KPL_L:130,PORTS:80,PORTM:120,PORTL:160
32284;Hillopiirakka, pullapohja, kevytmaito, fruktoosilla makeutettu;Jam pie, basic sweet dough, low-fat milk, sweetened with fructose;245.4;5.2;42.1;5.5;KPL_S:50,KPL_M:90,KPL_L:130,PORTS:80,PORTM:120,PORTL:160
32301;Margariini 60 %, flora normaalisuolainen;Margarine 60%, flora, normally salted;531.2;0.1;0.2;59.9;PORTS:3,PORTM:6,PORTL:10,DL:95,RKL:14,TL:4.5
32308;Margariini 60 %, flora laktoositon;Margarine 60%, flora, lactose-free;530.6;0.0;0.0;60.0;PORTS:3,PORTM:6,PORTL:10,DL:95,RKL:14,TL:4.5
32316;Marjapiirakka, pullapohja, rasvaton maito, sokeriton;Berry pie, basic sweet dough, fat-free milk, without sugar;207.4;6.0;30.8;5.6;KPL_S:50,KPL_M:90,KPL_L:130,PORTS:80,PORTM:120,PORTL:160
32318;Marjapiirakka, pullapohja, kevytmaito, sokeriton;Berry pie, basic sweet dough, low-fat milk, without sugar;209.7;6.0;30.7;5.9;KPL_S:50,KPL_M:90,KPL_L:120,PORTS:80,PORTM:130,PORTL:160
32319;Marjapiirakka, pullapohja, täysmaito, sokeriton;Berry pie, basic sweet dough, whole milk, without sugar;213.2;6.0;30.7;6.3;KPL_S:50,KPL_M:90,KPL_L:130,PORTS:80,PORTM:120,PORTL:160
32320;Marjapiirakka, pullapohja, rasvaton maito, fruktoosilla makeutettu;Berry pie, basic sweet dough, fat-free milk, sweetened with fructose;221.0;5.6;34.7;5.5;KPL_S:50,KPL_M:90,KPL_L:130,PORTS:80,PORTM:120,PORTL:160
32321;Marjapiirakka, pullapohja, kevytmaito, fruktoosilla makeutettu;Berry pie, basic sweet dough, low-fat milk, sweetened with fructose;223.2;5.6;34.7;5.8;KPL_S:50,KPL_M:90,KPL_L:130,PORTS:80,PORTM:120,PORTL:160
32322;Marjapiirakka, pullapohja, täysmaito, fruktoosilla makeutettu;Berry pie, basic sweet dough, whole milk, sweetened with fructose;226.5;5.6;34.7;6.2;KPL_S:50,KPL_M:90,KPL_L:130,PORTS:80,PORTM:120,PORTL:160
32323;Marjapiirakka, pullapohja, rasvaton maito, keinotekoisesti makeutettu;Berry pie, basic sweet dough, fat-free milk, artificially sweetened;216.0;5.9;31.9;6.1;KPL_S:50,KPL_M:90,KPL_L:130,PORTS:80,PORTM:120,PORTL:160
32324;Marjapiirakka, pullapohja, kevytmaito, keinotekoisesti makeutettu;Berry pie, basic sweet dough, low-fat milk, artificially sweetened;218.2;5.9;31.8;6.4;KPL_S:50,KPL_M:90,KPL_L:130,PORTS:80,PORTM:120,PORTL:160
32325;Marjapiirakka, pullapohja, täysmaito, keinotekoisesti makeutettu;Berry pie, basic sweet dough, whole milk, artificially sweetened;221.6;5.9;31.8;6.8;KPL_S:50,KPL_M:90,KPL_L:130,PORTS:80,PORTM:120,PORTL:160
32326;Marjapiirakka, piimätaikinapohja;Berry pie, shortbread crust with sour milk;311.9;4.0;47.1;11.1;KPL_S:50,KPL_M:90,KPL_L:130,PORTS:80,PORTM:120,PORTL:160
32327;Marjapiirakka, muropohja, sokeriton;Berry pie, shortbread crust, sugar-free;267.4;4.1;26.3;15.2;KPL_S:50,KPL_M:90,KPL_L:130,PORTS:80,PORTM:120,PORTL:160
32328;Marjapiirakka, muropohja, fruktoosilla makeutettu;Berry pie, shortbread crust, sweetened with fructose;255.3;4.4;29.3;12.4;KPL_S:50,KPL_M:90,KPL_L:130,PORTS:80,PORTM:120,PORTL:160
32329;Marjapiirakka, muropohja, keinotekoisesti makeutettu;Berry pie, shortbread crust, artificially sweetened;228.9;4.4;22.7;12.4;KPL_S:50,KPL_M:90,KPL_L:130,PORTS:80,PORTM:120,PORTL:160
32330;Marjapiirakka, pullapohja, kananmunaton;Berry pie, basic sweet dough, egg-free;232.8;5.3;37.9;5.6;KPL_S:50,KPL_M:90,KPL_L:130,PORTS:80,PORTM:120,PORTL:160
32331;Marjapiirakka, pullapohja, vesi, maidoton, kananmunaton;Berry pie, basic sweet dough, water, dairy-free, egg-free;231.9;4.7;36.5;6.4;PORTS:80,PORTM:120,PORTL:160
32332;Rahkamarjapiirakka, muropohja;Berry pie with quark filling, shortbread crust;231.8;6.4;26.0;10.8;KPL_S:50,KPL_M:90,KPL_L:130,PORTS:80,PORTM:120,PORTL:160
32333;Omenapiirakka, pullapohja, täysmaito;Apple pie, basic sweet dough, whole milk;245.7;6.1;43.0;4.7;KPL_S:50,KPL_M:90,KPL_L:130,PORTS:80,PORTM:120,PORTL:160
32335;Raparperipiirakka, piimätaikinapohja;Rhubarb pie, shortbread crust with sour milk;296.0;3.6;46.6;9.8;KPL_S:50,KPL_M:90,KPL_L:130,PORTS:80,PORTM:120,PORTL:160
32336;Raparperipiirakka, pullapohja, rasvaton maito;Rhubarb pie, basic sweet dough, fat-free milk;244.3;5.3;42.0;5.2;KPL_S:50,KPL_M:90,KPL_L:130,PORTS:80,PORTM:120,PORTL:160
32338;Makean piirakan piimätaikinapohja;Sweet shortbread pie crust with sour milk;404.3;5.6;58.2;16.0;PORTS:75,PORTM:150,PORTL:300
32341;Margariini 60 %, flora reilusti suolattu;Margarine 60%, flora, high in salt;530.5;0.2;0.2;60.0;PORTS:3,PORTM:6,PORTL:10,DL:95,RKL:14,TL:4.5
32342;Margariini 80 %, leivontaan ja ruoanlaittoon;Margarine 80%, for baking and cooking;710.7;0.5;0.3;80.0;PORTS:3,PORTM:6,PORTL:10,DL:95,RKL:14,TL:4.5
32343;Kasvirasvalevite 38 %, becel kevyt;Vegetable fat spread 38%, becel light;347.9;0.0;2.9;38.0;PORTS:3,PORTM:6,PORTL:10,DL:95,RKL:14,TL:4.5
32344;Kasviöljyvalmiste, juokseva, 82 %, flora culinesse;Vegatable oil product 82%, flora culinesse, fluid;717.2;0.0;0.0;81.1;PORTS:3,PORTM:6,PORTL:10,DL:95,RKL:14
32348;Kasviöljyvalmiste, juokseva, 82 %, becel;Vegatable oil product 82%, becel, fluid;725.1;0.0;0.0;82.0;PORTS:3,PORTM:6,PORTL:10,DL:95,RKL:14
32350;Kasvirasvalevite 38 %, becel kevyt oliivi;Vegetable fat spread 38%, becel light olive;347.9;0.0;2.9;38.0;PORTS:3,PORTM:6,PORTL:10,DL:95,RKL:14,TL:4.5
32354;Kasviöljyvalmiste, juokseva, 80 %, keiju rypsi;Margarine 80%, keiju rypsi, fluid;707.5;0.0;0.0;80.0;PORTS:3,PORTM:6,PORTL:10,DL:95,RKL:14,TL:4.5
32357;Munkinpaistorasva 100 %, sunnuntai;Doughnut roasting fat 100%, sunnuntai;884.3;0.0;0.0;100.0;PORTS:3,PORTM:6,PORTL:10,DL:95,RKL:14
32360;Margariini 60 %, benecol laktoositon;Margarine 60%, benecol, lactose-free;530.6;0.0;0.0;60.0;PORTS:3,PORTM:6,PORTL:10,DL:95,RKL:14,TL:4.5
32366;(arc) rasvaseos 60%, bunge makuisa;(arc)blended spread 60%, bunge makuisa;532.4;0.4;0.0;60.0;PORTS:3,PORTM:6,PORTL:10,DL:95,RKL:14,TL:4.5
32367;Muksu soijajuoma 1-3 v, leikki-ikäiselle;Muksu soy drink;71.6;2.5;7.5;3.5;PORTS:100,PORTM:170,PORTL:270,DL:100,RKL:15
32372;(arc) kasvirasvalevite 32%, benecol kevyt oliivi;(arc)vegetable fat spread 32%, benecol light olive;295.9;2.6;0.6;32.0;PORTS:3,PORTM:6,PORTL:10,DL:95,RKL:14,TL:4.5
32374;(arc)margariini 40 %, benecol;(arc)margarine 40%, benecol;382.6;0.2;6.8;40.0;PORTS:3,PORTM:6,PORTL:10,DL:95,RKL:14,TL:4.5
32379;Jauheliha-makaronimuhennos, naudan jauheliha 17%;Macaroni stew with beef mince;133.3;7.3;12.7;5.7;PORTS:250,PORTM:300,PORTL:350
32380;Jauheliha-makaronimuhennos, broileri;Macaroni stew with chicken mince;98.0;7.0;11.6;2.3;PORTS:250,PORTM:300,PORTL:350
32381;Spagettikastikejauhe, kastikeainekset, knorr;Bolognese gravy mix, knorr;334.1;12.0;58.0;4.5;PORTS:5,PORTM:15,PORTL:30
32382;Jauhelihakastike, tomaattinen, naudanliha 17 %, kastikejauheesta;Bolognese, beef mince, powdered gravy mix;180.1;13.2;6.8;11.1;PORTS:100,PORTM:180,PORTL:250,DL:100,RKL:15,TL:5
32383;Jauhelihakastike, tomaattinen, sika-nauta, kastikejauheesta;Bolognese, pork beef mince, tomato, powdered gravy mix;204.0;12.3;6.8;14.2;PORTS:100,PORTM:180,PORTL:250,DL:100,RKL:15,TL:5
32384;Ateriakastike, currykastike, uncle ben's, valmiskastike;Curry sauce, uncle ben's;61.9;0.7;9.1;2.3;KPL_VALM:400,PORTS:50,PORTM:100,PORTL:150,DL:100,RKL:15,TL:5
32385;Raejuusto, rasvaa 1,5 %;Cottage cheese, 1.5% fat;89.5;16.4;2.4;1.5;PORTS:7,PORTM:15,PORTL:25,DL:85,RKL:9.5,TL:4
32386;Ateriakastike, tikka masala, uncle ben's, valmiskastike;Tikka masala, uncle ben's;108.9;1.3;9.0;7.2;KPL_VALM:400,PORTS:50,PORTM:100,PORTL:150,DL:100,RKL:15,TL:5
32397;Ateriasalaatti, tonnikalasalaatti, makaroni, vihersalaatti, herne-maissi-paprika;Tuna salad with pasta and legumes;67.6;7.0;5.8;1.4;PORTS:200,PORTM:250,PORTL:300,DL:75
32398;Tonnikala-makaronimuhennos, tonnikala vedessä;Macaroni stew with tuna;97.5;8.3;11.9;1.6;PORTS:250,PORTM:300,PORTL:350
32401;Mantelikala, seiti, korppujauho, ruokakerma 15 %;Saithe with almond and cooking cream 15%;157.1;17.5;2.3;8.4;PORTS:100,PORTM:160,PORTL:215
32403;Dippikastikejauhe, sisältää maitoa, kastikeainekset;Dipmix with milk extracts;308.3;7.1;54.6;3.0;KPL_S:13,KPL_M:16,KPL_L:20,PORTS:5,PORTM:10,PORTL:20
32404;Dippikastikejauhe, maidoton, kastikeainekset;Dipmix, milk-free;326.6;1.1;76.9;0.1;KPL_S:13,KPL_M:16,KPL_L:20,PORTS:5,PORTM:10,PORTL:20
32405;Kylmä kastike, kermaviilikastike, dippikastike, rasvaa 10-12 %, jauheesta;Sour cream sauce, dipping sauce, 10-12% fat;146.1;3.0;7.2;11.3;PORTS:40,PORTM:100,PORTL:200,DL:100,RKL:15,TL:5
32407;Meetvursti, ultrakevyt, rasvaa 9 %;Salami, light, 9% fat;201.6;30.0;0.0;9.0;KPL_S:2,KPL_M:6,KPL_L:10,PORTS:4,PORTM:12,PORTL:20
32409;Kokolihaleikkele, korppukinkku, rasvaa 3 %;Crumbed ham, 3% fat;104.0;17.5;1.4;3.1;KPL_S:8,KPL_M:12,KPL_L:15,PORTS:4,PORTM:12,PORTL:20
32416;Marjajuoma, proviva, keskiarvo, probiootteja;Berry drink, proviva, average, contains probiotics;57.7;0.4;12.5;0.3;PORTS:150,PORTM:200,PORTL:300,DL:100,RKL:15,TL:5
32417;Hedelmäjuoma, mango, proviva, probiootteja;Fruit drink, proviva, mango, contains probiotics;46.5;0.3;10.7;0.1;PORTS:150,PORTM:200,PORTL:300,DL:100,RKL:15,TL:5
32418;Kauravalmiste, hapatettu, maustettu, yosa, keskiarvo, probiootteja;Oat product, fermented oat, flavoured, yosa, average, probiotics;66.8;1.4;12.7;0.8;PORTS:62.5,PORTM:125,PORTL:250,DL:100,RKL:15,TL:5
32422;(arc)välipalajuoma,tehojuoma, hedelmä, gefilus, c- ja d-vitamiinia, probiootteja;(arc)gefilus drink, effect drink, fruit, vitamin c, vitamin d, probiotics;61.5;0.8;12.8;0.3;KPL_M:100,PORTS:50,PORTM:100,PORTL:200,DL:100,RKL:15,TL:5
32423;(arc) välipalajuoma, tehojuoma, hedelmäinen, rainbow, probiootteja;(arc)yoghurt drink, fruit, probiotics, rainbow;88.7;2.3;16.9;1.1;KPL_M:100,PORTS:50,PORTM:100,PORTL:200,DL:100,RKL:15,TL:5
32424;(arc) välipalajuoma, tehojuoma, marjainen, rainbow, probiootteja;(arc)yoghurt drink, berry, probiotics, rainbow;85.8;2.3;16.0;1.1;KPL_M:100,PORTS:50,PORTM:100,PORTL:200,DL:100,RKL:15,TL:5
32431;Kasviöljyvalmiste, juokseva, 80 %, sunnuntai, rypsiöljy;Margarine 80%, sunnuntai, fluid, rapeseed oil;707.5;0.0;0.0;80.0;PORTS:3,PORTM:6,PORTL:10,DL:95,RKL:14,TL:4.5
32437;(arc) kasvirasvalevite 30%, keiju deli oliivi;(arc)vegetable fat spread 30%, keiju deli olive;296.0;0.2;1.2;30.0;PORTS:3,PORTM:6,PORTL:10,DL:95,RKL:14,TL:4.5
32438;Mysli, hedelmäinen, gluteeniton hedelmämysli, pirkka;Muesli with dried fruit, gluten-free, pirkka;336.6;5.0;70.1;2.5;PORTS:12,PORTM:25,PORTL:40,DL:40,RKL:6,TL:3
32439;Muro, täysjyvämuro, pirkka, vitaminoitu;Breakfast cereal, whole wheat flakes, pirkka;360.3;8.5;74.7;1.9;PORTS:25,PORTM:30,PORTL:35,DL:50,RKL:7.5,TL:2.5
32440;Muro, marjainen täysjyvämuro, pirkka, vitaminoitu;Breakfast cereal, whole wheat flakes with berries, added vitamins, pirkka;358.4;8.2;72.5;2.1;PORTS:25,PORTM:30,PORTL:35,DL:50,RKL:7.5,TL:2.5
32441;Muro, suklaamuro, suklaarenkaat, täysjyvärenkaat, top food;Breakfast cereal, chocolate cereal, chocolate loops, whole wheat, top food;377.9;8.3;71.6;4.7;PORTS:25,PORTM:30,PORTL:35
32442;Muro, hunajamuro, vehnärenkaita hunaja, top food;Breakfast cereal, honey wheat loops, top food;392.3;9.0;78.0;3.8;PORTS:25,PORTM:30,PORTL:35
32443;Muro, neljänviljanmuro, sun muro, top food;Breakfast cereal, wheat, rye, oat, barley, top food;363.7;9.7;66.6;4.3;PORTS:25,PORTM:30,PORTL:35
32444;Mysli, hedelmäinen, pirkka;Muesli with dried fruit, pirkka;354.0;7.6;65.1;4.8;PORTS:12,PORTM:25,PORTL:40,DL:40,RKL:6,TL:3
32445;Muro, suklaamuro, pirkka;Breakfast cereal, chocolate cereal, pirkka;387.4;9.1;76.6;2.8;PORTS:25,PORTM:30,PORTL:35
32446;Mysli, muromysli, rainbow;Muesli, crunchy, rainbow;426.3;7.7;60.8;15.0;PORTS:12,PORTM:25,PORTL:40,DL:50,RKL:7.5,TL:2.5
32447;Mysli, muromysli, hedelmäinen muromysli, rainbow;Muesli, crunchy, with fruit, rainbow;413.1;7.2;63.0;12.9;PORTS:12,PORTM:25,PORTL:40,DL:50,RKL:7.5,TL:2.5
32449;Välipalapatukka, jogurttinen myslipatukka;Cereal bar with yoghurt;416.2;7.4;61.6;14.6;KPL_M:30,PORTS:30,PORTM:60,PORTL:120
32450;Välipalapatukka, täysjyväviljainen myslipatukka;Cereal bar, wholegrain muesli bar;379.3;6.2;70.5;6.9;KPL_M:30,PORTS:30,PORTM:60,PORTL:120
32451;Välipalapatukka, marjaisa myslipatukka;Cereal bar with berries;371.9;6.0;68.2;7.0;KPL_M:30,PORTS:30,PORTM:60,PORTL:120
32452;Välipalapatukka, hedelmäinen myslipatukka;Cereal bar with fruits;376.5;5.9;70.1;6.8;KPL_M:30,PORTS:30,PORTM:60,PORTL:120
32454;Lihapata, karjalanpaisti, nauta, keskirasvainen sika, juurekset;Karelian stew, pork and beef, root vegetables;104.4;13.3;0.6;5.3;PORTS:150,PORTM:200,PORTL:250
32455;Verigreippi, kuorittu;Grapefruit pink/red, without skin;35.4;0.8;6.9;0.1;KPL_S:195,KPL_M:260,PORTS:100,PORTM:200,PORTL:300
32456;Latva-artisokka;Artichoke;30.2;3.3;1.3;0.1;KPL_M:300,PORTS:150,PORTM:300,PORTL:450
32459;Sekaleipä, puhtileipä, katri antell;Multigrain bread, puhtileipä, katri antell;287.5;8.6;46.7;6.2;KPL_M:20,PORTS:20,PORTM:30,PORTL:40
32460;Sekaleipä, vaaleavaalea, katri antell;Multigrain bread, vaaleavaalea, katri antell;302.4;8.8;50.4;5.9;KPL_M:20,KPL_VALM:49,PORTS:20,PORTM:30,PORTL:40
32461;Vaalea leipä, vehnäsämpylä, lounassämpylä, katri antell;White bread, wheat roll, lounassämpylä, katri antell;285.4;8.3;47.2;6.1;KPL_M:20,KPL_VALM:56,PORTS:20,PORTM:30,PORTL:40
32462;Sekaleipä, puhtisämpylä, katri antell;Multigrain bread, bread roll, puhtisämpylä, katri antell;282.9;8.8;46.8;5.5;KPL_M:20,PORTS:20,PORTM:30,PORTL:40
32463;Sekaleipä, tuhti-moniviljasämpylä, katri antell;Multigrain bread, bread roll, tuhti-moniviljasämpylä, katri antell;245.4;8.9;46.2;3.1;KPL_VALM:68.3,PORTS:20,PORTM:30,PORTL:40
32464;Pähkinä, parapähkinä;Nut, brazil nut;670.5;14.3;2.6;66.4;PORTS:20,PORTM:50,PORTL:100,RKL:10
32465;Sekaleipä, tuhti-porkkanasämpylä, katri antell;Multigrain bread, carrot roll, tuhti-porkkanasämpylä, katri antell;258.5;7.8;44.0;4.7;KPL_VALM:68.3,PORTS:20,PORTM:30,PORTL:40
32466;Sekaleipä, oiva perunalimppu, linkosuo;Multigrain bread, potato rye bread, oiva perunalimppu, linkosuo;260.1;9.0;49.0;1.1;PORTS:20,PORTM:30,PORTL:40
32467;Sekaleipä, tampereen rievä, linkosuo;Multigrain bread, tampereen rievä, linkosuo;223.4;8.4;41.2;1.7;KPL_M:30,PORTS:20,PORTM:30,PORTL:40
32468;Sekaleipä, jyväleipä, tummempi tuhatjyvä, linkosuo;Multigrain bread, tummempi tuhatjyvä, linkosuo;279.6;7.6;44.2;7.0;KPL_S:20,KPL_M:30,KPL_L:40,PORTS:20,PORTM:30,PORTL:40
32469;Sekaleipä, aamiaissämpylä, perheleipurit;Multigrain bread, bread roll, aamiaissämpylä, perheleipurit;278.3;9.1;48.0;4.4;KPL_M:20,KPL_VALM:60,PORTS:20,PORTM:30,PORTL:40
32470;Vaalea leipä, evässämpylä, perheleipurit;White bread, wheat roll, evässämpylä, perheleipurit;279.1;8.4;50.3;3.6;KPL_M:35,KPL_VALM:60,PORTS:20,PORTM:30,PORTL:40
32471;Sekaleipä, limpukka, pågen;Multigrain bread, lingonberry, limpukka, pågen;279.5;8.5;49.6;3.5;KPL_M:20,KPL_VALM:36,PORTS:20,PORTM:30,PORTL:40
32472;Sekaleipä, ruis-vehnätyynyt, vaasan;Multigrain bread, bread roll, rye and wheat flour, ruis-vehnätyynyt, vaasan;276.5;8.8;49.3;3.3;KPL_M:20,KPL_VALM:30,PORTS:20,PORTM:30,PORTL:40
32473;Välipalajuoma, hevi shot, valio, ananas-porkkana-mango;Fruit drink, hevi shot, valio, pineapple-carrot-mango;65.9;0.8;13.6;0.3;KPL_VALM:100,PORTS:50,PORTM:100,PORTL:200
32474;Välipalajuoma, hevi shot, valio, omena-porkkana-mansikka;Fruit drink, hevi shot, valio, apple-carrot-strawberry;66.5;0.5;13.9;0.5;KPL_VALM:100,PORTS:50,PORTM:100,PORTL:200
32477;Välipalajuoma, mehukatti hedelmävälipala, mansikka;Fruit drink, mehukatti fruit snack, strawberry;50.6;0.4;10.0;0.2;KPL_VALM:90,PORTS:45,PORTM:90,PORTL:180
32478;Ateriakastike, hapanimelä, sweet & sour, uncle ben's, valmiskastike;Sweet & sour sauce, uncle ben's;85.8;0.5;19.6;0.1;KPL_VALM:400,PORTS:50,PORTM:100,PORTL:150,DL:100,RKL:15,TL:5
32479;Välipalajuoma, mehukatti hedelmävälipala, päärynä;Fruit drink, mehukatti fruit snack, pear;50.1;0.3;10.2;0.2;KPL_VALM:90,PORTS:45,PORTM:90,PORTL:180
32480;Salaatinkastike, kartanon, saarioinen, rypsiöljypohjainen, rasvaa 39 %;Salad dressing, rapeseed oil, 39% fat, kartanon, saarioinen;401.4;0.7;12.4;39.2;PORTS:10,PORTM:25,PORTL:40,DL:95,RKL:14,TL:4.5
32481;Välipalajuoma, mehukatti hedelmävälipala, hedelmämix;Fruit drink, mehukatti fruit snack, fruit mix;58.7;0.6;12.1;0.3;KPL_VALM:90,PORTS:45,PORTM:90,PORTL:180
32482;Salaatinkastike, talon-, felix, rypsiöljypohjainen, rasvaa 20 %;Salad dressing, rapeseed oil, 20% fat, talon, felix;252.9;0.5;17.3;20.1;PORTS:10,PORTM:25,PORTL:40,DL:95,RKL:14,TL:4.5
32483;Salaatinkastike, kreikkalainen-, felix, rypsiöljypohjainen, rasvaa 25 %;Salad dressing, rapeseed oil, 25% fat, greek, felix;251.0;0.1;7.1;25.0;PORTS:10,PORTM:25,PORTL:40,DL:95,RKL:14,TL:4.5
32485;Salaatinkastike, hunaja-sinappi, felix, rypsiöljypohjainen, rasvaa 36 %;Salad dressing, rapeseed oil, honey, mustard, 36% fat, felix;384.7;0.3;16.0;36.0;PORTS:10,PORTM:25,PORTL:40,DL:95,RKL:14,TL:4.5
32486;Broilerikastike, ateriakastikkeesta, hapanimeläkastike, broilerisuikale;Sweet and sour chicken gravy, ready made sauce;125.4;11.5;10.3;4.0;PORTS:150,PORTM:200,PORTL:250,DL:100,RKL:15
32487;Broilerikastike, ateriakastikkeesta, curry, broilerisuikale;Curry chicken gravy, ready made sauce;112.8;11.6;4.8;5.1;PORTS:150,PORTM:200,PORTL:250,DL:100,RKL:15
32488;Perunalaatikko, liha-perunasoselaatikko, perunasosejauheesta, nauta, vesi;Beef mince and mashed potato casserole, mashed potato powder, water;103.0;4.7;10.6;4.3;PORTS:200,PORTM:300,PORTL:400
32489;Perunalaatikko, liha-perunasoselaatikko, perunasosejauheesta, nauta, maito;Beef mince and mashed potato casserole, mashed potato powder, milk;135.5;6.9;14.0;5.3;PORTS:200,PORTM:300,PORTL:400
32490;Pulla, korvapuusti, gifflar kanelikorvapuusti, pågen;Bun, cinnamon bun, gifflar cinnamon bun, pågen;365.7;6.2;52.3;14.1;KPL_VALM:22,PORTS:35,PORTM:55,PORTL:105
32492;Kakku, muffini, cremetäyte muffinsi sitruuna, pågen;Cake, muffin, lemon, with crème filling, pågen;451.3;4.7;51.1;25.1;KPL_VALM:35,PORTS:25,PORTM:35,PORTL:105
32493;Kakku, muffini, cremetäyte muffinsi kaakao, pågen;Cake, muffin, cocoa, with crème filling, pågen;449.3;5.0;50.1;25.1;KPL_VALM:30,PORTS:20,PORTM:30,PORTL:90
32494;Jauhelihakastike, ruskea kastike, naudanliha 17 %, rasvaa;Beef mince gravy;147.4;10.5;2.1;10.8;PORTS:100,PORTM:180,PORTL:250,DL:100,RKL:15
32495;Jauhelihakastike, ruskea kastike, broileri, rasvaa;Chicken mince gravy;81.7;10.0;2.0;3.7;PORTS:100,PORTM:180,PORTL:250,DL:100,RKL:15
32497;Jauhelihakastike, ruskea kastike, naudanliha 7 %, rasvaa;Lean steak mince gravy;97.4;10.1;2.1;5.4;PORTS:100,PORTM:180,PORTL:250,DL:100,RKL:15
32498;Jauhelihakastike, ruskea kastike, naudanpaisti, ei rasvaa;Beef steak mince gravy, no added fat;96.4;11.3;2.1;4.7;PORTS:100,PORTM:180,PORTL:250,DL:100,RKL:15,TL:5
32500;Jauhelihakastike, ruskea kastike, sianliha, ei rasvaa;Pork mince gravy, no added fat;127.9;10.6;2.2;8.6;PORTS:100,PORTM:180,PORTL:250,DL:100,RKL:15,TL:5
32501;Jauhelihakastike, ruskea kastike, sika-nauta, ei rasvaa;Pork beef mince gravy, no added fat;155.2;9.9;2.2;11.9;PORTS:100,PORTM:180,PORTL:250,DL:100,RKL:15,TL:5
32502;Makeinen, dumle, fazer, maitosuklaalla kuorrutettu toffee;Soft toffee covered with milk chocolate, dumle, fazer;471.3;2.1;66.3;21.8;PORTS:30,PORTM:80,PORTL:140
32503;Makeinen, maitosuklaarae, m&m's/amerikan pastilli;Sweet, candy, milk chocolate pastilles, m&m's, amerikan pastilli;478.8;5.8;72.3;17.9;PORTS:30,PORTM:80,PORTL:140
32504;Jauhelihakastike, maitopohjainen, naudanpaisti;Beef steak mince gravy, milk-based;145.1;9.2;7.3;8.7;PORTS:100,PORTM:180,PORTL:250,DL:100,RKL:15
32505;Jauhelihakastike, maitopohjainen, sika-nauta;Pork beef mince gravy, milk-based;187.9;8.7;7.8;13.5;PORTS:100,PORTM:180,PORTL:250,DL:100,RKL:15
32506;Jauhelihakastike, tomaattinen, naudanliha 7 %, kastikejauheesta;Bolognese, beef mince fat 7%, tomato,  powdered gravy mix;124.7;13.0;6.8;4.9;PORTS:100,PORTM:180,PORTL:250,DL:100,RKL:15,TL:5
32507;Jauhelihakastike, tomaattinen, naudanpaisti, kastikejauheesta;Bolognese, beef steak mince, powdered gravy mix;139.5;14.3;6.8;6.0;PORTS:100,PORTM:180,PORTL:250,DL:100,RKL:15,TL:5
32508;Kasviskastike, punajuurikastike, kevytmaito;Beetroot gravy, low-fat milk;61.0;1.7;7.2;2.5;PORTS:150,PORTM:200,PORTL:250,DL:100,RKL:15
32509;Suklaa, suklaapatukka, twix, keksiä ja toffeeta;Chocolate bar, caramel and cookie, twix;484.9;2.7;63.1;24.3;KPL_VALM:50,PORTS:25,PORTM:50,PORTL:100
32510;Kasviskastike, punajuurikastike;Beetroot gravy;64.2;1.4;6.7;3.1;PORTS:150,PORTM:200,PORTL:250,DL:100,RKL:15
32511;Pulla, dallaspulla, fazer;Bun, quark filling, dallas bun, fazer;382.6;7.4;46.4;18.0;KPL_VALM:85,PORTS:35,PORTM:55,PORTL:105
32513;Broilerinuggetti, kananpojan juustonuggetit, hk/kariniemi, laktoositon;Chicken nuggets, breaded, cheese filling, hk/kariniemi;287.3;10.3;16.8;19.8;KPL_M:20,PORTS:90,PORTM:135,PORTL:200
32515;Pulla, big texaspulla, fazer;Bun, cinnamon bun, big texas, fazer;379.2;6.6;48.0;17.0;KPL_S:40,KPL_M:60,KPL_L:105,KPL_VALM:120,PORTS:60,PORTM:120,PORTL:180
32517;Munkki, berliininmunkki, fazer;Doughnut, berliner, bakery, jam and icing;333.7;3.9;53.6;11.0;KPL_VALM:125,PORTS:60,PORTM:120,PORTL:180
32518;Kääretorttu, napakymppi, fazer oululainen;Swiss roll, napakymppi, fazer oululainen;348.2;2.7;47.4;16.1;KPL_S:10,KPL_M:20,KPL_L:40,PORTS:30,PORTM:50,PORTL:100
32523;Perunalaatikko, broilerikiusaus, hk, valmisateria;Chicken and potato casserole, hk, ready meal;81.7;4.3;8.6;3.1;KPL_VALM:300,PORTS:250,PORTM:300,PORTL:350
32525;Kiisseli, vadelmakeitto;Raspberry kissel, raspberry soup;53.5;0.2;11.8;0.2;PORTS:100,PORTM:150,PORTL:200,DL:100,RKL:15
32526;Kiisseli, mansikkakeitto;Strawberry kissel, strawberry soup;52.8;0.1;12.2;0.1;PORTS:100,PORTM:150,PORTL:200,DL:100,RKL:15
32528;Vanukas, kermavanukas, rasvainen, teollinen;Pudding, cream pudding, industrial;160.2;2.7;19.4;7.9;PORTS:100,PORTM:120,PORTL:240,DL:100,RKL:15,TL:5
32529;Vanukas, suklaavanukas, teollinen;Pudding, chocolate pudding, industrial;116.2;3.7;19.0;2.6;PORTS:100,PORTM:150,PORTL:200,DL:100,RKL:15,TL:5
32530;Keksi, kaura-suklaakeksi, teollinen;Oat and chocolate biscuit, industrial;477.6;7.5;56.1;23.9;PORTS:5,PORTM:13,PORTL:25
32532;Keksi, hyväset, kauranen vanilja, jyväshyvä, lu;Oat and vanillla biscuit, jyväshyvä, lu;482.7;5.7;64.4;21.9;KPL_VALM:11.5,PORTS:58,PORTM:23,PORTL:11.5
32534;Hapankorppu, kaurakorppu, oululainen, fazer;Finn crisp, oat crispbread, oululainen, fazer;409.0;13.0;63.1;8.1;KPL_M:10,KPL_VALM:10,PORTS:10,PORTM:30,PORTL:50
32535;Karjalanpiirakka, rukiinen imatran riisipiirakka, fazer;Karelian pasty, rice filling, imatran, fazer;224.7;4.1;34.0;7.3;KPL_S:35,KPL_M:60,KPL_L:90,KPL_VALM:70,PORTS:40,PORTM:80,PORTL:130
32536;Karjalanpiirakka, rukiinen riisipiirakka, fazer;Karelian pasty, rice filling, fazer;217.4;4.5;35.0;5.7;KPL_S:35,KPL_M:60,KPL_L:90,KPL_VALM:70,PORTS:40,PORTM:80,PORTL:130
32537;Jauhelihapihvi, grillitassu, saarioinen, paistettu ilman rasvaa;Minced meat hamburger patty, grillitassu, saarioinen, fried without fat;216.7;16.3;4.7;14.7;PORTS:60,PORTM:120,PORTL:180
32538;Raparperipiirakka, pullapohja, täysmaito;Rhubarb pie, basic sweet dough, whole milk;249.6;5.3;42.0;5.8;KPL_S:50,KPL_M:90,KPL_L:130,PORTS:80,PORTM:120,PORTL:160
32539;Raparperipiirakka, pullapohja, kevytmaito;Rhubarb pie, basic sweet dough, low-fat milk;246.4;5.3;42.0;5.5;KPL_S:50,KPL_M:90,KPL_L:130,PORTS:80,PORTM:120,PORTL:160
32540;Glögijuoma, alkoholiton;Mulled wine, non-alcololic;49.8;0.1;12.0;0.1;PORTS:150,PORTM:200,PORTL:300,DL:100,RKL:15,TL:5
32541;(arc)rahka, maitorahka, maustettu, rasvaa 7 %, valio;(arc)quark, flavoured, 7% fat, valio;152.7;7.1;14.4;7.1;KPL_VALM:200,PORTS:125,PORTM:200,PORTL:250,DL:100,RKL:15,TL:5
32542;Keksi, suklaapisara, jyväshyvä, lu;Chocolate chip cookie, jyväshyvä suklaapisara, lu;464.5;6.8;64.8;19.1;KPL_VALM:5,PORTS:5,PORTM:10,PORTL:25
32544;Keksi, lastenkeksi, carneval prinsessa, fazer;Biscuit for children, carneval prinsessa, fazer;444.5;5.5;70.3;15.0;KPL_VALM:5,PORTS:5,PORTM:10,PORTL:25
32547;Keksi, välipalakeksi, jyväshyvä cracotte täysjyvä, lu;Biscuit, jyväshyvä cracotte, whole wheat;401.5;13.0;75.0;3.4;KPL_VALM:6.75,PORTS:7,PORTM:14,PORTL:35
32548;Keksi, välipalakeksi, jyväshyvä cracotte sesam, lu;Biscuit, jyväshyvä cracotte, sesame seeds;402.2;12.7;62.0;8.8;KPL_VALM:7.21,PORTS:7,PORTM:14,PORTL:35
32553;Kasviöljyvalmiste, juokseva, 80 %, tuotekeskiarvo;Margarine 80%, fluid, average;714.3;0.0;0.0;80.8;PORTS:3,PORTM:6,PORTL:10,DL:95,RKL:14,TL:4.5
32555;Keksi, kanelikeksi, bastogne, lu;Biscuit, bastogne, lu;488.8;4.7;72.0;18.9;KPL_VALM:12,PORTS:12,PORTM:24,PORTL:60
32556;Pinaattikeitto, apetit, pakaste;Spinach soup, apetit, frozen soup;70.7;2.7;6.6;3.6;PORTS:200,PORTM:350,PORTL:400,DL:100,RKL:15
32557;Pinaattikeitto, pirkka, pakaste;Spinach soup, pirkka, frozen soup;91.5;3.5;7.4;5.2;PORTS:200,PORTM:350,PORTL:400,DL:100,RKL:15
32558;Pinaattikeitto, saarioinen, valmisateria;Spinach soup, saarioinen, ready meal;79.9;2.5;7.0;4.6;KPL_VALM:300,PORTS:200,PORTM:300,PORTL:400,DL:100,RKL:15
32560;Maitokastike, pinaattikastike, kevytmaito, jauhosuurus;White sauce with spinach, low-fat milk, thickened with flour;58.6;3.6;7.1;1.5;PORTS:50,PORTM:100,PORTL:150,DL:100,RKL:15
32561;Kuivakakku, sokerikakku;Sponge cake;306.6;8.6;54.2;5.6;KPL_S:15,KPL_M:20,KPL_L:40,PORTS:30,PORTM:50,PORTL:100
32562;Kauravalmiste, hapatettu, maustamaton, yosa naturell, probiootteja;Oat product, fermented oat, yosa naturell;74.4;2.5;11.2;1.8;PORTS:125,PORTM:200,PORTL:250,DL:100,RKL:15,TL:5
32567;Juusto, oltermanni rypsi, rasvaa 24 %, rypsiöljy;Cheese, oltermanni rypsi, rapseed oil, 24% fat;318.1;26.4;0.0;23.8;KPL_S:4,KPL_M:8,KPL_L:12,PORTS:4,PORTM:8,PORTL:15
32568;Rasvaseoslevite 75 %, d-vitamiinia 10 ug;Blended spread 75%, 10 ug vitamin d;671.7;1.1;0.6;75.2;PORTS:3,PORTM:6,PORTL:10,DL:95,RKL:14,TL:4.5
32570;Neljän viljan hiutale, riihikosken vehnämylly;4-grain flakes, riihikosken vehnämylly;344.8;11.6;59.0;4.1;PORTS:15,PORTM:25,PORTL:35,DL:30,RKL:4.5
32592;(arc)piimä, kirnupiimä, rasvaa 0,3 %, d-vit 0,5 ug;(arc)sour milk, butter milk, 0.3% fat, 0.5 ug vitamin d;28.7;3.4;2.0;0.5;PORTS:150,PORTM:200,PORTL:400,DL:100,RKL:15,TL:5
32593;(arc) piimä, rasvaton, d-vit 0,5 ug;(arc)sour milk, 0.5 ug vitamin d;33.9;3.1;4.9;0.1;PORTS:150,PORTM:200,PORTL:400,DL:100,RKL:15,TL:5
32594;(arc) piimä, rasvaton, vl, d-vit 0,5 ug;(arc)sour milk, fat-free, low-lactose, 0.5 ug vitamin d;33.9;3.1;4.9;0.1;PORTS:150,PORTM:200,PORTL:400,DL:100,RKL:15,TL:5
32595;(arc) piimä, rasvaton, laktoositon, d-vit 0,5 ug;(arc)sour milk, fat-free, lactose-free, 0.5 ug vitamin d;29.0;3.1;3.7;0.1;PORTS:150,PORTM:200,PORTL:400,DL:100,RKL:15,TL:5
32596;(arc)jogurtti, maustettu, rasvaton, osittain keinotek. makeutettu, d-vit 1ug, vl;(arc)yoghurt, flavoured, fat-free, partially artificially sweetened, 1 ug vit. d;44.3;3.9;6.5;0.1;PORTS:150,PORTM:200,PORTL:250,DL:100,RKL:15,TL:5
32597;Jogurtti, maustettu, rasvaton, laktoositon, keinotekoisesti makeutettu,d-vit 1ug;Yoghurt, flavoured, fat-free, lactose-free, artificially sweetened, 1 ug vit. d;33.0;2.8;4.8;0.1;PORTS:150,PORTM:200,PORTL:250,DL:100,RKL:15,TL:5
32598;Jogurtti, maustamaton, rasvaton;Yoghurt, plain, fat-free;33.8;3.1;4.9;0.1;PORTS:150,PORTM:200,PORTL:250,DL:100,RKL:15,TL:5
32599;Jogurtti, maustettu, rasvaa 2 %, d-vit 1 ug;Yoghurt, flavoured, 2% fat, 1 ug vitamin d;80.5;3.1;12.0;2.0;PORTS:150,PORTM:200,PORTL:250,DL:100,RKL:15,TL:5
32600;Jogurtti, juotava, danonino dino, rasvaa 1,6 %, d-vitamiinia 0,9 ug;Yoghurt, drinkable, danonino dino, 1.6% fat, 0.9 ug vitamin d;73.8;3.0;11.4;1.6;KPL_M:100,KPL_VALM:100,PORTS:50,PORTM:100,PORTL:200,DL:100,RKL:15,TL:5
32602;Raakamakkara, grilliwurst chorizo, saarioinen;Sausage, fresh sausage, chorizo, saarioinen;227.6;14.2;1.0;18.7;KPL_VALM:70,PORTS:60,PORTM:150,PORTL:210
32604;Munakasrulla, kasvis-sienitäyte;Omelette roll, vegetable and mushroom filling;127.3;5.8;10.7;6.4;PORTS:100,PORTM:200,PORTL:300
32605;Maksapata, maksa, pekoni;Liver stew with bacon;149.9;12.7;4.5;8.9;PORTS:100,PORTM:150,PORTL:200,DL:100,RKL:15
32607;Tofu-perunavuoka, tomaattinen, kananmunaa;Tofu and potato casserole, contains egg;88.1;3.4;5.9;5.4;PORTS:200,PORTM:300,PORTL:400,DL:120,RKL:18
32608;Tofu-kasviskastike, tomaattinen, suurustamaton;Tofu vegetable gravy, with tomato;67.2;2.5;6.4;2.9;PORTS:150,PORTM:200,PORTL:250,DL:100,RKL:15
32609;Tofu-papukastike, tomaattinen, suurustamaton;Tofu and mixed beans gravy, with tomato;63.7;3.7;4.8;2.7;PORTS:150,PORTM:200,PORTL:250,DL:100,RKL:15
32610;Linssipihvi/pyörykkä, kananmunaa;Lentil patty, lentil ball, contains egg;74.3;4.2;8.4;2.3;PORTS:100,PORTM:150,PORTL:225
32611;Katkarapu, chili-valkosipulimarinadi, paistettu;Fried shrimp with chili and garlic marinade, fried;108.3;15.3;0.8;4.8;PORTS:40,PORTM:100,PORTL:180
32612;Katkarapu-nuudeliwokki, kookosmaito;Fried shrimp with noodles and coconut;187.1;4.8;24.3;7.5;PORTS:300,PORTM:350,PORTL:400
32613;Katkarapumuhennos, kermaa, suurustettu vehnäjauhoilla;Creamy shrimp stew, thickened;151.2;8.1;6.2;10.4;PORTS:150,PORTM:200,PORTL:250
32614;Soija-kasviskiusaus, soijarouhe, ruoanvalmistuskerma;Soy-vegetable casserole, cooking cream;130.7;5.4;8.3;7.5;PORTS:200,PORTM:300,PORTL:400
32615;Sipulikeitto, kuorrutettu, ranskalainen sipulikeitto;Onion soup, french, gratinated with bread and cheese;105.2;4.2;7.3;6.4;PORTS:200,PORTM:300,PORTL:400,DL:100,RKL:15
32616;Vanukas, pannacotta, liivatetta;Pudding, panna cotta, contains gelatin;267.4;2.9;27.4;16.3;PORTS:100,PORTM:150,PORTL:200,DL:100,RKL:15,TL:5
32617;Jälkiruoka, crème brûlée;Crème brûlée;396.9;4.1;19.5;34.0;PORTS:85,PORTM:120,PORTL:180,DL:100,RKL:15,TL:5
32618;Maustekastike, bbq, barbecuemarinadi lihalle, kotitekoinen;Bbq-sauce for meat, home-made;118.9;1.5;12.3;6.6;PORTS:5,PORTM:15,PORTL:30,RKL:15,TL:5
32619;Ateriankorvike, shake, valmisjuoma, naturdiet;Meal replacement, shake, naturdiet;50.5;4.3;5.0;1.0;PORTS:165,PORTM:330,PORTL:500
32622;Ateriankorvike, smoothie, valmisjuoma, naturdiet;Meal replacement, smoothie, naturdiet;67.5;4.0;9.5;1.0;PORTS:165,PORTM:330,PORTL:500
32623;Ateriankorvike, drinkmix, juomajauhe, naturdiet;Meal replacement, drink powder, naturdiet;349.7;35.1;31.9;5.5;PORTS:16.5,PORTM:33,PORTL:49.5
32624;Ateriankorvike, drinkmix, juomajauhe ja vesi, naturdiet;Meal replacement, drink powder and water, naturdiet;40.8;4.1;3.7;0.6;KPL_VALM:283,PORTS:150,PORTM:283,PORTL:420
32625;Ateriankorvike, suklaapatukka, naturdiet;Meal replacement, chocolate bar, naturdiet;397.0;24.0;43.0;11.2;KPL_S:18,KPL_M:35,PORTS:30,PORTM:60,PORTL:90
32626;Ateriankorvike, karamellipatukka, naturdiet;Meal replacement, caramel bar, naturdiet;365.9;22.0;36.1;12.0;KPL_S:18,KPL_M:35,PORTS:30,PORTM:57,PORTL:90
32627;(arc)ateriankorvike, tummasuklaapatukka, naturdiet;(arc)meal replacement, dark chocolate bar, naturdiet;359.0;23.0;37.0;10.0;KPL_S:18,KPL_M:35,PORTS:30,PORTM:60,PORTL:90
32628;Ateriankorvike, smoothie, juomajauhe, easy diet;Meal replacement, smoothie, drink powder, easy diet;339.4;43.0;23.0;5.2;PORTS:22.5,PORTM:45,PORTL:67.5
32629;Ateriankorvike, smoothie, juomajauhe ja vesi, easy diet;Meal replacement, smoothie, drink powder and water, easy diet;47.7;6.0;3.2;0.7;PORTS:160,PORTM:320,PORTL:480
32630;Ateriankorvike, keittojauhe, parsa/kala/kana/sieni, easy diet;Meal replacement, soup powder, asparagus/fish/chicken/mushroom, easy diet;352.0;45.0;23.5;6.6;PORTS:30,PORTM:58,PORTL:90
32631;Ateriankorvike, keittojauhe ja vesi, parsa/kala/kana/sieni, easy diet;Meal replacement, soup from powder, asparagus/fish/chicken/mushroom, easy diet;61.3;7.8;4.1;1.1;PORTS:165,PORTM:333,PORTL:500
32632;Ateriankorvike, keittojauhe, tomaatti/texmex/thai, easy diet;Meal replacement, soup powder, tomato/texmex/thai, easy diet;330.3;47.0;14.3;7.3;PORTS:26.5,PORTM:53,PORTL:79.5
32633;Ateriankorvike, keittojauhe ja vesi, tomaatti/texmex/thai, easy diet;Meal replacement, soup powder and water, tomato/texmex/thai, easy diet;53.4;7.6;2.3;1.2;PORTS:165,PORTM:328,PORTL:500
32636;Ateriankorvike, smoothie, juomajauhe, nutrifast;Meal replacement, smoothie, drink powder, nutrifast;369.5;36.0;37.2;6.9;PORTS:17.5,PORTM:35,PORTL:52.5
32637;Ateriankorvike, smoothie, juomajauhe ja vesi, nutrifast;Meal replacement, smoothie, drink powder and water, nutrifast;45.4;4.4;4.6;0.8;PORTS:140,PORTM:285,PORTL:430
32638;Ateriankorvike, pirtelö, juomajauhe, allevo;Meal replacement, milk shake, drink powder, allevo;395.6;32.5;44.0;7.7;PORTS:16.5,PORTM:33,PORTL:49.5
32639;Ateriankorvike, pirtelö, juomajauhe ja vesi, allevo;Meal replacement, milk shake, drink powder and water, allevo;46.1;3.8;5.1;0.9;KPL_VALM:283,PORTS:150,PORTM:283,PORTL:420
32640;Ateriankorvike, smoothie, juomajauhe, allevo;Meal replacement, smoothie, drink powder, allevo;350.7;32.0;35.0;6.5;PORTS:15.5,PORTM:31,PORTL:46.5
32641;Ateriankorvike, smoothie, juomajauhe ja vesi, allevo;Meal replacement, smoothie, drink powder and water, naturdiet;38.7;3.5;3.9;0.7;KPL_VALM:281,PORTS:140,PORTM:281,PORTL:420
32642;Ateriankorvike, keittojauhe, peruna/purjo, allevo;Meal replacement, soup powder, potato and leek, allevo;421.7;37.0;42.0;7.5;PORTS:16.5,PORTM:33,PORTL:49.5
32643;Ateriankorvike, keittojauhe ja vesi, peruna/purjo, allevo;Meal replacement, soup powder and water, potato and leek, allevo;49.2;4.3;4.9;0.9;PORTS:165,PORTM:333,PORTL:500
32644;Ateriankorvike, keittojauhe, parsakaali/basilika/couscous, allevo;Meal replacement, soup powder, broccoli, basil and couscous, allevo;368.5;34.0;36.0;8.0;PORTS:16.5,PORTM:33,PORTL:49.5
32645;Ateriankorvike, keittojauhe ja vesi, parsakaali, basilika, couscous, allevo;Meal replacement, soup powder and water, broccoli, basil and couscous, allevo;43.0;4.0;4.2;0.9;PORTS:165,PORTM:331,PORTL:500
32646;Ateriankorvike, low calorie juoma, allevo;Meal replacement, low calorie drink, allevo;64.7;4.0;7.0;2.0;PORTS:165,PORTM:330,PORTL:500
32647;(arc) ateriankorvike, low calorie patukka, allevo;(arc)meal replacement, low calorie bar, allevo;368.9;23.5;37.3;11.7;PORTS:30,PORTM:59,PORTL:90
32648;Ateriankorvike, keittojauhe, nutrilett;Meal replacement, soup powder, nutrilett;358.6;34.0;33.7;7.5;PORTS:16.5,PORTM:33,PORTL:49.5
32649;Ateriankorvike, keittojauhe ja vesi, nutrilett;Meal replacement, soup powder and water, nutrilett;41.8;4.0;3.9;0.9;PORTS:150,PORTM:283,PORTL:420
32650;Ateriankorvike, hunger control, valmisjuoma, nutrilett;Meal replacement, hunger control, drink, nutrilett;67.7;4.1;9.8;0.9;PORTS:150,PORTM:330,PORTL:500
32651;Ateriankorvike, pirtelö, juomajauhe, nutrilett;Meal replacement, shake, drink powder, nutrilett;401.0;35.1;42.0;7.6;PORTS:16.5,PORTM:33,PORTL:49.5
32652;Ateriankorvike, pirtelö, juomajauhe ja vesi, nutrilett;Meal replacement, milk shake, drink powder and water, nutrilett;46.8;4.1;4.9;0.9;PORTS:150,PORTM:283,PORTL:420
32653;Ateriankorvike, hot and cold mocca, juomajauhe, nutrilett;Meal replacement, hot and cold mocca, drink powder, nutrilett;379.7;34.2;46.5;4.5;KPL_VALM:33,PORTS:16.5,PORTM:33,PORTL:49.5
32654;Ateriankorvike, hot and cold mocca, juomajauhe ja vesi, nutrilett;Meal replacement, hot and cold mocca, drink powder and water, nutrilett;44.3;4.0;5.4;0.5;PORTS:150,PORTM:283,PORTL:420
32655;(arc) ateriankorvike, hunger control, patukka, nutrilett;(arc)meal replacement, hunger control, bar, nutrilett;374.5;24.4;39.6;11.1;KPL_S:18,KPL_M:35,KPL_VALM:60,PORTS:30,PORTM:60,PORTL:90
32656;Ateriankorvike, patukka, tuotekeskiarvo;Meal replacement, low calorie bar, average;381.5;23.0;39.6;11.6;KPL_S:18,KPL_M:35,PORTS:30,PORTM:60,PORTL:90
32657;Ateriankorvike, keittojauhe, tuotekeskiarvo;Meal replacement, soup powder, average;365.6;38.5;30.9;7.4;PORTS:21,PORTM:42,PORTL:63
32658;Ateriankorvike, keittojauhe ja vesi, keskiarvo;Meal replacement, soup powder and water, average;50.1;5.3;4.2;1.0;PORTS:150,PORTM:300,PORTL:450
32659;Ateriankorvike, pirtelö, juomajauhe, tuotekeskiarvo;Meal replacement, milk shake, drink powder, average;398.3;33.8;43.0;7.6;PORTS:16.5,PORTM:33,PORTL:49.5
32660;Ateriankorvike, pirtelö, juomajauhe ja vesi, keskiarvo;Meal replacement, milk shake, drink powder and water, average;46.4;3.9;5.0;0.9;PORTS:150,PORTM:283,PORTL:420
32661;Ateriankorvike, smoothie, juomajauhe, tuotekeskiarvo;Meal replacement, smoothie, drink powder, average;353.2;37.0;31.7;6.2;PORTS:18.5,PORTM:37,PORTL:55.5
32662;Ateriankorvike, smoothie, juomajauhe ja vesi, keskiarvo;Meal replacement, smoothie, drink powder and water, average;44.3;4.6;4.0;0.8;PORTS:150,PORTM:295,PORTL:440
32664;Rasvaseoslevite 75 %, oivariini, normaalisuolainen, vl;Blended spread 75%, oivariini, normally salted, low-lactose;668.3;0.3;0.9;75.0;PORTS:3,PORTM:6,PORTL:10,DL:95,RKL:14,TL:4.5
32665;(arc) rasvaseoslevite 75%, oivariini, vähemmän suolaa, vl;(arc)blended spread 75%, oivariini, less salt, low-lactose;668.3;0.3;0.9;75.0;PORTS:3,PORTM:6,PORTL:10,DL:95,RKL:14,TL:4.5
32666;Rasvaseoslevite 75 %, oivariini, voimakassuolainen, vl;Blended spread 75%, oivariini, heavily salted, low-lactose;668.3;0.3;0.9;75.0;PORTS:3,PORTM:6,PORTL:10,DL:95,RKL:14,TL:4.5
32667;Ateriankorvike, proteiinijuomajauhe, gnld, 49 % proteiinia;Meal replacement, protein drink powder, gnld, 49% protein;404.4;49.0;34.1;7.4;KPL_VALM:38,PORTS:19,PORTM:38,PORTL:57
32668;(arc) rasvaseoslevite 75%, oivariini, pehmeästi levittyvä, vl;(arc)blended spread 75%, oivariini, normally salted, low-lactose, soft;668.9;0.5;0.9;75.0;PORTS:3,PORTM:6,PORTL:10,DL:95,RKL:14,TL:4.5
32669;Rasvaseos 60 %, oivariini, vähärasvaisempi, vl;Blended spread 60%, oivariini, less fat, low-lactose;535.3;0.2;0.9;60.0;PORTS:3,PORTM:6,PORTL:10,DL:95,RKL:14,TL:4.5
32670;Rasvaseoslevite 75 %, oivariini, laktoositon;Blended spread 75%, oivariini, lactose free;664.6;0.3;0.0;75.0;PORTS:3,PORTM:6,PORTL:10,DL:95,RKL:14,TL:4.5
32671;(arc)rasvaseoslevite 43 %, ingmariini, vl;(arc)blended spread 43%, ingmariini, low-lactose;404.1;0.5;5.0;43.0;PORTS:3,PORTM:6,PORTL:10,DL:95,RKL:14,TL:4.5
32672;Rasvaseoslevite 82 %, ingmariini merisuola, vl;Blended spread 82%, ingmariini sea salt, low-lactose;729.7;0.5;0.6;82.0;PORTS:3,PORTM:6,PORTL:10,DL:95,RKL:14,TL:4.5
32673;Rasvaseoslevite 75 %, ingmariini, normaalisuolainen, vl;Blended spread 75%, ingmariini, normally salted, low-lactose;668.2;0.4;0.6;75.1;PORTS:3,PORTM:6,PORTL:10,DL:95,RKL:14,TL:4.5
32674;Ateriankorvike, proteiinijuoma maitoon, gnld;Meal replacement, protein drink powder and milk, gnld;84.5;9.3;8.9;1.1;KPL_VALM:278,PORTS:140,PORTM:278,PORTL:420
32675;Ateriankorvike, proteiinijuomajauhe, nutrishake, gnld, 55 % proteiinia;Meal replacement, protein drink powder, nutrishake, gnld, 55% protein;375.7;55.1;27.0;4.3;PORTS:10,PORTM:20,PORTL:30
32676;Rasvaseoslevite 57 %, ingmariini, vähärasvaisempi, vl;Blended spread 57%, ingmariini, less fat, low-lactose;507.7;0.4;0.5;57.0;PORTS:3,PORTM:6,PORTL:10,DL:95,RKL:14,TL:4.5
32677;Ateriankorvike, proteiinijuoma maitoon, nutrishake, gnld;Meal replacement, protein drink powder and milk, nutrishake, gnld;64.9;7.8;6.9;0.5;KPL_VALM:220,PORTS:110,PORTM:220,PORTL:330
32678;Soija-ruusunmarja-pellava-valmiste, femisoya;Soya product, femisoya;380.8;23.0;31.0;13.0;PORTS:9,PORTM:27,PORTL:54,DL:60,RKL:9,TL:3
32679;Soija-ruusunmarja-pellava-inuliinivalmiste, femisoya plus;Soya product, femisoya plus;384.1;27.0;27.0;14.0;PORTS:9,PORTM:27,PORTL:54,DL:60,RKL:9,TL:3
32680;Soija-marja-pellava-ruis-jauheseos, berrysoya;Soya product, berrysoya;397.2;31.0;16.0;18.0;PORTS:9,PORTM:27,PORTL:54,DL:60,RKL:9,TL:3
32682;Salaatti, perunasalaatti, majoneesikastike, pirkka/saarioinen;Salad, potato salad with mayonnaise, industrial, pirkka/saarioinen;274.9;1.7;9.9;25.3;PORTS:20,PORTM:80,PORTL:170,DL:90,RKL:15
32685;Salaatti, perunasalaatti, majoneesikastike, atria;Salad, potato salad with mayonnaise, industrial, atria;201.9;1.4;11.4;16.5;PORTS:20,PORTM:80,PORTL:170,DL:90,RKL:15
32687;Salaatti, perunasalaatti, kevyt, majoneesikastike, atria/hk/pirkka;Salad, potato salad with mayonaise, light, atria/hk/pirkka;118.3;1.7;13.4;6.0;PORTS:20,PORTM:80,PORTL:170,DL:90,RKL:15
32688;Salaatti, perunasalaatti, oliivi-rypsiöljy, ei majoneesia;Salad, potato salad, olive and rapeseed oil, without mayonnaise;97.7;1.3;11.2;4.8;PORTS:50,PORTM:75,PORTL:100,DL:70,RKL:14
32691;Kalapuikko, teollinen, paistettu;Fish fingers, fried, industrial;243.1;12.5;16.0;14.2;KPL_S:25,KPL_VALM:25,PORTS:70,PORTM:125,PORTL:175
32693;Voisarvi, croissant, kotitekoinen;Croissant, home-made;428.7;5.8;29.5;31.9;KPL_M:50,PORTS:40,PORTM:50,PORTL:100
32694;Jauheliha, sika-nauta, kevyt, vähärasvainen, rasvaa 7 %;Pork and beef steak mince, 7% fat;138.9;19.1;0.0;6.9;PORTS:80,PORTM:140,PORTL:230
32695;Makeinen, marianne, fazer, piparminttusuklaakaramelli;Milk chocolate candy with peppermint flavour, marianne, fazer;433.5;1.3;80.4;11.0;PORTS:30,PORTM:80,PORTL:140
32696;Seesaminuggetti, hälsans kök, soijaa;Sesame nuggets with soy, deep-fried, hälsans kök;256.5;15.6;14.1;15.1;KPL_M:20,PORTS:90,PORTM:135,PORTL:200
32697;Mysli, muromysli;Muesli, crunchy;458.7;7.3;68.8;15.6;PORTS:12,PORTM:25,PORTL:40,DL:50,RKL:7.5,TL:2.5
32699;Makeinen, suffeli puffi snacks, fazer, erittäin vähägluteeninen;Suffeli puffi snacks,puffed corn and chocolate flavored coating,very low glutein;531.0;6.1;58.1;30.3;KPL_M:1.6,KPL_VALM:1.6,PORTS:15,PORTM:25,PORTL:100
32700;Välipalapatukka, suklainen myslipatukka;Cereal bar with chocolate;408.1;6.7;67.9;11.4;KPL_M:30,PORTS:30,PORTM:60,PORTL:120
32701;Jäätelö, pehmytjäätelö, ei vohvelia;Soft ice cream;144.3;4.9;19.4;5.1;PORTS:60,PORTM:120,PORTL:160,DL:70
32702;Jäätelö, soijajäätelö, tofuline, vanilja;Soy milk frozen dessert, tofuline, vanilla;200.7;1.8;21.4;12.0;PORTS:30,PORTM:65,PORTL:125,DL:50
32703;Suklaa-pähkinälevite;Chocolate nut spread;589.8;6.2;48.3;41.4;PORTS:20,PORTM:40,PORTL:80
32704;Jauheliha, naudanpaisti, rasvaa 9 %;Lean steak mince, 9% fat;162.0;20.8;0.0;8.8;PORTS:80,PORTM:140,PORTL:230
32705;Jäätelö, kasvirasvajäätelö;Ice cream, vegetable fat;209.2;4.4;24.7;10.3;PORTS:30,PORTM:65,PORTL:125,DL:50
32707;Jäätelö, pehmytjäätelö, suklaakastike, ei vohvelia;Soft ice cream with chocolate sauce;163.8;4.1;24.1;5.5;PORTS:70,PORTM:140,PORTL:180,DL:70
32708;Kermavaahtospray, teollinen;Whipped cream spray, industrial;242.1;2.2;9.9;21.8;PORTS:10,PORTM:25,PORTL:50,DL:50,RKL:7
32709;Margariini, talousmargariini 80 %, keskiarvo, leivontaan ja ruoanlaittoon;Margarine 80%, cooking margarine, average;710.2;0.4;0.3;80.0;PORTS:3,PORTM:6,PORTL:10,DL:95,RKL:14,TL:4.5
32710;Ruoanvalmistuskerma, kasvirasvakerma, rasvaa 4 %, vl;Cooking cream, vegetable fat, 4% fat, low-lactose;58.5;1.8;3.8;4.0;PORTS:100,PORTM:170,PORTL:270,DL:100,RKL:15,TL:5
32711;Ranskanperuna, uppopaistettu;French fries, deep-fried;316.0;3.9;38.6;15.8;PORTS:75,PORTM:110,PORTL:150,DL:45
32713;Popcorn, mikropopcorn;Popcorn, microwave popcorn;486.2;9.0;47.2;27.0;KPL_M:0.1,PORTS:20,PORTM:50,PORTL:100,DL:3,RKL:0.5
32714;Keksi, voileipäkeksi, ruis cracker, kantolan;Cream cracker with rye flour, kantolan;396.9;9.4;57.7;12.8;KPL_VALM:8,PORTS:8,PORTM:16,PORTL:40
32715;Keksi, teollinen, keskiarvo;Biscuit, industrial, average;446.5;5.2;63.0;20.0;PORTS:5,PORTM:13,PORTL:25
32716;Ruoanvalmistuskerma, kasvirasvakerma, rasvaa 5 %, vl;Cooking cream, vegetable fat, 5% fat, low-lactose;68.0;1.5;4.3;5.0;PORTS:25,PORTM:50,PORTL:100,DL:100,RKL:15,TL:5
32717;Muro, maissihiutale, corn flakes, gluteeniton, urtekram, ei lisättyä sokeria;Breakfast cereal, corn flakes, gluten-free, no added sugar, urtekram;374.7;5.5;82.8;1.4;PORTS:25,PORTM:30,PORTL:35,DL:13
32718;Muro, kuitupitoiset hiutaleet, luontaisesti gluteeniton, semper, vitaminoitu;Breakfast cereal, flakes and fibre, naturally gluten-free, vitamins, semper;365.6;6.5;71.0;2.5;PORTS:25,PORTM:30,PORTL:35,DL:13
32719;Jauheliha-pastakeitto, naudanpaisti, kasviksia;Minestrone soup with beef steak mince and vegetables;73.8;4.8;6.4;3.0;PORTS:200,PORTM:350,PORTL:400,DL:100,RKL:15
32720;Muro, luontaisesti gluteenittomat hiutaleet, keskiarvo, semper, vitaminoitu;Breakfast cereal, naturally gluten-free, average, added vitamins, semper;377.3;5.9;80.6;2.4;PORTS:25,PORTM:30,PORTL:35,DL:13
32721;Ruoanvalmistuskerma, kasvirasvakerma, rasvaa 7 %, vl;Cooking cream, vegetable fat, 7% fat, low-lactose;83.5;1.5;3.8;7.0;PORTS:25,PORTM:50,PORTL:100,DL:100,RKL:15,TL:5
32722;Raakamakkara, rypsiporsas kabanossi, keskiarvo, hk;Sausage, fresh sausage, kabanossi, rapeseed pork, average, hk;195.1;15.9;1.0;14.3;PORTS:60,PORTM:150,PORTL:210
32723;Kakku, suklaakakku, luontaisesti gluteeniton, maidoton;Cake, chocolate cake, naturally gluten-free, milk-free;355.0;3.6;54.0;13.0;KPL_S:40,KPL_M:70,KPL_L:100,PORTS:40,PORTM:70,PORTL:100
32724;Raakamakkara, chorizo, kotitekoinen;Sausage, fresh sausage, chorizo, home-made;245.8;17.7;1.2;19.0;PORTS:60,PORTM:150,PORTL:210
32726;Sekaleipä, porkkanasämpylä, rasvaton maito, hiivaleipä-, sämpyläjauho;Multigrain bread, carrot roll, fat-free milk, dark wheat flour, flour mix;231.0;7.5;37.9;4.5;KPL_S:30,KPL_M:50,KPL_L:70,PORTS:20,PORTM:30,PORTL:40
32728;Sekaleipä, porkkanasämpylä, täysmaito, hiivaleipä-, sämpyläjauho;Multigrain bread, carrot roll, whole milk, dark wheat flour, flour mix;230.9;7.3;37.0;5.0;KPL_S:30,KPL_M:50,KPL_L:70,PORTS:20,PORTM:30,PORTL:40
32729;Parsa, keitetty, suolaton;Asparagus, boiled without salt;32.4;2.9;2.0;0.6;PORTS:40,PORTM:100,PORTL:200
32730;Paahtoleipä, 100 % täysjyväpaahto, vaasan;Toast, wholegrain toast, vaasan 100% täysjyväpaahto;278.2;12.0;40.9;5.1;KPL_M:25,KPL_VALM:23,PORTS:20,PORTM:30,PORTL:40
32731;Nuudeli, täysjyvävehnä;Noodle, whole wheat;339.4;12.6;61.2;2.4;PORTS:55,PORTM:70,PORTL:80
32732;Nuudeli, täysjyvävehnä, keitetty, suolaa;Noodle, whole wheat, boiled, salt;128.4;4.8;23.1;0.9;PORTS:135,PORTM:175,PORTL:200,DL:45
32733;Kinder yllätysmuna;Kinder chocolate egg;557.6;9.3;50.0;35.6;KPL_VALM:20,PORTS:10,PORTM:20,PORTL:40
32734;Soijajuoma, alpro kalsiumsoijajuoma, sokeri, kalsiumia, vitamiineja;Soya drink, sugar, calcium, vitamins, alpro;39.8;3.0;2.4;1.8;PORTS:150,PORTM:200,PORTL:400,DL:100,RKL:15
32735;Jogurtti, maustamaton, a+, rasvaa 2,5 %, vl, d-vit 1 ug;Yoghurt, plain, a+, fat 2.5%, 1 ug vitamin d, low-lactose;53.5;3.0;4.8;2.4;PORTS:150,PORTM:200,PORTL:250,DL:100,RKL:15,TL:5
32737;Piimä, ab-piimä, rasvaa 2,5 %, d-vit 1 ug, probiootteja;Sour milk, acidophilus bifidus, 2.5% fat, 1 ug vitamin d, probiotics;51.2;2.8;3.5;2.5;PORTS:150,PORTM:200,PORTL:400,DL:100,RKL:15,TL:5
32739;Siiderijuoma, pear, alkoholiton siideri, 0,02 til% alkoholia, rainbow;Cider, pear cider, alcohol-free, 0.02% volume, rainbow;39.6;0.3;9.0;0.0;PORTS:170,PORTM:330,PORTL:500,DL:100,RKL:15,TL:5
32740;Olut, alkoholiton olut, nikolai, 0,0 til% alkoholia, sinebrychoff;Beer, alcohol-free, 0.0% volume;13.2;0.3;2.9;0.0;PORTS:170,PORTM:330,PORTL:500,DL:100,RKL:15,TL:5
32741;Piparkakkutaikina, kotitekoinen;Gingerbread dough, home-made;410.6;6.3;54.5;17.9;PORTS:5,PORTM:10,PORTL:20
32743;Piparkakkutaikina, teollinen;Gingerbread dough, industrial;419.0;4.6;63.9;15.5;KPL_M:6,PORTS:5,PORTM:10,PORTL:20
32744;Luumumarmeladi, luumuhillo;Plum marmalade;196.9;0.6;46.1;0.2;PORTS:10,PORTM:20,PORTL:30,DL:115,RKL:17,TL:5.5
32745;Energiajuoma, vitaminoitu, osittain keinotekoisesti makeutettu;Energy drink with added vitamins, partially artificially sweetened;9.8;0.4;2.0;0.0;PORTS:250,PORTM:330,PORTL:500,DL:100,RKL:15,TL:5
32746;Energiajuoma, vitaminoitu, keinotekoisesti makeutettu;Energy drink with added vitamins, artificially sweetened;3.3;0.4;0.4;0.0;PORTS:250,PORTM:330,PORTL:500,DL:100,RKL:15,TL:5
32747;Pizzapohja, hiivataikina;Pizza crust, basic pizza dough;236.8;7.2;41.5;3.9;KPL_M:130,KPL_L:170,PORTS:145,PORTM:300,PORTL:500
32752;Pizza, anjovis-oliivipizza;Pizza, anchovy and olive pizza;233.1;11.6;20.5;11.2;KPL_S:200,KPL_M:320,KPL_L:585,PORTS:75,PORTM:175,PORTL:350
32753;Pizza, herkkusienipizza;Pizza, champignon pizza;173.6;8.3;17.9;7.1;KPL_S:200,KPL_M:320,KPL_L:585,PORTS:75,PORTM:175,PORTL:350
32755;Pizza, jauhelihapizza, naudanjauheliha;Pizza, beef mince pizza;225.8;13.0;16.5;11.7;KPL_S:200,KPL_M:320,KPL_L:585,PORTS:75,PORTM:175,PORTL:350
32756;Pizza, jauhelihapizza, sika-nauta;Pizza, pork beef mince pizza;236.8;12.5;16.5;13.1;KPL_S:200,KPL_M:320,KPL_L:585,PORTS:75,PORTM:175,PORTL:350
32757;Pizza, kana-ananaspizza;Pizza, chicken and pineapple pizza;182.4;11.4;17.9;6.8;KPL_S:200,KPL_M:320,KPL_L:585,PORTS:75,PORTM:175,PORTL:350
32758;Soijajuoma, alpro luomu;Soya drink, organic, alpro;38.5;3.0;1.9;1.8;PORTS:150,PORTM:200,PORTL:400,DL:100,RKL:15
32759;Pizza, kasvispizza, sieni, sipuli, paprika, oliivi;Pizza, vegetarian pizza, mushroom, onion, sweet pepper, olive;165.9;7.2;16.1;7.6;KPL_S:200,KPL_M:320,KPL_L:585,PORTS:75,PORTM:175,PORTL:350
32761;Pizza, kebab-sipuli-pepperonipizza;Pizza, kebab pizza, onion, pepperoni;206.1;12.6;16.7;9.5;KPL_S:200,KPL_M:320,KPL_L:585,PORTS:75,PORTM:175,PORTL:350
32762;Pizza, kinkku-ananas-sinihomejuustopizza;Pizza, ham pizza, pineapple, blue cheese;192.3;10.9;16.9;8.6;KPL_S:200,KPL_M:320,KPL_L:585,PORTS:75,PORTM:175,PORTL:350
32763;Pizza, kinkku-ananaspizza;Pizza, ham and pineapple pizza;181.1;10.2;18.2;7.0;KPL_S:200,KPL_M:320,KPL_L:585,PORTS:75,PORTM:175,PORTL:350
32764;Pizza, kinkku-herkkusienipizza;Pizza, ham and mushroom pizza;188.8;11.2;18.5;7.3;KPL_S:200,KPL_M:320,KPL_L:585,PORTS:75,PORTM:175,PORTL:350
32765;Pizza, mozzarella-tomaatti-pestopizza;Pizza, mozzarella pizza, tomato, pesto;206.2;8.5;17.0;11.1;KPL_S:200,KPL_M:320,KPL_L:585,PORTS:75,PORTM:175,PORTL:350
32766;Pizza, salamipizza;Pizza, salami pizza;265.8;13.4;19.2;14.8;KPL_S:200,KPL_M:320,KPL_L:585,PORTS:75,PORTM:175,PORTL:350
32767;Pizza, tonnikalapizza;Pizza, tuna pizza;206.6;14.0;17.9;8.3;KPL_S:200,KPL_M:320,KPL_L:585,PORTS:75,PORTM:175,PORTL:350
32768;Pizza, äyriäispizza, katkarapu, sinisimpukka, oliivi;Pizza, shellfish pizza, mussel, shrimp, olive;187.3;11.3;17.5;7.6;KPL_S:200,KPL_M:320,KPL_L:585,PORTS:75,PORTM:175,PORTL:350
32769;Pizza, tomaattikastike ja juustoa, margherita;Pizza, margherita pizza, tomato sauce and cheese;222.1;10.4;23.9;8.9;KPL_S:200,KPL_M:320,KPL_L:585,PORTS:75,PORTM:175,PORTL:320
32770;Kivennäisvesi, novelle plus, sinkkiä ja e-vitamiinia, fruktoosia, hartwall;Mineral water, novelle plus, added zinc and vitamin e, sweetened with fructose;16.3;0.0;4.0;0.0;PORTS:170,PORTM:300,PORTL:500,DL:100,RKL:15,TL:5
32771;Kivennäisvesi, novelle plus, kalsiumia, hartwall;Mineral water, novelle plus, with added calcium;0.0;0.0;0.0;0.0;PORTS:170,PORTM:300,PORTL:500,DL:100,RKL:15,TL:5
32772;Kivennäisvesi, novelle plus, c-vitamiinia ja magnesiumia, hartwall;Mineral water, novelle plus, with added vitamin c and magnesium;0.0;0.0;0.0;0.0;PORTS:170,PORTM:300,PORTL:500,DL:100,RKL:15,TL:5
32773;Kivennäisvesi, novelle friss, keskiarvo, fruktoosia, hartwall;Mineral water, sweetened with fructose, novelle friss, average;11.4;0.0;2.8;0.0;PORTS:170,PORTM:300,PORTL:500,DL:100,RKL:15,TL:5
32774;Kaurajuoma, nalle suklaakaurajuoma, lisätty kalsiumia ja d-vitamiinia;Oat drink without milk, nalle chocolate, calcium, vitamin d;52.3;1.0;9.4;0.9;PORTS:150,PORTM:200,PORTL:400,DL:100,RKL:15,TL:5
32775;(arc)polypop-jelly, lasten hyytelö;(arc)polypop-jelly, for children;70.8;1.0;16.4;0.0;KPL_VALM:100,PORTS:50,PORTM:100,PORTL:150
32777;Pasta bolognese, kokkikartano snellman, valmisateria;Pasta bolognese, kokkikartano snellman, ready meal;142.0;6.8;11.6;7.1;KPL_VALM:700,PORTS:250,PORTM:300,PORTL:350
32778;Leikkelemakkara, lauantaimakkara, rasvaa 18 %;Slicing sausage, lauantai, 18% fat;223.8;8.8;7.0;18.0;KPL_S:8,KPL_M:11,KPL_L:20,PORTS:5,PORTM:11,PORTL:22
32779;Leikkelemakkara, lauantaimakkara, rasvaa 19 %;Slicing sausage, lauantai, 19% fat;223.9;8.5;5.2;19.0;KPL_S:8,KPL_M:11,KPL_L:20,PORTS:5,PORTM:11,PORTL:22
32780;(arc)leikkelemakkara, lauantaimakkara, soijaproteiinia, rasvaa 19 %;(arc)slicing sausage, lauantai, 19% fat, contains soy protein;210.2;9.2;6.8;16.3;KPL_S:8,KPL_M:11,KPL_L:20,PORTS:5,PORTM:11,PORTL:22
32781;Lohipasta, pastalaatikko, kokkikartano snellman, valmisateria;Salmon pasta casserole, kokkikartano snellman, ready meal;128.7;5.5;12.3;5.9;KPL_VALM:700,PORTS:250,PORTM:300,PORTL:350
32782;Makaronilaatikko, liha-makaronilaatikko, kokkikartano snellman, valmisateria;Macaroni and meat casserole, industrial, kokkikartano snellman, ready meal;131.4;6.7;9.0;7.5;KPL_VALM:700,PORTS:250,PORTM:300,PORTL:350
32783;Kaurajuoma, rainbow, lisätty kalsiumia ja vitamiineja;Oat drink without milk, rainbow, calcium, vitamins;48.5;1.6;7.2;1.2;PORTS:150,PORTM:200,PORTL:400,DL:100,RKL:15,TL:5
32784;Leikkelemakkara, lauantaimakkara, kevyt, keskiarvo, rasvaa 9 %;Slicing sausage, lauantai, light, 9% fat, average;142.8;8.1;7.3;9.0;KPL_S:8,KPL_M:11,KPL_L:20,PORTS:5,PORTM:11,PORTL:22
32786;Leikkelemakkara, lauantaimakkara, rasvaa 17 %;Slicing sausage, lauantai, 17% fat;214.3;9.0;6.6;17.0;KPL_S:8,KPL_M:11,KPL_L:20,PORTS:5,PORTM:11,PORTL:22
32787;Riisijuoma, rice dream suklaa, lisätty kalsiumia;Rice drink, rice dream chocolate, calcium;64.3;0.4;13.2;0.9;PORTS:150,PORTM:200,PORTL:400,DL:100,RKL:15
32790;Riisijuoma, rice dream hasselpähkinä-manteli;Rice drink, rice dream hazelnut and almond;81.4;1.3;13.9;1.9;PORTS:150,PORTM:200,PORTL:400,DL:100,RKL:15
32792;Lasagne bolognese, kokkikartano snellman, valmisateria;Lasagne bolognese, kokkikartano snellman, ready meal;129.5;7.5;10.9;5.7;KPL_VALM:600,PORTS:250,PORTM:300,PORTL:350
32794;Kinkku-ananaspasta, pastalaatikko, kokkikartano snellman, valmisateria;Ham and pineapple pasta casserole, kokkikartano snellman, ready meal;144.1;6.5;12.8;7.0;PORTS:250,PORTM:300,PORTL:350
32795;Grillimakkara, ultrakevyt, maidoton, rasvaa 7 %;Barbeque sausage, light, 7% fat;139.2;9.8;10.3;6.5;KPL_M:100,PORTS:50,PORTM:100,PORTL:200,DL:70
32796;Grillimakkara, soijaproteiinia, keskiarvo;Barbeque sausage, contains soy protein, average;211.7;11.0;2.9;17.5;KPL_M:100,PORTS:50,PORTM:100,PORTL:200,DL:70
32798;Broilerpasta, pastalaatikko, kokkikartano snellman, valmisateria;Chicken pasta casserole, kokkikartano snellman, ready meal;163.8;8.2;14.3;7.5;KPL_VALM:700,PORTS:250,PORTM:350,PORTL:450
32799;Broiler-pekonipasta, pastalaatikko, kokkikartano snellman, valmisateria;Chicken-bacon pasta casserole, kokkikartano snellman, ready meal;138.0;7.0;10.9;7.0;KPL_VALM:700,PORTS:250,PORTM:350,PORTL:450
32800;Jäätelö, riisijäätelö, r-ice vanilja-suklaatuutti, gluteeniton, ingman;Rice ice cream, vanilla-chocolate, r-ice, ingman;277.3;1.8;42.8;10.6;PORTS:80,PORTM:100,PORTL:200
32801;Kaalilaatikko, liha-kaalilaatikko, kokkikartano snellman, valmisateria;Cabbage casserole, beef, kokkikartano snellman, ready meal;86.7;5.0;7.6;3.7;KPL_VALM:700,PORTS:250,PORTM:300,PORTL:350
32802;Jäätelö, riisijäätelö, r-ice vanilja, ingman;Rice ice cream, vanilla, r-ice, ingman;199.1;0.3;25.4;10.7;PORTS:30,PORTM:65,PORTL:125,DL:55
32804;Jäätelö, kevyt, vanilja-mansikka, ingman, keinotekoisesti makeutettu;Ice cream, light, artificially sweetened, vanilla-strawberry, ingman;72.3;1.7;5.0;5.1;PORTS:30,PORTM:65,PORTL:125,DL:50
32805;Perunalaatikko, kinkkukiusaus, kokkikartano snellman, valmisateria;Ham and potato casserole, kokkikartano snellman, ready meal;128.3;3.7;12.4;6.7;KPL_VALM:700,PORTS:250,PORTM:300,PORTL:350
32806;Perunalaatikko, jauhelihaperunamuusi, kokkikartano snellman, valmisateria;Minced meat and mashed potato casserole, kokkikartano snellman, ready meal;104.4;4.4;10.7;4.5;KPL_VALM:700,PORTS:250,PORTM:300,PORTL:350
32807;Perunalaatikko, jauhelihakiusaus, kokkikartano snellman, valmisateria;Minced meat potato casserole, kokkikartano snellman, ready meal;117.2;4.0;10.9;5.9;PORTS:250,PORTM:300,PORTL:350
32808;Perunalaatikko, janssonin kiusaus, kokkikartano snellman, valmisateria;Fish and potato casserole, jansson's temptation, snellman, ready meal;98.9;3.0;10.6;4.4;KPL_VALM:700,PORTS:250,PORTM:300,PORTL:350
32811;Bolognan spagetti, hk, valmisateria;Spagetti bolognese, hk, ready meal;83.8;4.5;10.6;2.2;KPL_VALM:300,PORTS:240,PORTM:300,PORTL:390
32812;Riisipyörönen, vehnä;Rice pasty, riisipyörönen;212.2;7.0;37.3;3.3;PORTS:40,PORTM:80,PORTL:130
32813;Kinkkupiirakka, muropohja;Ham pie, shortcrust pastry;243.2;10.7;10.0;17.5;KPL_S:80,KPL_M:115,KPL_L:150,PORTS:80,PORTM:120,PORTL:160
32814;Sultsina, ruisvehnäkuori;Sultsina pasty;131.2;5.0;23.2;1.3;PORTS:40,PORTM:80,PORTL:130
32815;Lihakukko;Meat pasty, meat in rye crust;271.1;12.6;25.9;11.9;PORTS:40,PORTM:80,PORTL:130
32816;Lihapiirakka, keskiarvo, teollinen;Deep-fried meat pasty, industrial, average;284.9;9.1;31.5;13.2;KPL_S:90,KPL_M:120,KPL_L:150,PORTS:50,PORTM:100,PORTL:200
32819;Perunakukko, ruiskuori;Potato pastie, rye crust;191.6;5.8;29.1;4.9;KPL_S:60,KPL_M:90,PORTS:40,PORTM:80,PORTL:130
32820;Kakku, muffini gluteeniton;Cake, muffin, gluten-free;455.3;4.6;53.8;24.6;KPL_S:30,KPL_M:50,KPL_L:100,PORTS:30,PORTM:50,PORTL:100
32821;Kuivakakku, hedelmäkakku;Fruit cake;402.2;5.9;45.6;21.1;KPL_M:25,KPL_L:50,PORTS:30,PORTM:50,PORTL:100
32822;Kalapaistos, hk, valmisateria;Fish and mashed potato, hk, ready meal;87.3;7.5;6.2;3.4;KPL_VALM:300,PORTS:240,PORTM:300,PORTL:390
32823;Ohukainen, rasvaton maito;Thin pancake, fat-free milk;169.5;7.0;19.9;6.6;KPL_S:18,KPL_M:40,KPL_L:70,PORTS:75,PORTM:150,PORTL:300
32824;Ohukainen, ternimaito;Thin pancake, beestings;192.8;8.2;19.2;9.0;KPL_S:18,KPL_M:40,KPL_L:70,PORTS:75,PORTM:150,PORTL:300
32825;Ohukainen, täysmaito;Thin pancake, whole milk;191.0;7.0;19.8;9.1;KPL_S:18,KPL_M:40,KPL_L:70,PORTS:75,PORTM:150,PORTL:300
32826;Ohukainen, vesi;Thin pancake, water;144.7;4.8;16.3;6.5;KPL_S:18,KPL_M:40,KPL_L:70,PORTS:75,PORTM:150,PORTL:300
32827;Pannukakku, piimä;Oven-baked pancake, sour milk;147.6;7.0;20.7;3.6;KPL_M:85,PORTS:85,PORTM:170,PORTL:250
32828;Pannukakku, rasvaton maito;Oven-baked pancake, fat-free milk;144.3;6.7;21.6;3.1;KPL_M:85,PORTS:85,PORTM:170,PORTL:250
32829;Pannukakku, ternimaito;Oven-baked pancake, beestings;166.0;7.8;20.8;5.4;KPL_M:85,PORTS:85,PORTM:170,PORTL:250
32830;Pannukakku, täysmaito;Oven-baked pancake, whole milk;164.2;6.6;21.4;5.5;KPL_M:85,PORTS:85,PORTM:170,PORTL:250
32831;Ohukainen, piimä;Thin pancake, sour milk;165.4;7.0;18.1;6.8;KPL_S:18,KPL_M:40,KPL_L:70,PORTS:75,PORTM:150,PORTL:300
32832;Jälkiruokakastike, vaniljakastike, kevytmaito, perunajauho;Vanilla sauce, low-fat milk, potato flour;94.1;3.9;14.4;2.2;PORTS:30,PORTM:50,PORTL:100,DL:100,RKL:15,TL:5
32833;Vohveli, kevytmaito;Waffle, low-fat milk;197.7;7.0;25.1;7.3;KPL_M:50,PORTS:75,PORTM:150,PORTL:300
32834;Vohveli, rasvaton maito;Waffle, fat-free milk;189.6;7.0;25.2;6.4;KPL_M:50,PORTS:75,PORTM:150,PORTL:300
32835;Vohveli, täysmaito;Waffle, whole milk;210.0;7.0;25.1;8.7;KPL_M:50,PORTS:75,PORTM:150,PORTL:300
32836;Vohveli, kerma;Waffle, cream;344.4;4.8;23.9;25.5;KPL_M:50,PORTS:75,PORTM:150,PORTL:300
32837;Jälkiruokakastike, kinuskikastike;Caramel sauce, toffee sauce;375.3;1.4;36.9;24.8;PORTS:30,PORTM:50,PORTL:100,DL:100,RKL:15,TL:5
32838;Vohveli, vesi;Waffle, water;228.9;3.5;22.1;13.9;KPL_M:50,PORTS:75,PORTM:150,PORTL:300
32839;Uuniomena;Baked apple;68.8;0.2;12.3;1.5;PORTS:80,PORTM:150,PORTL:200
32840;Pinaattikohokas, kevytmaito;Spinach souffle, low-fat milk;92.1;5.7;4.1;5.6;PORTS:40,PORTM:80,PORTL:130,DL:80
32841;Pinaattikohokas, rasvaton maito;Spinach souffle, fat-free milk;87.9;5.8;4.2;5.1;PORTS:40,PORTM:80,PORTL:130,DL:80
32842;Pinaattikohokas, täysmaito;Spinach souffle, whole milk;98.4;5.7;4.1;6.4;PORTS:40,PORTM:80,PORTL:130,DL:80
32843;Pinaattikohokas, kerma;Spinach souffle, cream;196.5;5.5;3.5;17.9;PORTS:40,PORTM:80,PORTL:130,DL:80
32845;Jälkiruokakastike, suklaakastike;Chocolate sauce;186.8;0.7;42.9;0.8;PORTS:30,PORTM:50,PORTL:100,DL:100,RKL:15,TL:5
32847;Kanaviillokki, hk, valmisateria;Chicken fricassee, hk, ready meal;91.3;4.3;9.2;2.3;KPL_VALM:300,PORTS:240,PORTM:300,PORTL:390
32848;Kana-vuohenjuustopasta, hk via, valmisateria;Chicken and goat cheese pasta, hk, ready meal;122.6;8.4;9.9;5.1;KPL_VALM:320,PORTS:260,PORTM:320,PORTL:420
32849;Muro, neljänviljanmuro, elovena täysjyvämuro 4 viljaa;Breakfast cereal, wheat, rye, oat, maize, elovena whole grain oat cereals;397.1;12.0;72.2;4.1;PORTS:25,PORTM:30,PORTL:35
32850;Silakkahyytelö;Baltic herring jelly;73.5;10.0;0.4;3.3;PORTS:25,PORTM:80,PORTL:105,DL:100,RKL:15
32851;Maksalaatikko, ohraryynit, rasvaton maito;Liver casserole, barley, fat-free milk;107.4;6.2;14.0;2.5;PORTS:250,PORTM:300,PORTL:350
32852;Donitsi, teollinen;Doughnut, industrial;418.8;4.7;54.4;20.0;KPL_S:30,KPL_M:40,KPL_L:60,PORTS:35,PORTM:55,PORTL:105
32853;Maksalaatikko, rasvaton maito;Liver casserole, rice, fat-free milk;107.0;5.8;15.1;2.3;PORTS:250,PORTM:300,PORTL:350
32854;Maksalaatikko, täysmaito;Liver casserole, rice, whole milk;116.1;5.8;15.0;3.3;PORTS:250,PORTM:300,PORTL:350
32855;Blini, rasvaton maito;Blin with fat-free milk;202.7;7.2;19.3;10.4;KPL_M:50,PORTS:75,PORTM:150,PORTL:300
32856;Blini, kevytmaito;Blin with low-fat milk;209.8;7.1;19.3;11.2;KPL_M:50,PORTS:75,PORTM:150,PORTL:300
32857;Blini, täysmaito;Blin with whole milk 3.5%;220.6;7.1;19.3;12.5;KPL_M:50,PORTS:75,PORTM:150,PORTL:300
32858;Kaalikääryle, naudanpaisti;Stuffed cabbage rolls, beef steak mince;146.4;6.7;8.3;9.0;KPL_M:115,PORTS:110,PORTM:225,PORTL:330
32859;Kalakukko, muikkukukko;Vendace loaf, fish in rye crust;232.2;12.2;21.7;9.9;PORTS:40,PORTM:80,PORTL:130
32862;Verileipä, veriklimppi, verivanukas, veripalttu;Blood bread, rye and barley bread with blood;130.2;7.5;14.0;4.3;KPL_S:20,KPL_M:30,KPL_L:40,PORTS:20,PORTM:35,PORTL:50
32863;Rössymaito;Rössymaito, potato, pork, blood and milk;90.0;4.7;11.1;2.6;PORTS:100,PORTM:150,PORTL:200
32864;Rössypottu;Rössypottu, potato, pork and blood stew;94.4;4.7;12.0;2.7;PORTS:100,PORTM:150,PORTL:200
32865;Risotto, kalarisotto;Risotto, fish risotto;106.3;5.5;14.2;2.8;PORTS:300,PORTM:350,PORTL:400
32866;Risotto, äyriäisrisotto, katkarapu, simpukka;Risotto, sea food risotto, shrimp, mussel;88.6;4.4;13.1;1.8;PORTS:300,PORTM:350,PORTL:400
32867;Lanttukukko, ruiskuori;Swede loaf, rye crust;177.4;5.5;25.7;4.8;PORTS:40,PORTM:80,PORTL:130
32868;Patakukko, muikku;Pot loaf with vendace;209.0;14.0;14.6;10.0;KPL_S:60,KPL_M:90,PORTS:40,PORTM:80,PORTL:130
32870;Purjosipuli, keitetty, suolaton;Leek, boiled without salt;27.2;2.1;2.9;0.2;PORTS:40,PORTM:60,PORTL:100,DL:50
32871;Lihapulla, sieni-lihapulla, sika-nauta, paistettu;Meatball, pork-beef mince, mushrooms, fried;199.1;10.6;7.2;14.1;KPL_S:20,KPL_M:30,KPL_L:40,PORTS:90,PORTM:120,PORTL:150
32872;Sitruunakastike, kermainen;Creamy lemon sauce;149.8;3.6;2.1;13.8;PORTS:50,PORTM:100,PORTL:150,DL:100,RKL:15
32873;Nokkoskeitto, maito;Nettle soup, milk;57.4;4.2;5.9;1.5;PORTS:200,PORTM:350,PORTL:400,DL:100,RKL:15
32874;Nokkoskeitto, kasvisliemi ja kerma;Creamy nettle soup, vegetable bouillon and cream;57.6;1.5;1.6;4.8;PORTS:200,PORTM:350,PORTL:400,DL:100,RKL:15
32875;Kesäkeitto, uusi peruna;Vegetable soup with new potatoes, milk-based, summer soup;36.2;1.5;5.3;0.8;PORTS:200,PORTM:350,PORTL:400,DL:100,RKL:15
32876;Perunalaatikko, kinkkukiusaus, hk, valmisateria;Ham and potato casserole, hk, ready meal;84.8;3.8;10.0;2.7;KPL_VALM:300,PORTS:250,PORTM:300,PORTL:350
32877;Katkarapukeitto, kermaa, suurustettu;Creamy shrimp soup, thickened;60.5;6.2;1.3;3.4;PORTS:200,PORTM:350,PORTL:400,DL:100,RKL:15,TL:5
32878;Maitokastike, valkokastike, rasvaton maito, rasva-jauhosuurus;White sauce, fat-free milk, thickened with flour and fat;109.5;3.8;9.4;6.2;PORTS:50,PORTM:100,PORTL:150,DL:100,RKL:15
32879;Maitokastike, valkokastike, täysmaito, rasva-jauhosuurus;White sauce, whole milk, thickened with flour and fat;139.1;3.8;9.3;9.6;PORTS:50,PORTM:100,PORTL:150,DL:100,RKL:15
32880;Kinkkukastike, maitopohjainen, saunapalvikinkku, kevytmaito;Ham gravy with low-fat milk;122.4;7.7;6.8;7.1;PORTS:150,PORTM:200,PORTL:250,DL:100,RKL:15
32881;Kinkkukastike, maitopohjainen, saunapalvikinkku, rasvaton maito;Ham gravy with fat-free milk;114.2;7.8;6.8;6.1;PORTS:150,PORTM:200,PORTL:250,DL:100,RKL:15
32882;Kinkkukastike, maitopohjainen, saunapalvikinkku, täysmaito;Ham gravy with whole milk;134.7;7.7;6.8;8.5;PORTS:150,PORTM:200,PORTL:250,DL:100,RKL:15
32883;Kasviskastike, punajuurikastike, rasvaton maito;Beetroot gravy, fat-free milk;57.9;1.7;7.1;2.1;PORTS:150,PORTM:200,PORTL:250,DL:100,RKL:15
32884;Kasviskastike, punajuurikastike, täysmaito;Beetroot gravy, whole milk;63.8;1.7;7.1;2.8;PORTS:150,PORTM:200,PORTL:250,DL:100,RKL:15
32885;Kaurajuoma, nordic, maustamaton, lisätty kalsiumia ja d-vitamiinia;Oat drink without milk, nordic, calcium, vitamin d;40.9;1.4;6.0;1.0;PORTS:150,PORTM:200,PORTL:400,DL:100,RKL:15,TL:5
32886;Kasviskastike, kiinalainen, hapanimelä;Chinese vegetable gravy, sweet and sour;90.6;1.0;5.8;6.5;PORTS:150,PORTM:200,PORTL:250,DL:100,RKL:15
32887;Riisijuoma, nordic, lisätty kalsiumia ja d-vitamiinia;Rice drink, nordic, calcium, vitamin d;52.3;0.9;8.6;1.4;PORTS:150,PORTM:200,PORTL:400,DL:100,RKL:15
32888;Jälkiruokakastike, karamellikastike;Caramel sauce;195.2;1.9;15.0;14.3;PORTS:30,PORTM:50,PORTL:100,DL:100,RKL:15,TL:5
32889;Kalakastike, kalamuhennos, maitopohjainen, kevytmaito;Fish stew, low-fat milk;130.3;14.2;3.7;6.4;PORTS:150,PORTM:200,PORTL:250,DL:100,RKL:15
32890;Kalakastike, kalamuhennos, maitopohjainen, rasvaton maito;Fish stew, fat-free milk;126.2;14.2;3.7;5.9;PORTS:150,PORTM:200,PORTL:250,DL:100,RKL:15
32891;Marjapiirakka/marjapaistos, muropohja ja taikinakansi, ei kananmunaa;Berry pie, double-crust, without egg;324.5;4.4;33.7;18.4;PORTS:80,PORTM:120,PORTL:160
32892;Hedelmäjuoma, hyvää päivää, karpalo, osittain keinotekoisesti makeutettu;Fruit drink, hyvää päivää, cranberry, partially artificially sweetened;14.8;0.1;2.9;0.1;PORTS:150,PORTM:250,PORTL:500,DL:100,RKL:15,TL:5
32893;Hedelmäjuoma, hyvää päivää, sitrus, osittain keinotek. makeutettu, vitaminoitu;Fruit drink, hyvää päivää, citrus, partially artificially sweetened, vitamins;9.9;0.1;2.2;0.0;PORTS:150,PORTM:250,PORTL:500,DL:100,RKL:15,TL:5
32894;Hedelmäjuoma, hyvää päivää, fruktoosi, vitaminoitu;Fruit drink, hyvää päivää, sweetened with fructose, with added vitamins;33.9;0.2;7.2;0.1;PORTS:150,PORTM:250,PORTL:500,DL:100,RKL:15,TL:5
32895;Pähkinä, australianpähkinä, macadamiapähkinä;Nut, macadamia nut;741.5;7.9;5.6;75.8;PORTS:20,PORTM:50,PORTL:100,RKL:10
32897;Energiajuoma, energiavesi, teho, olvi, vitaminoitu;Energy drink, energy water, teho, olvi, with added vitamins;17.9;0.0;4.4;0.0;PORTS:250,PORTM:330,PORTL:500,DL:100,RKL:15,TL:5
32898;Lanttulaatikko, rasvaton maito;Swede casserole, fat-free milk;87.4;2.5;8.6;4.2;PORTS:100,PORTM:125,PORTL:150
32899;Lanttulaatikko, täysmaito;Swede casserole, whole milk;89.5;2.5;8.6;4.5;PORTS:100,PORTM:125,PORTL:150
32900;Lanttulaatikko, kevytmaito;Swede casserole, low-fat milk;88.2;2.5;8.6;4.3;PORTS:100,PORTM:125,PORTL:150
32901;Pinaattiohukainen, rasvaton maito;Thin spinach pancake, spinach crepes, fat-free milk;140.6;6.2;16.0;5.4;KPL_M:15,PORTS:100,PORTM:150,PORTL:200
32903;Kiisseli, mehukeitto, kotitekoinen;Berry kissel, berry drink;50.3;0.2;11.8;0.1;PORTS:100,PORTM:150,PORTL:200,DL:100,RKL:15
32904;Ateriasalaatti, kalkkunasalaatti, hedelmäinen, kermaviilikastike;Turkey salad with fruits, sour cream dressing;92.1;8.2;6.2;3.5;PORTS:200,PORTM:250,PORTL:300,DL:75
32905;Nokkosohukainen, kevytmaito;Thin nettle pancake, low-fat milk;178.5;7.2;18.0;8.2;KPL_M:20,PORTS:100,PORTM:200,PORTL:150
32906;Nokkosohukainen, rasvaton maito;Thin nettle pancake, fat-free milk;171.4;7.2;18.1;7.3;KPL_M:20,PORTS:100,PORTM:200,PORTL:150
32907;Nokkosohukainen, täysmaito;Thin nettle pancake, whole milk;189.2;7.2;18.0;9.4;KPL_M:20,PORTS:100,PORTM:150,PORTL:200
32908;Ateriasalaatti, kalkkunasalaatti, pasta, öljykastike;Turkey salad with pasta, oil-based dressing;137.2;9.6;8.8;6.6;PORTS:200,PORTM:250,PORTL:300,DL:75
32910;Ateriasalaatti, paahtopaistisalaatti, perunaa, öljykastike;Roasted beef salad with potato, oil-based sauce;95.3;6.9;5.1;4.9;PORTS:200,PORTM:250,PORTL:300,DL:75
32911;Vanukas, riisivanukas, kotitekoinen;Pudding, rice pudding, home-made;145.6;4.3;21.8;4.2;PORTS:100,PORTM:150,PORTL:200,DL:100,RKL:15,TL:5
32914;Ateriasalaatti, kuskussalaatti, vuohenjuusto, öljykastike;Couscous salad with goat cheese, oil-based dressing;121.2;5.8;6.5;7.7;PORTS:200,PORTM:250,PORTL:300,DL:75
32915;Ateriasalaatti, mozzarellasalaatti, tomaatti, basilika, öljykastike;Mozzarella salad with tomato and basil, oil-based dressing;176.7;5.9;2.0;15.9;PORTS:200,PORTM:250,PORTL:300,DL:75
32916;Ateriasalaatti, nizzan salaatti, kananmuna, peruna, anjovis, öljykastike;Salad nicoise, potato, boiled egg, anchovis;78.5;2.5;5.3;4.9;PORTS:200,PORTM:250,PORTL:300,DL:75
32917;Perunaohukainen, kevytmaito;Thin potato pancake, low-fat milk;150.4;4.7;19.2;5.7;KPL_S:20,KPL_M:30,KPL_L:50,PORTS:100,PORTM:150,PORTL:200
32918;Perunaohukainen, rasvaton maito;Thin potato pancake, fat-free milk;144.4;4.7;19.3;5.0;KPL_S:20,KPL_M:30,KPL_L:50,PORTS:100,PORTM:150,PORTL:200
32920;Perunapihvi/pyörykkä, kevytmaito;Potato patty, low-fat milk;151.3;3.6;19.1;6.2;PORTS:120,PORTM:180,PORTL:240
32921;Perunapihvi/pyörykkä,täysmaito;Potato patty, whole milk;153.4;3.6;19.1;6.5;PORTS:120,PORTM:180,PORTL:240
32922;Ateriasalaatti, lohisalaatti, kananmuna, appelsiini, parsakaali, öljykastike;Salmon salad, boiled eggs, orange and broccoli, oil-based dressing;109.0;7.9;3.0;6.9;PORTS:200,PORTM:250,PORTL:300,DL:75
32923;Ateriasalaatti, lohisalaatti, avokado, parsa, öljykastike;Salmon salad, asparagus, avocado, oil-based dressing;110.8;8.8;1.4;7.3;PORTS:200,PORTM:250,PORTL:300,DL:75
32925;Juusto, vuohenjuusto, chèvre, rasvaa 30 %;Cheese, goat cheese, chèvre, 30% fat;356.4;21.6;1.2;29.8;PORTS:20,PORTM:40,PORTL:60,DL:60
32926;Munkki, rasvaton maito, kotitekoinen;Doughnut, fat-free milk, home-made;309.7;7.4;47.3;9.5;KPL_S:80,KPL_M:90,KPL_L:125,PORTS:35,PORTM:80,PORTL:105
32927;Ateriasalaatti, vuohenjuustosalaatti, keitetty punajuuri, öljykastike;Goat cheese salad with boiled beetroot, oil-based dressing;154.3;5.3;5.7;12.0;PORTS:200,PORTM:250,PORTL:300,DL:75
32928;Jauhelihakastike ja muusi, hk, valmisateria;Minced meat gravy and mashed potatoes, hk, ready meal;91.9;3.5;8.3;4.2;KPL_VALM:300,PORTS:240,PORTM:300,PORTL:390
32930;Ateriasalaatti, vuohenjuustosalaatti, päärynä, tomaatti, öljykastike;Goat cheese salad with pear and tomato, oil-based dressing;160.1;5.0;5.5;12.6;PORTS:200,PORTM:250,PORTL:300,DL:75
32931;Juusto, vuohenjuusto, chèvre, rasvaa 30 %, paistettu;Cheese, goat cheese, chèvre, 30% fat, fried;377.0;20.6;1.2;32.7;PORTS:20,PORTM:40,PORTL:60,DL:60
32932;Perunalaatikko, lohikiusaus, hk, valmisateria;Salmon and potato casserole, hk, ready meal;85.7;3.3;9.8;2.8;KPL_VALM:300,PORTS:250,PORTM:300,PORTL:350
32936;Pyttipannu, lenkkimakkara, kananmuna;Sausage hash, rign bologna, potato, egg;162.1;5.7;10.1;10.1;PORTS:120,PORTM:230,PORTL:300,DL:55
32937;Kananmuna, paistettu, ei rasvaa, suolaton;Egg, fried, without fat and salt;149.1;14.0;0.3;10.3;KPL_M:55,PORTS:60,PORTM:120,PORTL:180
32938;Kananmunan keltuainen, paistettu ilman rasvaa, suolaton;Egg yolk, fried, without fat and salt;359.5;17.7;0.2;32.4;PORTS:20,PORTM:40,PORTL:60
32939;Kananmunan valkuainen, paistettu ilman rasvaa, suolaton;Egg white, fried, without fat and salt;50.8;12.0;0.4;0.0;PORTS:35,PORTM:70,PORTL:105
32943;Uunikala, seiti, valkokastike, juusto, rasvaton maito, korppujauho;Saithe with white sauce, cheese, fat-free milk, breadcrumbs, oven-baked;114.2;12.9;4.2;5.0;PORTS:100,PORTM:160,PORTL:215
32944;Rahkapiirakka, pullapohja, rasvaton maito;Quark pie, basic sweet dough, fat-free milk;263.2;8.6;41.5;6.2;KPL_S:50,KPL_M:80,KPL_L:130,PORTS:90,PORTM:120,PORTL:160
32947;Näkkileipä, täysjyväruis, pieni pyöreä/maukas, vaasan, kuitua 20 %;Crispbread, whole rye bread, pieni pyöreä/maukas, vaasan, 20% fibre;285.9;10.5;45.1;2.5;KPL_VALM:14,PORTS:20,PORTM:35,PORTL:50
32949;Näkkileipä, täysjyväruisnäkkileipä, kunto, vaasan, ruisleseitä, kuitua 20 %;Crispbread, whole rye bread, rye bran, vaasan kunto, 20% fibre;332.9;10.5;56.9;2.4;KPL_S:10,KPL_M:15,KPL_L:20,KPL_VALM:11,PORTS:20,PORTM:35,PORTL:50
32950;Näkkileipä, moniviljanäkkileipä, pieni pyöreä, vaasan, seesaminsiemeniä;Crispbread, multigrain, sesame seeds, vaasan pieni pyöreä;349.3;10.8;54.0;6.0;KPL_VALM:14,PORTS:20,PORTM:35,PORTL:50
32951;Näkkileipä, viiden täysjyväviljan näkkileipä, täyshyvät, vaasan, kuitua 21 %;Crispbread, whole grain, 5-grain, vaasan täyshyvät, 21% fibre;326.8;12.8;43.9;6.3;PORTS:20,PORTM:35,PORTL:50
32955;Sekaleipä, rouhesämpylä, leipäaitta, lidl, vehnäjauho, vehnärouhe;Multigrain bread, bread roll, crushed grains, wheat flour, leipäaitta, lidl;284.6;8.9;51.9;3.4;KPL_M:20,KPL_VALM:32.5,PORTS:20,PORTM:30,PORTL:40
32956;Sekaleipä, grahamsämpylä, leipäaitta, lidl, vehnä- grahamjauho, vehnärouhe;Multigrain bread, graham roll, wheat and graham flour, crushed grains, lidl;311.0;8.6;51.1;6.6;KPL_M:20,KPL_VALM:30,PORTS:20,PORTM:30,PORTL:40
32957;Sekaleipä, pehmeä moniviljaleipä, leipäaitta, lidl, vehnäjauho, vehnärouhe;Multigrain bread, wheat flour, crushed grains, pehmeä moniviljaleipä, lidl;242.2;7.8;45.2;2.4;KPL_M:20,KPL_VALM:30,PORTS:20,PORTM:30,PORTL:40
32958;Sekaleipä, perinteinen kauraleipä, leipäaitta, lidl, vehnäjauho, kaurahiutale;Multigrain bread, oat bread, perinteinen kauraleipä, leipäaitta, lidl;246.0;8.2;47.1;1.7;KPL_M:20,KPL_VALM:20,PORTS:20,PORTM:30,PORTL:40
32959;Vaalea leipä, arinaleipä, leipäaitta, lidl, oliiviöljy, voimakassuolainen;White bread, wheat flour, olive oil, high sodium, arinaleipä, leipäaitta, lidl;253.7;7.6;47.6;2.8;KPL_M:20,KPL_VALM:32.1,PORTS:20,PORTM:30,PORTL:40
32960;Sekaleipä, ruisrouheviipaleet, leipäaitta, lidl, vehnäjauho, ruisjauho, -rouhe;Multigrain bread, wheat and rye flour, crushed grains, ruisrouheviipaleet, lidl;236.7;6.8;42.6;3.1;KPL_M:20,KPL_VALM:33.3,PORTS:20,PORTM:30,PORTL:40
32961;Sekaleipä, piimälimppu, leipäaitta, lidl, vehnä-grahamjauho, hiivaleipäjauho;Multigrain bread, buttermilk bread, wheat, graham and dark wheat flour, lidl;278.5;9.0;52.1;2.6;KPL_M:20,KPL_VALM:26.7,PORTS:20,PORTM:30,PORTL:40
32962;Ruisleipä, ruispalat, leipäaitta, lidl, täysjyväruis-vehnäjauho;Rye bread, wholegrain rye, wheat flour, ruispalat, leipäaitta, lidl;262.3;8.7;48.1;1.4;KPL_M:30,KPL_VALM:27.5,PORTS:20,PORTM:35,PORTL:50
32963;Keksi, digestive, suklainen;Chocolate digestive biscuit;509.8;6.5;63.3;25.0;KPL_S:13,KPL_M:17,PORTS:15,PORTM:30,PORTL:75
32964;Ruisleipä, perinteinen varrasleipä, leipäaitta/lidl,täysjyväruis-hiivaleipäjauho;Rye bread, wholegrain rye, wheat flour, perinteinen varrasleipä, leipäaitta,lidl;254.2;8.0;45.2;1.5;KPL_M:30,PORTS:20,PORTM:35,PORTL:50
32965;Ruisleipä, pyöreät ruispalaset, leipäaitta, lidl, täysjyväruisjauho, perunahiut.;Rye bread, wholegrain rye, potato flakes, pyöreät ruispalaset, leipäaitta, lidl;256.1;7.3;46.3;1.3;KPL_M:30,KPL_VALM:31,PORTS:20,PORTM:35,PORTL:50
32966;Sekaleipä, fitnesspalat, leipäaitta, lidl, vehnäjauho, siemensekoitus;Multigrain bread, wheat flour, mixed seeds, fitnesspalat, leipäaitta, lidl;290.4;8.5;40.8;9.1;KPL_M:20,KPL_VALM:33,PORTS:20,PORTM:30,PORTL:40
32968;Vesirinkeli;Bagel;255.6;7.3;45.1;4.3;KPL_S:20,KPL_M:40,KPL_L:50,PORTS:35,PORTM:55,PORTL:105
32970;Voirinkeli;Bagel, butter bagel;302.0;6.7;40.5;12.0;KPL_S:20,KPL_M:40,KPL_L:50,PORTS:35,PORTM:55,PORTL:105
32971;Herkkusieni, täytetty, tuorejuusto, pekoni;Mushrooms filled with bacon and cream cheese spread;263.6;8.8;1.2;24.8;PORTS:50,PORTM:100,PORTL:200
32972;Herkkusieni, täytetty, sulatejuusto, pekoni;Mushrooms filled with bacon and processed cheese;258.3;13.4;1.0;22.4;PORTS:50,PORTM:100,PORTL:200
32973;Pannukakku, omenapannukakku, kevytmaito;Oven-baked apple pancake, low-fat milk;94.6;3.7;13.6;2.4;KPL_M:85,PORTS:85,PORTM:170,PORTL:250
32974;Keksi, lajitelma, sondey biscuit assortment, lidl;Biscuit, industrial, sondey biscuit assortment, lidl;485.9;6.5;62.5;23.2;PORTS:7,PORTM:14,PORTL:35
32975;Sekaleipä, vaaleat sekaleipäpalat, leipäaitta, lidl, vehnäjauho, vehnärouhe;Multigrain bread, wheat flour, crushed grains, vaaleat sekaleipäpalat, lidl;254.4;8.4;49.9;1.2;KPL_M:20,KPL_VALM:33.3,PORTS:20,PORTM:30,PORTL:40
32976;Sekaleipä, maalaisviipaleet, leipäaitta, lidl, vehnä-hiivaleipäjauho;Multigrain bread, wheat and dark wheat flour, maalaisviipaleet, leipäaitta, lidl;274.7;9.5;47.8;3.7;KPL_M:20,KPL_VALM:25,PORTS:20,PORTM:30,PORTL:40
32977;Sekaleipä, täysjyväviipaleet, leipäaitta, lidl, grahamjauho, vehnärouhe;Multigrain bread, graham flour, crushed wheat grains, täysjyväviipaleet, lidl;253.3;8.3;44.5;3.4;KPL_M:20,KPL_VALM:33.3,PORTS:20,PORTM:30,PORTL:40
32978;Vaalea leipä, esipaistettu vehnäsämpylä, rivercote, lidl, voimakassuolainen;White bread, pre-baked wheat roll, high-sodium, rivercote, lidl;253.9;7.7;47.1;3.0;KPL_M:20,KPL_VALM:50,PORTS:20,PORTM:30,PORTL:40
32979;Paahtoleipä, sliced brown bread-paahtoleipä, mcennedy, lidl, voimakassuolainen;Toast, wheat toast, mcennedy sliced brown bread, lidl, high-sodium;272.8;7.9;45.2;5.3;KPL_M:20,KPL_VALM:36,PORTS:20,PORTM:30,PORTL:40
32980;Vaalea leipä, hot dog sämpylä, kohberg, lidl;White bread, hot dog bun, kohberg, lidl;289.5;8.0;54.6;3.4;KPL_S:30,KPL_M:50,KPL_L:70,KPL_VALM:45,PORTS:30,PORTM:45,PORTL:90
32981;Näkkileipä, täysjyväruisnäkkileipä, rivercote, lidl, sis. maitoa;Crispbread, whole rye bread, contains milk, rivercote lidl;343.0;11.1;64.0;1.8;KPL_S:10,KPL_M:15,KPL_L:20,PORTS:20,PORTM:35,PORTL:50
32982;Keksi, voikeksi, sondey butterkeks classic, lidl;Butter biscuit, sondey butterkeks classics, lidl;451.4;8.0;78.0;11.0;KPL_M:14,PORTS:14,PORTM:28,PORTL:70
32983;Keksi, voikeksi, täysjyvä, sondey butterkeks vollkorn, lidl;Butter biscuit, wholewheat, sonday butterkeks vollkorn, lidl;438.0;8.7;71.1;11.5;KPL_M:14,PORTS:14,PORTM:28,PORTL:70
32984;Näkkileipä, kauranäkkileipä, wasa, kaura-, vehnäjauho, kaurahiutale;Crispbread, wasa oat, oat and wheat flour, oat flakes;358.7;11.9;64.1;5.2;KPL_VALM:17,PORTS:20,PORTM:35,PORTL:50
32985;Keksi, pikkuleipä, suklaakuorrutettu;Biscuit covered with chocolate;492.6;7.2;50.1;29.0;KPL_M:5,PORTS:5,PORTM:13,PORTL:25
32986;Keksi, pikkuleipä, tumma suklaakuorrute päällä;Biscuit covered with dark chocolate;484.6;4.9;51.7;28.1;KPL_M:5,PORTS:5,PORTM:13,PORTL:25
32987;Keksi, vohvelikeksi, favorini, lidl, keskiarvo;Wafer biscuit, favorini, lidl, average;555.7;5.6;53.7;35.2;KPL_M:10,PORTS:10,PORTM:20,PORTL:50
32988;Porkkana-riisipiirakka, voitaikina, kevytmaito;Carrot rice pasty, low-fat milk;159.8;4.5;15.1;8.7;KPL_S:35,KPL_M:60,KPL_L:90,PORTS:40,PORTM:80,PORTL:130
32989;Porkkana-riisipiirakka, voitaikina, rasvaton maito;Carrot rice pasty, fat-free milk;156.9;4.5;15.1;8.3;KPL_S:35,KPL_M:60,KPL_L:90,PORTS:40,PORTM:80,PORTL:130
32990;Porkkana-riisipiirakka, voitaikina, täysmaito;Carrot rice pasty, whole milk;164.2;4.5;15.1;9.2;KPL_S:35,KPL_M:60,KPL_L:90,PORTS:40,PORTM:80,PORTL:130
32991;Keksi, marie-keksi;Biscuit, marie biscuit;427.3;8.3;72.0;11.6;KPL_M:5,PORTS:5,PORTM:10,PORTL:25
32992;Keksi, digestive välipalakeksi, kaura- ja grahamjauhoa;Digestive biscuit, oat and graham flour;477.6;7.0;59.6;22.6;KPL_M:15,PORTS:15,PORTM:30,PORTL:75
32993;Keksi, brownie, teollinen;Brownie cookie, industrial;505.9;5.3;59.9;26.8;KPL_M:19,PORTS:20,PORTM:40,PORTL:100
32994;Viineri, vaniljakiisseli, kevytmaito, gluteeniton, vehnätärkkelys;Danish pastry, vanilla custard, low-fat milk, gluten-free, contains wheat starch;326.8;4.5;44.6;14.2;KPL_S:40,KPL_M:80,KPL_L:105,PORTS:35,PORTM:55,PORTL:105
32995;Jauheliha-riisipata, sika-nauta, paprika, herne;Pork beef mince and rice casserole, capsicum, peas;115.3;5.4;11.8;4.8;PORTS:250,PORTM:300,PORTL:350
32996;Makaronilaatikko, makkara-makaronilaatikko, lenkkimakkara, kevytmaito;Macaroni and sausage casserole, low-fat milk;144.1;7.6;9.5;7.7;PORTS:250,PORTM:300,PORTL:350
32997;Keksi, täytekeksipatukka, amanie, lidl;Milk chocolate covered biscuits with filling, amanie, lidl;516.7;8.4;56.3;28.3;KPL_M:35,KPL_VALM:35,PORTS:17.5,PORTM:35,PORTL:70
32998;Keksi, kaurakeksi, kananmunaa, lidl;Oat biscuit with egg, industrial, lidl;476.4;5.3;61.4;22.6;KPL_VALM:10,PORTS:10,PORTM:20,PORTL:50
32999;Keksi, täytekeksi, suklainen, marenkia, catago chocobit, lidl;Chocolate filled biscuit with meringue, catago chocobit, lidl;519.4;9.0;58.0;27.0;KPL_VALM:27,PORTS:13.5,PORTM:27,PORTL:80
33000;Keksi, suklainen, catago medaillon cappuccino, lidl;Chocolate and cappucino filled biscuit, catago medaillon cappuccino, lidl;551.0;5.9;57.0;33.0;KPL_VALM:25,PORTS:12.5,PORTM:25,PORTL:75
33001;Muro, hunajamuro, maissi, honey balls, lidl;Breakfast cereal, corn cereal, honey balls, lidl;385.5;3.8;86.0;2.0;PORTS:25,PORTM:30,PORTL:35
33002;Muro, viljatyyny, nougat pillows, lidl;Breakfast cereal, cereal pillows, nougat pillows, lidl;460.5;6.5;68.0;17.2;PORTS:25,PORTM:30,PORTL:35,DL:15,RKL:3
33003;Muro, suklaamuro, choco moons, lidl;Breakfast cereal, chocolate cereal, choco moons, lidl;393.9;8.3;76.0;4.3;PORTS:25,PORTM:30,PORTL:35,DL:13
33005;Muro, suklaamuro, flakers choco, lidl;Breakfast cereal, chocolate cereal, flakers choco, lidl;385.7;8.2;80.0;2.1;PORTS:25,PORTM:30,PORTL:35,DL:13
33006;Muro, vehnähiutale, bran flakes, lidl;Breakfast cereal, wheat flakes, bran flakes, lidl;359.2;10.0;67.0;2.0;PORTS:25,PORTM:30,PORTL:35
33009;Marjapiirakka, muropohja ja taikinakansi;Berry pie, double crust;364.1;5.4;44.8;17.5;KPL_S:50,KPL_M:90,KPL_L:130,PORTS:80,PORTM:120,PORTL:160
33010;Muro, vehnähiutale, fruit & fibre, lidl;Breakfast cereal, wheat flakes, fruit & fibre, lidl;394.9;7.3;74.0;5.2;PORTS:25,PORTM:30,PORTL:35
33011;Muro, vehnähiutale, pähkinä, manteli, nut flakers, lidl;Breakfast cereal, wheat flakes, nuts, almond, nut flakers, lidl;420.6;11.0;61.1;12.1;PORTS:25,PORTM:30,PORTL:35
33012;Muro, maissihiutale, caramel flakes, lidl;Breakfast cereal, corn flakes with white chocolate, caramel flakes, lidl;414.3;5.6;83.5;5.8;PORTS:25,PORTM:30,PORTL:35,DL:13
33013;Muro, maissihiutale, apple flakes, lidl;Breakfast cereal, sugar-coated corn flakes with apple, lidl;387.0;5.3;87.8;0.8;PORTS:25,PORTM:30,PORTL:35,DL:13
33014;Pizza, special kinkku-bolognese, saarioinen;Pizza, ham and bolognese pizza, special pizza saarioinen;234.6;9.3;26.3;9.7;KPL_VALM:220,PORTS:75,PORTM:220,PORTL:350
33015;Risotto, kinkkurisotto, jambalaya (kinkku, katkarapu, oliivi);Risotto, ham, shrimp and olive risotto;153.3;13.5;6.2;8.2;PORTS:300,PORTM:350,PORTL:400
33016;Hapankaalikeitto, keskirasvainen sianliha;Sauerkraut soup with pork;57.1;2.5;2.8;3.8;PORTS:200,PORTM:350,PORTL:400,DL:100,RKL:15
33017;Hirssivelli, kevytmaito, suolaa;Millet gruel, milk;64.9;3.8;8.1;1.8;PORTS:150,PORTM:250,PORTL:350,DL:100,RKL:15,TL:5
33020;Maustekastike, sweet chili sauce, makea chilikastike;Sweet chili sauce;189.6;0.6;45.4;0.1;KPL_VALM:400,PORTS:10,PORTM:20,PORTL:50,DL:100,RKL:15,TL:5
33021;Maustetahna, currytahna, mieto, tikka masala;Spice paste, curry paste, mild, tikka masala;189.4;3.6;9.8;15.1;KPL_VALM:400,PORTS:5,PORTM:15,PORTL:30,DL:100,RKL:15,TL:5
33022;Maustetahna, inkivääritahna;Spice paste, ginger paste;118.3;1.5;13.8;5.6;KPL_VALM:400,PORTS:5,PORTM:15,PORTL:30,DL:100,RKL:15,TL:5
33023;Inkivääri, juurakko, raaka;Ginger root, raw;81.9;1.8;15.8;0.8;KPL_M:180,PORTS:1,PORTM:2,PORTL:3
33024;Inkivääri, säilötty;Ginger, pickled;52.4;1.0;10.5;0.4;KPL_S:2,KPL_M:5,KPL_L:10,PORTS:2,PORTM:5,PORTL:15
33026;Soijarouhe, vaalea tai tumma, keitetty, suolaton;Soya mince, white or dark, boiled without salt;127.5;18.8;8.0;0.9;PORTS:40,PORTM:100,PORTL:200
33027;Lihapulla, lihapyörykkä, kartanon, lidl;Meatball, kartanon, lidl, industrial;206.1;15.2;10.4;11.4;KPL_M:15,PORTS:90,PORTM:120,PORTL:150
33028;Lihapulla, lihapyörykkä, enebacken, lidl;Meatball, enebacken, lidl, industrial;242.3;13.0;4.0;19.0;KPL_M:15,PORTS:90,PORTM:120,PORTL:150
33029;Perunalaatikko, liha-perunasoselaatikko, kartanon, lidl, valmisateria;Minced meat and mashed potato casserole, lidl, ready meal;127.9;5.5;12.1;6.2;KPL_VALM:350,PORTS:250,PORTM:300,PORTL:350
33030;Makaronilaatikko, liha-makaronilaatikko, kartanon, lidl, valmisateria;Macaroni and meat casserole, industrial, lidl, ready meal;142.9;7.1;18.0;4.5;KPL_VALM:400,PORTS:250,PORTM:300,PORTL:350
33031;Maksalaatikko, kartanon, lidl, valmisateria;Liver casserole, kartanon, lidl, ready meal;123.2;5.3;19.6;2.4;KPL_VALM:400,PORTS:250,PORTM:300,PORTL:350
33032;Veriohukainen, atria/kartanon, lidl;Blood pancake, atria/kartanon, lidl;174.1;12.0;18.0;5.3;KPL_VALM:20,PORTS:100,PORTM:150,PORTL:200
33033;Pinaattiohukainen, kartanon, lidl;Thin spinach pancake, spinach crepes, lidl;203.3;6.0;30.0;6.1;KPL_M:15,PORTS:100,PORTM:150,PORTL:200
33034;Hampurilainen, valmishampurilainen, pihvi ja sämpylä, mcennedy, lidl;Hamburger, lidl;294.7;10.1;29.8;14.6;KPL_VALM:110,PORTS:55,PORTM:110,PORTL:220
33035;Hampurilainen, valmishampurilainen, juustohampurilainen, mcennedy, lidl;Hamburger with cheese, lidl;310.1;13.0;25.6;16.4;KPL_VALM:150,PORTS:75,PORTM:150,PORTL:300
33036;Papupihvi/pyörykkä;Bean patty;238.7;11.7;26.7;7.1;KPL_M:100,PORTS:100,PORTM:150,PORTL:225
33038;Sharon, kaki, persimon;Sharon, kaki, persimon;73.0;0.6;16.0;0.2;KPL_S:200,KPL_M:240,KPL_L:320,PORTS:100,PORTM:240,PORTL:350
33040;Naudanliha, keitetty, suolaton;Beef, boiled, without salt;159.3;29.8;0.0;4.3;PORTS:100,PORTM:120,PORTL:150
33042;Jogurtti, maustamaton, a+, rasvaa 4 %, laktoositon, d-vit 1 ug;Yoghurt, plain, a+, fat 4%, 1 ug vitamin d, lactose-free;67.0;3.0;4.8;3.9;PORTS:150,PORTM:200,PORTL:250,DL:100,RKL:15,TL:5
33043;Sieni-kaalikääryle;Stuffed cabbage rolls, mushrooms;78.8;2.1;8.2;3.6;KPL_M:115,PORTS:110,PORTM:225,PORTL:330
33044;Sienipihvi/pyörykkä, lihaton;Mushroom patty without meat;114.9;4.4;9.5;6.1;PORTS:100,PORTM:150,PORTL:200
33045;Maksakastike, maksastroganoff;Liver stroganoff;141.7;11.1;5.1;8.4;PORTS:150,PORTM:200,PORTL:250,DL:100,RKL:15
33046;Maksapasteija, maksapatee;Liver pate;217.4;12.1;10.7;13.6;KPL_S:20,KPL_M:40,KPL_L:80,PORTS:15,PORTM:30,PORTL:60
33047;Ruoanvalmistuskerma, kasvirasvakerma, rasvaa 13 %, vl;Cooking cream, vegetable fat, 13% fat, low-lactose;134.6;1.5;3.3;13.0;PORTS:25,PORTM:50,PORTL:100,DL:100,RKL:15,TL:5
33048;Ruoanvalmistuskerma, kasvirasvakerma, rasvaa 7 %;Cooking cream, vegetable fat, 7 % fat;82.1;1.3;3.6;7.0;PORTS:25,PORTM:50,PORTL:100,DL:100,RKL:15,TL:5
33049;Ruoanvalmistuskerma, kasvirasvakerma, rasvaa 4 %;Cooking cream, vegetable fat, 4% fat;56.1;1.2;3.8;4.0;PORTS:25,PORTM:50,PORTL:100,DL:100,RKL:15,TL:5
33050;Vanukas, riisi-marjavanukas, kotitekoinen;Pudding, rice pudding with berries, home-made;106.5;4.8;15.6;2.5;PORTS:100,PORTM:150,PORTL:200,DL:100,RKL:15,TL:5
33055;Uuniperuna, kalatäyte, savusilakka, ranskankerma;Potato, baked, filled with smoked baltic herring and crème fraiche;91.3;4.8;10.5;2.9;KPL_M:550,PORTS:120,PORTM:200,PORTL:300
33056;Uuniperuna, kinkkutäyte, tuorejuusto;Potato, baked, filled with ham and cream cheese;92.1;3.5;11.1;3.3;KPL_M:550,PORTS:120,PORTM:200,PORTL:300
33057;Uuniperuna, savukinkkutäyte, tuorejuusto, sieni;Potato, baked, filled with smoked ham, cream cheese and mushrooms;94.9;3.4;11.2;3.6;KPL_M:550,PORTS:120,PORTM:200,PORTL:300
33059;Sekaleipä, viljaisat perheviipaleet, oululainen;Multigrain bread, sliced, viljaisat perheviipaleet, oululainen;246.2;8.1;46.1;2.1;KPL_VALM:33,PORTS:20,PORTM:30,PORTL:40
33060;Papaija, kuivattu;Papaya, dried;269.8;4.0;57.6;0.9;PORTS:20,PORTM:40,PORTL:60
33061;Broilerifilee, keitetty, suolaton;Chicken fillet, boiled without salt;142.6;24.7;0.0;4.8;PORTS:120,PORTM:160,PORTL:200
33062;Kana, keitetty, suolaton;Chicken, boiled without salt;219.1;23.6;0.0;14.0;PORTS:100,PORTM:150,PORTL:300
33063;Risotto, broileri-kasvisrisotto;Risotto, chicken and vegetable risotto;114.5;6.9;14.9;2.6;PORTS:300,PORTM:350,PORTL:400
33064;Pilahviriisi, lihaliemessä;Pilaf rice, spicy, boiled in meat bouillon;205.7;3.4;32.2;6.8;PORTS:70,PORTM:110,PORTL:150,DL:80,RKL:12
33065;Mango, kuivattu;Mango, dried;334.9;1.5;76.4;0.8;PORTS:20,PORTM:40,PORTL:60
33066;Vehnätortilla, burrito, wrap, tonnikalatäyte;Wheat tortilla, burrito, wrap, tuna filling;179.6;10.0;16.8;7.7;KPL_M:150,PORTS:100,PORTM:170,PORTL:300
33067;Erikoishedelmä, eksoottinen, keskiarvo, mango/papaija, kuivattu;Exotic fruit average, mango, papaya, dried;302.3;2.8;67.0;0.9;PORTS:20,PORTM:40,PORTL:60
33068;Lihahyytelö, kotitekoinen, naudanlihasta;Beef jelly, home-made;80.5;12.1;0.5;3.3;PORTS:25,PORTM:80,PORTL:105
33069;Popcorn;Popcorn;496.0;9.0;47.2;28.1;KPL_M:0.1,PORTS:20,PORTM:50,PORTL:100,DL:3,RKL:0.5
33070;Viikuna, kuivattu;Fig, dried;255.6;3.3;53.2;0.9;PORTS:20,PORTM:40,PORTL:60
33072;Jauhelihakeitto, saarioinen, valmisateria;Beef mince soup, saarioinen, ready meal;38.5;2.3;4.8;0.9;KPL_VALM:300,PORTS:200,PORTM:300,PORTL:400
33073;Katkarapukeitto, saarioinen, valmisateria;Shrimp soup, industrial, saarioinen, ready meal;80.2;2.2;5.0;5.7;KPL_VALM:300,PORTS:200,PORTM:300,PORTL:400
33074;Porkkanasosekeitto, saarioinen, valmisateria;Puréed carrot soup, saarioinen, ready meal;49.9;0.6;4.9;2.8;KPL_VALM:300,PORTS:200,PORTM:300,PORTL:400
33075;Savuporo-juustokeitto, saarioinen, valmisateria;Reindeer soup with cheese, saarioinen, ready meal;103.6;4.7;5.6;6.9;KPL_VALM:300,PORTS:200,PORTM:300,PORTL:400
33077;Ananas, kuivattu;Pineapple, dried;307.9;2.8;67.9;0.6;PORTS:20,PORTM:40,PORTL:60
33079;Broilerpasta, saarioinen, valmisateria;Chicken pasta, saarioinen, ready meal;132.1;5.3;10.7;7.4;KPL_VALM:300,PORTS:240,PORTM:300,PORTL:390
33080;Lasagne, kasvislasagne, saarioinen, valmisateria;Lasagne, vegetable lasagne, saarioinen, ready meal;124.3;3.7;12.5;6.3;KPL_VALM:300,PORTS:220,PORTM:300,PORTL:350
33083;Lasagne, saarioinen, valmisateria;Lasagne bolognese, saarioinen, ready meal;154.0;6.1;10.9;9.1;KPL_VALM:300,PORTS:220,PORTM:300,PORTL:350
33084;Spagetti ja jauhelihakastike, saarioinen, valmisateria;Spaghetti bolognese, saarioinen, ready meal;115.5;5.0;12.5;4.8;KPL_VALM:350,PORTS:280,PORTM:350,PORTL:460
33085;Tonnikalapasta, saarioinen, valmisateria;Tuna pasta, saarioinen, ready meal;139.2;4.6;10.9;8.4;KPL_VALM:300,PORTS:240,PORTM:300,PORTL:390
33086;Perunalaatikko, jauhelihakiusaus, saarioinen, valmisateria;Minced meat potato casserole, saarioinen, ready meal;138.3;4.8;11.3;8.0;KPL_VALM:300,PORTS:250,PORTM:300,PORTL:350
33088;Härkäruukku, saarioinen, valmisateria;Meat hot pot, saarioinen, ready meal;115.4;5.0;8.6;6.7;KPL_VALM:300,PORTS:240,PORTM:300,PORTL:390
33089;Kermainen kanaruukku, saarioinen, valmisateria;Creamy casserole with chicken and pasta, saarioinen, ready meal;140.9;7.6;8.8;8.1;KPL_VALM:300,PORTS:240,PORTM:300,PORTL:390
33090;Kinkku-pekoniruukku, saarioinen, valmisateria;Ham and bacon casserole, saarioinen, ready meal;160.3;5.8;9.9;10.5;KPL_VALM:300,PORTS:240,PORTM:300,PORTL:390
33091;Avokadoöljy;Avocado oil;884.3;0.0;0.0;100.0;PORTS:10,PORTM:25,PORTL:40,DL:90,RKL:13.5,TL:4.5
33092;Kaalipihvi, kaalipyörykkä, ei lihaa;Cabbage patty without meat;98.7;3.5;5.3;6.4;PORTS:100,PORTM:150,PORTL:225
33093;Makaronilaatikko, sieni-makaronilaatikko, kevytmaito;Macaroni and mushroom casserole, low-fat milk;96.9;5.4;8.8;4.2;PORTS:250,PORTM:300,PORTL:350
33094;Kinkkukastike, tomaattinen;Ham gravy with tomato;55.1;6.9;0.9;2.6;PORTS:150,PORTM:200,PORTL:250,DL:100,RKL:15
33095;Pähkinä, pekaanipähkinä;Nut, pecan;710.1;9.2;4.4;72.0;PORTS:20,PORTM:50,PORTL:100,RKL:10
33096;Kinkkukastike, ruskea kastike;Ham gravy;87.0;7.7;2.8;5.0;PORTS:150,PORTM:200,PORTL:250,DL:100,RKL:15
33097;Grillimakkara, bratwursti;Sausage bratwurst;286.5;12.7;0.0;26.6;KPL_S:20,KPL_M:60,KPL_L:100,PORTS:20,PORTM:75,PORTL:200
33098;Sekaleipä, tumma lounassämpylä, vaasan;Multigrain bread, bread roll, tumma lounassämpylä, vaasan;305.5;11.0;50.9;4.7;KPL_VALM:40,PORTS:20,PORTM:30,PORTL:40
33100;Vaalea leipä, vaalea lounassämpylä, vaasan;White bread, wheat roll, vaalea lounassämpylä, vaasan;313.1;9.6;59.2;3.2;KPL_VALM:40,PORTS:20,PORTM:30,PORTL:40
33101;Makaroni, keitetty, suolaa, öljyä;Macaroni, boiled, oil, salt;104.4;3.8;19.6;0.8;PORTS:135,PORTM:175,PORTL:200,DL:65,RKL:11
33102;Pähkinä, hunajapaahdettu maapähkinä;Nut, peanut, honey-roasted;583.5;24.5;15.7;45.8;KPL_M:1,PORTS:20,PORTM:50,PORTL:100,DL:60,RKL:9,TL:3
33103;Jogurtti, maustettu, valio olo, rasvaa 2,7 %, eila, d-vit 1 ug, probiootteja;Yoghurt, flavoured, valio olo, 2.7% fat, lactose-free, 1ug vitamin d, probiotics;102.6;3.5;14.0;2.7;PORTS:100,PORTM:125,PORTL:250,DL:100,RKL:15,TL:5
33105;(arc) suolarinkeli, kova;(arc)pretzel, hard;381.5;10.3;76.8;2.6;KPL_M:2,PORTS:15,PORTM:30,PORTL:50
33106;Jogurtti, intialainen jogurttijuoma, mangolassi;Yoghurt, indian yoghurt drink, mango lassi;54.6;3.2;7.6;1.1;KPL_M:100,PORTS:150,PORTM:200,PORTL:250,DL:100,RKL:15,TL:5
33107;Pyttipannu, juurespyttipannu, ei perunaa;Root vegetable hash, no potato;59.3;1.5;5.9;2.5;PORTS:120,PORTM:230,PORTL:300,DL:80
33108;(arc) suolarinkeli, pehmeä;(arc)pretzel, soft;339.4;8.2;67.7;3.1;KPL_S:62,KPL_M:115,KPL_L:143,PORTS:62,PORTM:115,PORTL:143
33109;Perunapaistos, intialainen, bombay-perunat;Indian potato stew, bombay potatoes;78.8;1.3;8.5;4.0;PORTS:120,PORTM:180,PORTL:240,DL:100
33111;Maito, täysmaito, rasvaa 3 %, laktoositon maitojuoma, d-vitamiinia 1 ug;Milk, 3% fat, lactose-free, 1 ug added vitamin d;52.7;3.2;3.1;3.0;PORTS:150,PORTM:200,PORTL:400,DL:100,RKL:15,TL:5
33112;Pestokastike, punainen pesto, ei parmesania, vegaaninen;Red pesto sauce, pesto rosso, without parmesan;502.4;6.2;6.5;50.4;PORTS:15,PORTM:30,PORTL:60,DL:100,RKL:15
33113;Mehu, mehujuoma, mehukatti pillijuoma, täydennetty;Juice drink, fruit, berry, mehukatti, vitamin c and d, calcium, contains sugar;41.6;0.1;10.0;0.0;PORTS:150,PORTM:200,PORTL:300,DL:100,RKL:15,TL:5
33114;Suolatikku;Salt stick;353.6;10.7;65.3;4.3;PORTS:15,PORTM:30,PORTL:60
33116;Juusto, salaattijuusto, rasvaa 2-5 %, lehmänmaito, suolaliemessä;Cheese, feta type salad cheese in brine, fat 2-5%;114.6;16.2;4.0;3.6;PORTS:20,PORTM:40,PORTL:60,DL:60
33117;(arc) piimä, rasvaton, valio plus, vl, d-vit 2 ug;(arc)sour milk, fat-free, valio plus, low-lactose, 2 ug vitamin d;38.9;4.5;4.7;0.1;PORTS:150,PORTM:200,PORTL:400,RKL:15,TL:5
33118;Juusto, salaattijuusto, rasvaa 6-8 %, lehmänmaito, suolaliemessä;Cheese, feta type salad cheese in brine, fat 6-8%;144.0;16.1;3.8;7.1;PORTS:20,PORTM:40,PORTL:60,DL:60
33119;Juusto, salaattijuusto, rasvaa 9-11 %, lehmänmaito, suolaliemessä;Cheese, feta type salad cheese in brine, fat 9-11%;169.3;16.0;3.7;10.1;PORTS:20,PORTM:40,PORTL:60,DL:60
33120;Juusto, salaattijuusto, rasvaa 22 %, lehmänmaito, öljyssä;Cheese, feta cheese in oil, 22% fat, cow's milk;262.8;13.3;1.6;22.1;PORTS:20,PORTM:40,PORTL:60,DL:60
33121;Hampunsiemen, kokonainen;Hemp seed, whole;454.5;24.6;2.7;32.9;PORTS:5,PORTM:15,PORTL:30,DL:65,RKL:10,TL:3
33122;Soijajuoma, alpro maustamaton, kalsiumia ja vitamiineja;Soya drink, plain, calcium, vitamins, alpro;33.7;3.0;0.9;1.8;PORTS:150,PORTM:200,PORTL:400,DL:100,RKL:15
33123;Broilerimureke, saarioinen, horeca;Chicken meatloaf, saarioinen;168.6;16.4;8.6;7.4;PORTS:100,PORTM:120,PORTL:150
33124;Soijajuoma, rainbow, kalsiumia ja vitamiineja;Soya drink calcium, vitamins, rainbow;44.8;3.2;3.2;1.8;PORTS:150,PORTM:200,PORTL:400,DL:100,RKL:15
33125;Soijajuoma, pirkka luomu maustamaton;Soya drink,  plain, organic, pirkka;37.2;3.2;0.9;2.0;PORTS:150,PORTM:200,PORTL:400,DL:100,RKL:15
33126;Jauheliha-punajuurivuoka, sika-nauta, hoerca, saarioinen;Pork beef mince and beetroot casserole, horeca, saarioinen;157.2;7.3;14.7;7.2;PORTS:250,PORTM:300,PORTL:350,DL:100,RKL:15
33128;Pähkinä, chilipähkinä;Nut, chili nut;485.6;14.7;38.2;29.6;KPL_M:1,PORTS:20,PORTM:50,PORTL:100,DL:60,RKL:9,TL:3
33129;Jogurtti, lohkeava luonnonjogurtti, rasvaa 5,5 %, laktoositon;Yoghurt, natural, fat 5.5%, lactose-free;83.0;3.8;4.5;5.5;KPL_VALM:150,PORTS:100,PORTM:150,PORTL:200,DL:100,RKL:15,TL:5
33130;Pähkinä, cashewpähkinä, suolattu;Nut, cashew nut, salt;574.2;20.0;18.8;46.4;PORTS:20,PORTM:50,PORTL:100,DL:60,RKL:9,TL:3
33131;Pähkinä, pistaasipähkinä, suolattu;Nut, pistachio nut, salt;580.8;21.4;16.7;46.0;KPL_M:1,PORTS:20,PORTM:50,PORTL:100,DL:60,RKL:9,TL:3
33132;Soijajuoma, gogreen maustamaton, kalsiumia;Soya drink,  plain, calcium, gogreen;39.8;4.0;1.1;1.9;PORTS:150,PORTM:200,PORTL:400,DL:100,RKL:15
33133;Soijajuoma, gogreen original, kalsiumia;Soya drink, original, calcium, gogreen;41.0;3.0;2.4;1.9;PORTS:150,PORTM:200,PORTL:400,DL:100,RKL:15
33134;Soijajuoma, pirkka luomu suklaanmakuinen;Soya drink, chocolate, organic, pirkka;63.9;3.1;8.0;1.7;PORTS:150,PORTM:200,PORTL:400,DL:100,RKL:15
33135;Soijajuoma, rainbow luomu;Soya drink,  organic, rainbow;44.4;4.1;1.2;2.4;PORTS:150,PORTM:200,PORTL:400,DL:100,RKL:15
33136;Soijajuoma, nordic, kalsiumia ja d-vitamiinia;Soya drink,  calcium, vitamin d, nordic;41.0;3.1;2.2;1.9;PORTS:150,PORTM:200,PORTL:400,DL:100,RKL:15
33137;Soijajuoma, alpro kevyt suklaajuoma, kalsiumia ja vitamiineja;Soya drink, chocolate, light, calcium, vitamins, alpro;45.7;2.3;5.7;1.2;KPL_VALM:250,PORTS:150,PORTM:200,PORTL:400,DL:100,RKL:15
33138;Soijajuoma, alpro suklaa, kalsiumia ja vitamiineja;Soya drink, chocolate, calcium, vitamins, alpro;71.5;3.3;9.5;1.8;PORTS:150,PORTM:200,PORTL:400,DL:100,RKL:15
33139;Soijajuoma, soywell soya drink, lidl, kalsiumia ja vitamiineja;Soya drink, calcium, vitamins, soywell soya drink, lidl;45.9;3.2;3.4;1.8;PORTS:150,PORTM:200,PORTL:400,DL:100,RKL:15
33140;Muro, riisi-vehnähiutale jogurtti, kellogg's all-bran yoghurty, vitaminoitu;Breakfast cereal, rice-wheat flakes, kellogg's all-bran yoghurty, vitamins;371.0;10.6;65.3;4.3;PORTS:25,PORTM:30,PORTL:35,DL:13
33141;(arc)jogurtti, kerrosjogurtti, valio, rasvaa 2 %, vl, d-vitamiinia 0,9 ug;(arc)yoghurt, flavoured, 2% fat, low lactose, 0.9 ug vitamin d;89.1;3.3;12.7;2.2;PORTS:150,PORTM:175,PORTL:250,DL:100,RKL:15,TL:5
33142;Jogurtti, maustettu, rasvaton, laktoositon, d-vit 1 ug;Yoghurt, flavoured, fat-free, lactose-free, 1 ug vitamin d;53.8;3.5;9.2;0.1;PORTS:150,PORTM:200,PORTL:250,DL:100,RKL:15,TL:5
33143;Kasvis, friteerattu, uppopaistettu;Vegetable, deep-fried;194.7;3.9;14.3;13.2;KPL_M:20,PORTS:100,PORTM:125,PORTL:150
33144;Hedelmä, friteerattu, uppopaistettu;Fruit, deep-fried;181.5;3.2;17.0;10.8;PORTS:80,PORTM:120,PORTL:160
33145;Muro, vehnähiutale, kellogg's all-bran regular, vitaminoitu;Breakfast cereal, wheat flakes, kellogg's all-bran regular, vitamins;360.1;11.0;66.0;2.1;PORTS:25,PORTM:30,PORTL:35,DL:13
33147;Rahka, maustettu, danonino, rasvaa 2,9 %, d-vitamiinia 1,25 ug;Quark, flavoured, 2.9% fat, danonino, 1.25 ug vitamin d;110.6;6.5;13.7;2.9;KPL_VALM:90,PORTS:50,PORTM:90,PORTL:180,DL:100,RKL:15
33148;Muro, vehnälese paahdettu, kellogg's all-bran plus;Breakfast cereal, wheat bran cereal, kellogg's all-bran plus;327.7;14.2;48.2;3.4;PORTS:25,PORTM:30,PORTL:35,DL:13
33149;Liha, friteerattu, keskiarvo;Meat, deep-fried, average;290.4;17.0;13.6;18.6;KPL_M:20,PORTS:100,PORTM:125,PORTL:150
33150;Jogurtti, maustettu, lohkeava, rasvaa 4,6 %, laktoositon;Yoghurt, flavoured, 4,6% fat, lactose-free;99.3;3.2;11.0;4.6;KPL_VALM:150,PORTS:100,PORTM:150,PORTL:200,DL:100,RKL:15,TL:5
33151;Merisuola, jodioimaton;Seasalt, without iodine;0.0;0.0;0.0;0.0;PORTS:1,PORTM:2,PORTL:3,DL:125,RKL:20,TL:6.5
33152;Muro, riisimuro, sokerihuurrettu, kellogg's frost rice krispies, vitaminoitu;Breakfast cereal, kellogg´s frost rice krispies, sugar-coated, vitamins;378.4;4.7;86.4;0.8;PORTS:25,PORTM:30,PORTL:35,DL:15,RKL:3
33154;Kala, tuoresuolattu;Fish, fillet, salt-cured;100.4;17.5;1.4;2.7;KPL_M:15,PORTS:30,PORTM:60,PORTL:90
33155;Muro, riisi-vehnähiutale, suklaa-mansikka, kellogg's special k, choco-strawberry;Breakfast cereal, rice-wheat flakes, kellogg´s special k strawberry & chocolate;371.4;10.9;71.9;3.3;PORTS:25,PORTM:30,PORTL:35,DL:13
33158;Välipalapatukka, suklaa-muropatukka, kellogg´s special k chocolate, täydennetty;Cereal bar with chocolate, kellogg´s special k bar chocolate, fortified;391.2;8.3;72.6;6.7;KPL_M:30,PORTS:30,PORTM:60,PORTL:120
33159;Välipalapatukka, muropatukka, kellogg´s rice krispies cereal & milk, täydennetty;Cereal bar with rice, kellogg´s rice krispies cereal & milk bar, fortified;433.7;8.4;70.2;12.9;KPL_M:30,PORTS:30,PORTM:60,PORTL:120
33160;Kaurajuoma, elovena välipalajuoma aurinkoinen, 2,9 % rasvaa;Oat drink without milk, snack drink, elovena, 2.9% fat;83.3;1.0;12.4;2.8;KPL_VALM:250,PORTS:200,PORTM:250,PORTL:300,DL:100,RKL:15,TL:5
33161;Kaurajuoma, elovena välipalajuoma metsämarja, 0,5 % rasvaa;Oat drink without milk, snack drink with berries, elovena, 0.5% fat;58.2;1.2;10.0;0.5;KPL_VALM:250,PORTS:200,PORTM:250,PORTL:300,DL:100,RKL:15,TL:5
33162;Jogurtti, maustamaton, rasvaa 2,5 %;Yoghurt, plain, 2.5% fat;54.4;3.0;4.8;2.5;PORTS:150,PORTM:200,PORTL:250,DL:100,RKL:15,TL:5
33163;Kaurajuoma, elovena välipalajuoma hedelmäinen, 0,5 % rasvaa;Oat drink without milk, snack drink, elovena, fruit, 0.5% fat;63.4;1.0;12.0;0.4;KPL_VALM:200,PORTS:150,PORTM:200,PORTL:300,DL:100,RKL:15,TL:5
33164;Maito, täysmaito, vl, ei lisätty d-vitamiinia;Milk, 3.5% fat, low-lactose, without added vitamin d;63.3;3.0;4.8;3.5;PORTS:150,PORTM:200,PORTL:400,DL:100,RKL:15,TL:5
33167;Kiisseli, mehukeitto, karviais-boysenmarjakeitto+kuitu, sokeriton, valio;Berry kissel, valio gooseberry-boysenberry, fibre, no added sugar;9.5;0.2;1.4;0.0;PORTS:100,PORTM:150,PORTL:200,DL:100,RKL:15,TL:5
33168;Juusto, polar 10 % rasvaa, valio;Cheese, semi-hard cheese, 10% fat, valio polar;204.1;29.1;0.0;10.1;KPL_S:4,KPL_M:8,KPL_L:12,PORTS:4,PORTM:8,PORTL:15
33169;Kaurajuoma, nalle vaniljakaurajuoma, lisätty kalsiumia ja d-vitamiinia;Oat drink without milk, nalle vanilla, calcium, vitamin d;45.2;0.8;8.3;0.8;PORTS:150,PORTM:200,PORTL:400,DL:100,RKL:15,TL:5
33170;Pangasius, haimonni, filee, tuontikala;Pangasius, fillet;63.3;13.1;0.0;1.1;PORTS:100,PORTM:160,PORTL:215
33171;Hoki, hokikala, tuontikala;Hake, hoki, raw;72.0;16.6;0.0;0.5;PORTS:100,PORTM:160,PORTL:215
33173;Perunasose, kevytmaito, laktoositon;Mashed potatoes, low-fat milk, lactose-free;83.8;2.1;12.6;2.4;PORTS:125,PORTM:200,PORTL:300,DL:85,RKL:12
33174;Jauheliha, sika-nauta, kevyt, vähärasvainen, rasvaa 10 %;Pork and beef steak mince, 10% fat;153.5;18.8;0.0;8.7;PORTS:80,PORTM:140,PORTL:230
33175;Jauheliha, kevyt, sika-nauta, paistettu;Pork beef mince, 10% fat, fried;202.8;23.6;0.0;12.1;PORTS:60,PORTM:100,PORTL:170,DL:75
33176;Perunasose, kevytmaito, vl;Mashed potatoes, low-fat milk, low-lactose;85.1;2.1;13.0;2.4;PORTS:125,PORTM:200,PORTL:300,DL:85,RKL:12
33178;Rasvaseos 60 %;Blended spread 60%;538.7;0.5;0.5;60.0;PORTS:3,PORTM:6,PORTL:10,DL:95,RKL:14,TL:4.5
33179;Rahka, maitorahka, maustamaton, rasvaa 0,3 %, laktoositon;Quark, 0.3% fat, lactose-free;64.2;9.8;4.2;0.4;PORTS:125,PORTM:200,PORTL:250,DL:100,RKL:15,TL:5
33181;Kalapuikko, kuitupitoiset kalapuikot, findus, uunissa;Fish fingers, high in fibre, findus, oven-baked;197.5;12.8;15.2;9.2;KPL_S:25,KPL_VALM:25,PORTS:70,PORTM:125,PORTL:175
33182;Juurekset, uunissa, uunijuurekset;Root vegetables, baked;43.9;1.1;7.0;0.3;PORTS:100,PORTM:150,PORTL:200
33183;Perunasose, vesi, ruoanvalmistusrasva;Mashed potatoes, water, cooking fat;76.2;1.5;12.1;2.1;PORTS:125,PORTM:200,PORTL:300,DL:85,RKL:12
33185;Tomaatti-mozzarellapasta, atria, valmisateria;Pasta with tomato sauce and mozzarella, atria, ready meal;108.5;4.2;17.5;1.8;KPL_VALM:300,PORTS:240,PORTM:300,PORTL:390
33189;Rahka, maustettu, rasvaa 7 %, makea, laktoositon;Quark, flavoured, 7% fat, sweet, lactose-free;161.2;7.1;16.4;7.1;KPL_VALM:200,PORTS:125,PORTM:200,PORTL:250,DL:100,RKL:15
33190;(arc)rahka, maustettu, rasvaa 8,5 %, vl, valkosuklaa-lime, valio;(arc)quark, flavoured, 8.5% fat, low-lactose, white chocolate-lime, valio;173.3;7.2;15.5;8.8;KPL_VALM:200,PORTS:125,PORTM:200,PORTL:250,DL:100,RKL:15
33194;Lihapullat ja muusi, atria, valmisateria;Meatballs with mashed potato, atria, ready meal;130.6;5.0;10.3;7.4;KPL_VALM:300,PORTS:240,PORTM:300,PORTL:390
33197;(arc) jogurtti, maustettu, rasvaton, vl, d-vit 0,5 ug, os. keinotek. makeutettu;(arc)yoghurt, flavoured, fat-free, low-lactose, vit. d, artificially sweetened;41.0;3.5;6.1;0.1;PORTS:150,PORTM:200,PORTL:250,DL:100,RKL:15,TL:5
33198;Jogurtti, maustettu, rasvaton, keinotekoisesti makeutettu;Yoghurt, flavoured, fat-free, artificially sweetened;41.8;3.5;6.3;0.1;PORTS:150,PORTM:200,PORTL:250,DL:100,RKL:15,TL:5
33200;Viili, maustettu, rasvaa 1 %, laktoositon;Curd milk, flavoured, 1% fat, lactose-free;79.9;3.2;14.1;1.0;PORTS:150,PORTM:200,PORTL:250,DL:100,RKL:15,TL:5
33201;Viili, maustamaton, rasvaa 1 %, laktoositon;Curd milk, plain, 1% fat, lactose-free;40.6;3.1;4.6;1.0;PORTS:150,PORTM:200,PORTL:250,DL:100,RKL:15,TL:5
33203;Kaalikääryle, atria;Stuffed cabbage rolls, minced meat, atria;122.9;3.6;16.6;4.2;KPL_VALM:87.5,PORTS:87.5,PORTM:175,PORTL:350
33204;Kaali, valkokaali, keitetty, suolaton;Cabbage, boiled without salt;36.1;1.4;5.7;0.1;PORTS:40,PORTM:80,PORTL:200,DL:50,RKL:10
33205;Ohukainen, atria;Thin pancake, atria;213.2;6.3;37.1;4.7;KPL_S:18,KPL_M:40,KPL_L:70,PORTS:75,PORTM:110,PORTL:300
33207;Tomaattisalsa, teollinen;Tomato salsa, industrial;37.2;1.2;6.5;0.3;PORTS:15,PORTM:45,PORTL:100,DL:100,RKL:15
33208;Kylmä kastike, avokadokastike, guacamole, teollinen;Avocado sauce, guacamole, industrial;89.3;1.5;6.8;5.9;PORTS:30,PORTM:50,PORTL:80
33211;Tilapia, tuontikala;Tilapia, imported fish;96.6;20.1;0.0;1.7;PORTS:100,PORTM:160,PORTL:215
33212;Sekaleipä, junttakakko, junttasämpylät, ullan pakari;Multigrain bread, junttakakko, junttasämpylät, ullan pakari;239.9;8.6;45.6;1.6;KPL_S:30,KPL_M:50,KPL_L:70,PORTS:20,PORTM:30,PORTL:40
33214;Sekaleipä, ohraleipä, ohraska, ullan pakari;Multigrain bread, barley bread, ohraska, ullan pakari;234.3;8.2;44.7;1.4;KPL_M:20,PORTS:20,PORTM:30,PORTL:40
33215;Sekaleipä, kauraleipä, kaurajuntta, ullan pakari;Multigrain bread, oat bread, kaurajuntta, ullan pakari;230.8;8.9;45.7;2.1;KPL_M:30,KPL_VALM:30,PORTS:20,PORTM:30,PORTL:40
33216;Sekaleipä, aurinkosämpylät, ullan pakari;Multigrain bread, aurinkosämpylät, ullan pakari;243.4;9.8;40.7;3.6;KPL_M:30,KPL_VALM:30,PORTS:20,PORTM:30,PORTL:40
33217;Ruisleipä, ruiskakko, ruissämpylät, ullan pakari;Rye bread, ruiskakko, ullan pakari;215.0;8.3;39.1;1.4;KPL_M:25,PORTS:20,PORTM:35,PORTL:50
33219;Sekaleipä, 3-viljan leipä, pirjon pakari;Multigrain bread, 3-grain bread, pirjon pakari;263.6;8.5;48.5;2.3;KPL_M:30,KPL_VALM:30,PORTS:20,PORTM:30,PORTL:40
33220;Ruisleipä, perunainen, ruisiisakki, pirjon pakari;Rye bread, wholegrain rye, potato, ruisiisakki, pirjon pakari;253.4;7.8;47.6;1.4;KPL_M:30,PORTS:20,PORTM:35,PORTL:50
33221;Jogurtti, maustettu, rasvaa 1 %, laktoositon;Yoghurt, flavoured, 1% fat, lactose-free;76.8;4.3;12.3;0.9;PORTS:150,PORTM:200,PORTL:250,DL:100,RKL:15,TL:5
33222;Jauhelihapihvi, pannupihvi, horeca, findus;Minced meat beefburger, horeca, findus;236.0;14.0;6.5;16.9;KPL_VALM:100,PORTS:60,PORTM:120,PORTL:180
33225;Jauhelihapihvi, lindströminpihvi, horeca, findus;Lindström's steak, minced meat patty with beetroot, horeca, findus;217.8;12.0;5.8;16.2;KPL_VALM:55,PORTS:60,PORTM:120,PORTL:180
33226;(arc)jogurtti, maustettu, rasvaton, vl, a-, e- ja d-vitamiineja, kuitua;(arc)yoghurt, flavoured, fat-free, fibre and vitamins, low-lactose;61.2;4.1;9.9;0.1;PORTS:150,PORTM:200,PORTL:250,DL:100,RKL:15,TL:5
33245;(arc)jogurtti, maustamaton, luonto+, rasvaton, vl, d-vit 1 ug, kuitua, prob.;(arc)yoghurt, plain, fat-free, low-lactose, with fibre and 1 ug vitamin d;38.3;4.1;4.2;0.1;PORTS:150,PORTM:200,PORTL:250,DL:100,RKL:15,TL:5
33251;Tilapia, uunissa;Tilapia, oven-baked;129.7;26.1;0.0;2.6;PORTS:100,PORTM:160,PORTL:215
33263;Ruissipsi;Rye bread snack;323.0;9.9;59.4;2.0;KPL_M:4,PORTS:20,PORTM:50,PORTL:100
33264;(arc) viili, kerrosviili, rasvaa 1 %, laktoositon, osittain keinotekoisesti mak.;(arc)curd milk, flavoured, 1% fat, lactose-free, partially artificial. sweetened;50.8;2.7;7.2;1.1;PORTS:150,PORTM:180,PORTL:200,DL:100,RKL:15,TL:5
33265;Pähkinä, cashewpähkinä, suklaakuorrutus;Nut, cashew nut coated with chocolate;559.2;15.8;31.8;40.7;KPL_M:3,PORTS:20,PORTM:50,PORTL:100
33266;Pähkinä, cashewpähkinä, jogurttikuorrutus;Nut, cashew nut coated with yoghurt;565.2;17.9;28.2;42.3;KPL_M:3,PORTS:20,PORTM:50,PORTL:100
33267;Banaanilastu, kuivattu banaani, jogurttikuorrutus;Banana chips coated with yoghurt;531.7;7.9;50.9;32.7;KPL_M:3,PORTS:20,PORTM:50,PORTL:100
33268;Ananas, kuivattu, jogurttikuorrutus;Dried pineapple coated with yoghurt;417.9;8.3;55.3;17.0;KPL_M:3,PORTS:20,PORTM:50,PORTL:100
33269;Omenalastu;Apple chips;323.5;1.0;68.0;0.8;PORTS:10,PORTM:30,PORTL:60,DL:25
33271;Pasta carbonara, hk via, valmisateria;Pasta carbonara, hk via, ready meal;176.4;6.0;18.9;8.2;KPL_VALM:320,PORTS:260,PORTM:320,PORTL:420
33272;Välipalapatukka, suklaa-muropatukka, kellogg´s coco pops rocks, täydennetty;Cereal bar with chocolate, kellogg's coco pops rocks, fortified;433.0;8.7;69.3;12.8;KPL_M:30,PORTS:30,PORTM:60,PORTL:120
33273;Pizza, kanapizza, atria;Pizza, chicken pizza, atria;236.3;12.4;27.1;8.2;KPL_VALM:200,PORTS:100,PORTM:200,PORTL:400
33274;Pizza, kolmen juuston pizza, atria;Pizza, three-cheese pizza, atria;217.6;8.8;27.1;8.2;KPL_VALM:200,PORTS:100,PORTM:200,PORTL:400
33276;(arc) broilerfileet ja kermassa haudutetut kasvikset, kokkikartano, valmisateria;(arc)chicken and creamy vegetables casserole, snellman, ready meal;167.7;11.1;3.9;11.6;KPL_VALM:350,PORTS:280,PORTM:350,PORTL:460
33278;Kalakeitto, täyteläinen lohikeitto, kokkikartano snellman, valmisateria;Salmon soup, industrial, snellman, ready meal;99.0;3.6;4.7;7.1;KPL_VALM:300,PORTS:200,PORTM:300,PORTL:400,DL:100,RKL:15,TL:5
33279;Tomaattikeitto, tomaatti-vuohenjuustokeitto, kokkikartano snellman, valmisateria;Tomato soup with goat cheese, snellman, ready meal;66.3;2.7;4.0;4.0;KPL_VALM:300,PORTS:200,PORTM:300,PORTL:400,DL:100
33280;Jogurtti, maustettu, rasvaa 2 %, laktoositon, d-vit 1 ug;Yoghurt, flavoured, 2% fat, lactose-free, 1 ug vitamin d;72.8;3.5;9.7;2.0;PORTS:150,PORTM:200,PORTL:250,DL:100,RKL:15,TL:5
33281;Wieninleike ja muusi, kokkikartano snellman, valmisateria;Pork schnitzel with mashed potatoes, kokkikartano snellman, ready meal;159.3;7.2;11.0;9.5;KPL_VALM:530,PORTS:350,PORTM:400,PORTL:450
33282;Paprika, keitetty, suolaton;Sweet pepper, boiled without salt;33.7;1.1;5.0;0.5;PORTS:40,PORTM:60,PORTL:100,DL:50
33284;Jogurtti, maustamaton, rasvaton, laktoositon, d-vit 1 ug;Yoghurt, plain, fat-free, lactose-free, 1 ug vitamin d;40.2;4.5;5.0;0.1;PORTS:150,PORTM:200,PORTL:250,DL:100,RKL:15,TL:5
33295;Jogurtti, maustamaton, a+, rasvaton, vl, d-vit 1 ug;Yoghurt, plain, a+, fatfree, 1 ug vitamin d, low-lactose;39.0;4.3;4.9;0.1;PORTS:150,PORTM:200,PORTL:250,DL:100,RKL:15,TL:5
33298;Jogurtti, marjamysli, a+, rasvaa 3,5 %, laktoositon, d-vit 0,9 ug;Yoghurt with muesli, a+, fat 3.5%, lactose-free;95.4;4.7;10.5;3.6;KPL_VALM:200,PORTS:150,PORTM:200,PORTL:250,DL:100,RKL:15,TL:5
33304;Urheilujuomatiiviste, hiilihydraattijuoma, dexal heavy, laimennettu;Sport beverage, carbohydrate drink, dexal heavy, diluted;56.9;0.0;14.0;0.0;PORTS:170,PORTM:300,PORTL:500,DL:100,RKL:15,TL:5
33305;Urheilujuomatiiviste, hiilihydraattijuoma, dexal light, laimennettu;Sport beverage, carbohydrate drink, dexal light, diluted;12.2;0.0;3.0;0.0;PORTS:170,PORTM:300,PORTL:500,DL:100,RKL:15,TL:5
33307;Punainen currybroileri jasmiiniriisillä, kitchen joy thai-cube, valmisateria;Red curry chicken with jasmine rice, kitchen joy, ready meal;132.4;5.6;21.7;2.2;KPL_VALM:350,PORTS:280,PORTM:350,PORTL:460,DL:100
33308;Hoki, hokikala, uunissa;Hake, oven-baked;84.7;19.6;0.0;0.6;PORTS:100,PORTM:160,PORTL:215
33309;Pangasius, haimonni, filee, uunissa;Pangasius, fillet, oven-baked;74.5;15.4;0.0;1.3;PORTS:100,PORTM:160,PORTL:215
33310;Pangasius, haimonni, filee, paistettu;Pangasius, fillet, fried;114.8;14.4;0.0;6.4;PORTS:100,PORTM:160,PORTL:215
33311;Hoki, hokikala, paistettu;Hake, fried;124.3;18.2;0.0;5.7;PORTS:100,PORTM:160,PORTL:215
33312;Tilapia, paistettu;Tilapia, fried;151.3;22.0;0.0;7.0;PORTS:100,PORTM:160,PORTL:215
33313;Panang currybroileri jasmiiniriisillä, kitchen joy thai-cube, valmisateria;Panang curry chicken with jasmine rice, kitchen joy, ready meal;127.1;6.6;17.1;3.4;KPL_VALM:350,PORTS:280,PORTM:350,PORTL:460,DL:100
33315;Hapanimeläbroileri jasmiiniriisillä, kitchen joy thai-cube, valmisateria;Sweet & sour chicken with jasmine rice, kitchen joy, ready meal;141.9;5.7;24.1;1.9;KPL_VALM:350,PORTS:280,PORTM:350,PORTL:460,DL:100
33316;Pangasius, leivitetty, paistettu;Pangasius, breaded, fried;157.4;13.7;8.2;7.7;PORTS:100,PORTM:160,PORTL:215
33317;Urheilujuomatiiviste, hiilihydraattijuoma, dexal light;Sport beverage, carbohydrate drink, dexal light, concentrate;239.1;0.0;58.9;0.0;PORTS:10,PORTM:17,PORTL:28,DL:100,RKL:15,TL:5
33318;Kala-riisilaatikko, vaalea tuontikala, ruokakerma;Fish and rice casserole, cooking cream;137.6;8.2;4.1;9.7;PORTS:200,PORTM:300,PORTL:400
33319;Tuontikala, vaalea, pangasius/tilapia/hoki, keskiarvo;White fish, pangasius/hake/tilapia, average;77.3;16.6;0.0;1.1;PORTS:100,PORTM:160,PORTL:215
33320;Tuontikala, vaalea, pangasius/tilapia/hoki, keskiarvo, keitetty, ei suolaa;White fish, pangasius/hake/tilapia, average, boiled without salt;87.9;18.9;0.0;1.3;PORTS:100,PORTM:160,PORTL:215
33321;Kala-kasviskeitto, vaalea tuontikala, vesi;Fish vegetable soup, imported white fish;55.8;5.8;0.9;3.1;PORTS:200,PORTM:350,PORTL:400,DL:100,RKL:15,TL:5
33323;Urheilujuomatiiviste, hiilihydraattijuoma, dexal heavy;Sport beverage, carbohydrate drink, dexal heavy, concentrate;167.8;0.0;41.3;0.0;PORTS:30,PORTM:60,PORTL:100,DL:100,RKL:15,TL:5
33324;Tikka masala broileria jasmiiniriisillä, kitchen joy thai-cube, valmisateria;Chicken tikka masala with jasmine rice, kitchen joy, ready meal;116.9;6.3;15.3;3.1;KPL_VALM:350,PORTS:280,PORTM:350,PORTL:460,DL:100
33329;Punaista kasviscurrya jasmiiniriisillä, kitchen joy thai-cube, valmisateria;Red curry vegetables with jasmine rice, kitchen joy, ready meal;110.2;2.1;17.2;3.3;KPL_VALM:350,PORTS:280,PORTM:350,PORTL:460,DL:100
33332;Kala-juurespata, vaalea tuontikala;Fish root vegetable stew, imported white fish;57.8;5.6;5.7;1.0;PORTS:200,PORTM:300,PORTL:400,DL:100,RKL:15
33333;Teriyaki-kanaa riisillä chilikastikkeessa, kitchen joy thai-cube, valmisateria;Sweet chili chicken teriyaki with jasmine rice, kitchen joy, ready meal;144.4;6.2;21.4;3.5;KPL_VALM:350,PORTS:280,PORTM:350,PORTL:460,DL:100
33334;Urheilujuoma, proteiinijuoma, pro fx zero carb;Sport beverage, protein drink, pro fx zero carb;23.9;6.0;0.0;0.0;PORTS:170,PORTM:300,PORTL:500,DL:100,RKL:15,TL:5
33337;Tuontikala, vaalea, pangasius/tilapia/hoki, keskiarvo, uunissa, ei suolaa;White fish, pangasius/hake/tilapia, average, oven-baked, without salt;91.0;19.6;0.0;1.3;PORTS:100,PORTM:160,PORTL:215
33338;Urheilujuoma, hiilihydraattijuoma, leader carbo energy;Sport beverage, carbohydrate drink, leader carbo energy;40.0;0.0;10.0;0.0;PORTS:170,PORTM:300,PORTL:500,DL:100,RKL:15,TL:5
33339;Broilerifilee, hunajamarinadi, raaka;Chicken fillet in honey marinade;122.2;15.7;1.8;5.7;KPL_M:150,PORTS:150,PORTM:200,PORTL:250
33342;Rahka, maustettu, rasvaa 4,5 %, valio rahkavaahto, laktoositon;Quark, flavoured, 4.5% fat, valio rahkavaahto, lactose-free;140.7;5.3;18.4;4.8;KPL_VALM:100,PORTS:50,PORTM:100,PORTL:200,DL:100,RKL:15
33343;Urheilujuoma, proteiinijuoma, leader protein 40;Sport beverage, protein drink, leader protein 40;32.0;8.0;0.0;0.0;PORTS:170,PORTM:300,PORTL:500,DL:100,RKL:15,TL:5
33344;(arc)rahka, maustettu, rasvaa 2,9 %, välipalarahka, valio, vl;(arc)quark, flavoured, 2.9% fat, valio välipalarahka, low-lactose;117.2;6.7;15.0;2.9;PORTS:125,PORTM:150,PORTL:250,DL:100,RKL:15
33345;Pulla, laskiaispulla, hillo ja mantelimassa;Bun, shrove bun, whipped cream, jam and almond paste;309.9;7.4;46.5;9.8;KPL_M:80,PORTS:50,PORTM:100,PORTL:150
33346;Pulla, keskirasvainen, kevytmaito;Bun, low-fat milk;309.6;8.1;49.4;8.2;KPL_S:35,KPL_M:50,KPL_L:75,PORTS:35,PORTM:55,PORTL:105
33353;Makkaraperunat, kaikilla mausteilla, grilliruoka;Sausage and french fries with all seasonings;271.0;5.2;19.2;18.5;PORTS:200,PORTM:350,PORTL:450,DL:55
33355;Makkaraperunat, ilman mausteita, grilliruoka;Sausage and french fries;327.3;6.6;22.3;22.5;PORTS:150,PORTM:250,PORTL:350,DL:55
33356;(arc)jogurtti, maustettu, activia, rasvaa 3 %, vl, probiootteja;(arc)yoghurt, flavoured, activia, 3% fat, low-lactose, probiotics;93.0;4.0;12.1;3.1;KPL_VALM:125,PORTS:100,PORTM:125,PORTL:250,DL:100,RKL:15,TL:5
33357;Kahvi, murukahvi, pikakahvi, valmistamaton;Instant coffee, powder;72.3;12.2;4.5;0.5;PORTS:5,PORTM:10,PORTL:20
33360;Urheilujuoma, proteiini-hiilihydraattijuoma, pro fx recovery;Sport beverage, carbohydrate-protein drink, pro fx recovery;55.7;6.0;7.7;0.0;PORTS:170,PORTM:300,PORTL:500,DL:100,RKL:15,TL:5
33363;Broilerifilee, marinoitu, paistettu öljyssä;Chicken fillet, marinated, fried in oil;234.0;18.6;2.2;16.9;PORTS:120,PORTM:160,PORTL:200
33364;Broilerifilee, marinoitu, uunissa;Chicken fillet, marinated, oven-baked;156.7;20.1;2.4;7.3;PORTS:120,PORTM:160,PORTL:200
33365;Broilerifileesuikale, marinoitu, paistettu;Chicken fillet strips, marinated, fried;224.4;18.6;2.2;15.8;PORTS:120,PORTM:160,PORTL:200,DL:60
33367;Urheilujuoma, proteiini-hiilihydraattijuoma, leader recovery;Sport beverage, carbohydrate-protein drink, leader recovery;61.8;8.0;7.2;0.0;PORTS:170,PORTM:300,PORTL:500,DL:100,RKL:15,TL:5
33368;Kebab ranskalaisilla, grilliruoka;Kebab with fries;268.6;7.3;21.7;16.7;PORTS:200,PORTM:350,PORTL:450
33370;Kebabliha, lihapitoisuus 75 %;Kebab meat, 75% meat;230.9;18.7;1.6;16.5;PORTS:100,PORTM:120,PORTL:150
33371;Kebab riisillä, grilliruoka;Kebab with rice;149.7;6.1;12.1;8.4;PORTS:200,PORTM:350,PORTL:450
33372;Urheilujuoma, proteiini-hiilihydraattijuoma, tuotekeskiarvo;Sport beverage, carbohydrate-protein drink, average of products;58.7;7.0;7.5;0.0;PORTS:170,PORTM:300,PORTL:500,DL:100,RKL:15,TL:5
33374;Kebab iskender, grilliruoka;Kebab iskender;179.1;9.1;16.7;8.0;PORTS:200,PORTM:350,PORTL:450
33375;Urheilujuoma, hiilihydraattijuoma, tuotekeskiarvo;Sport beverage, carbohydrate drink, average of products;27.8;0.0;6.9;0.0;PORTS:170,PORTM:300,PORTL:500,DL:100,RKL:15,TL:5
33376;Urheilujuoma, proteiinijuoma, tuotekeskiarvo;Sport beverage, protein drink, average of products;28.0;7.0;0.0;0.0;PORTS:170,PORTM:300,PORTL:500,DL:100,RKL:15,TL:5
33377;Nakkisämpylä, hot dog, kaikilla mausteilla, grilliruoka;Hotdog with all seasonings, grill;196.5;7.5;22.1;8.3;PORTS:100,PORTM:170,PORTL:250
33378;Nakkisämpylä, hot dog, ilman mausteita, grilliruoka;Hotdog, without seasonings, grill;244.8;10.0;25.4;11.2;PORTS:60,PORTM:120,PORTL:180
33380;Porilainen, kaikilla mausteilla, grilliruoka;Hamburger with sausage, with all seasonings, grill;227.9;6.7;19.6;14.1;PORTS:150,PORTM:220,PORTL:300
33382;Lohi, lämminsavustettu;Salmon, warm smoked;250.2;21.5;0.0;18.4;KPL_S:10,KPL_M:15,KPL_L:20,PORTS:75,PORTM:100,PORTL:150
33383;Lihapiirakka, nakkilihapiirakka kaikilla mausteilla, grilliruoka;Deep-fried meat pasty with sausage and condiments;232.2;8.1;20.7;12.1;KPL_S:90,KPL_M:120,KPL_L:150,PORTS:130,PORTM:190,PORTL:350
33384;Porilainen, ilman mausteita, grilliruoka;Hamburger with sausage, without seasonings, grill;273.3;9.2;24.7;16.2;PORTS:100,PORTM:150,PORTL:200
33385;Lihapiirakka, nakkilihapiirakka ilman mausteita, grilliruoka;Deep-fried meat pasty with sausage;274.3;10.0;22.1;15.2;KPL_S:90,KPL_M:120,KPL_L:150,PORTS:100,PORTM:145,PORTL:300
33386;Misokeitto, miso shiru, sisältää tofua;Miso soup with tofu;28.1;2.0;2.1;1.1;PORTS:200,PORTM:350,PORTL:400,DL:100,RKL:15,TL:5
33387;Sushi, lohi, ilman levää, nigiri;Sushi nigiri with salmon, without seaweed;149.8;8.6;15.4;5.6;KPL_M:35,PORTS:50,PORTM:100,PORTL:200
33389;Sushi, ravun pyrstö, ilman levää, nigiri;Sushi nigiri with crayfish tail, without seaweed;103.3;8.4;15.4;0.5;KPL_M:35,PORTS:50,PORTM:100,PORTL:200
33390;Munakas, tamago, japanilainen munakas;Omelette, japanese tamago;192.7;9.7;12.2;11.7;PORTS:30,PORTM:60,PORTL:100,DL:90
33391;Sushi, munakas, tamago, nigiri;Sushi nigiri with omelette, tamago;149.5;5.1;20.3;4.9;KPL_M:35,PORTS:50,PORTM:100,PORTL:200
33392;Sushi, levärulla, tonnikala, maki;Sushi maki with tuna and seaweed;126.0;9.2;16.9;1.8;KPL_M:27,PORTS:50,PORTM:100,PORTL:200
33394;Sushi, levärulla, kurkku, maki;Sushi maki with cucumber and seaweed;84.1;1.8;17.4;0.2;KPL_M:27,PORTS:50,PORTM:100,PORTL:200
33395;Perunasosejauhe, valmistamaton, rainbow;Mashed potato powder, rainbow;350.3;8.0;66.0;3.4;PORTS:20,PORTM:35,PORTL:60,DL:75,RKL:11
33396;Perunasosejauhe, valmistamaton, pirkka/felix;Mashed potato powder, pirkka/felix;359.6;8.2;66.3;4.2;PORTS:20,PORTM:35,PORTL:60,DL:75,RKL:11
33397;Perunasosejauhe, valmistamaton, eldorado;Mashed potato powder, eldorado;346.5;7.5;67.7;2.3;PORTS:20,PORTM:35,PORTL:60,DL:75,RKL:11
33398;Perunasose, vesi, perunasosejauheesta, eldorado;Mashed potatoes, mashed potato powder, water, eldorado;58.9;1.3;11.5;0.4;PORTS:125,PORTM:200,PORTL:300,DL:85,RKL:12
33399;Perunasose, vesi, perunasosejauheesta, rainbow;Mashed potatoes, mashed potato powder, water, rainbow;59.6;1.4;11.2;0.6;PORTS:125,PORTM:200,PORTL:300,DL:85,RKL:12
33400;Perunasose, vesi, perunasosejauheesta, pirkka/felix;Mashed potatoes, mashed potato powder, water, pirkka/felix;61.1;1.4;11.3;0.7;PORTS:125,PORTM:200,PORTL:300,DL:85,RKL:12
33402;Mannapuuro, vispipuuro, puolukka, pirkka/saarioinen;Semolina lingonberry porridge, whipped, pirkka/saarioinen;88.7;1.3;19.5;0.2;PORTS:150,PORTM:200,PORTL:300,DL:95,RKL:13
33403;Ateriankorvike, proteiinipatukka, 54 % proteiinia, maxim;Meal replacement, protein bar, 54 % protein;418.3;55.9;8.4;17.1;KPL_S:30,KPL_M:60,KPL_L:80,KPL_VALM:80,PORTS:40,PORTM:80,PORTL:120
33404;Rahka, maustettu, danio, rasvaa 3 %;Quark, flavoured, 3% fat, danio;112.1;5.9;14.0;3.1;KPL_VALM:180,PORTS:125,PORTM:180,PORTL:250,DL:100,RKL:15
33405;Rahka, maustettu, danio stracciatella, rasvaa 4,4 %;Quark, flavoured, 4.4% fat, danio stracciatella;133.9;6.0;16.1;4.5;KPL_VALM:180,PORTS:125,PORTM:180,PORTL:250,DL:100,RKL:15
33406;Perunalaatikko, jauheliha-pekonikiusaus, hk, valmisateria;Minced meat, bacon and potato casserole, hk, ready meal;95.3;3.9;10.3;3.9;KPL_VALM:300,PORTS:250,PORTM:300,PORTL:350
33408;Siika, lämminsavustettu;Powan, warm smoked;132.8;21.8;0.0;5.0;KPL_M:500,PORTS:75,PORTM:100,PORTL:150
33409;Kirjolohifilee, kylmäsavustettu;Rainbow trout fillet, cold smoked;189.9;20.4;0.0;12.1;KPL_S:10,KPL_M:15,KPL_L:20,PORTS:30,PORTM:60,PORTL:90
33410;Jogurtti, maustettu, rasvaa 2 %;Yoghurt, flavoured, 2% fat;86.1;3.6;13.0;2.0;PORTS:150,PORTM:200,PORTL:250,DL:100,RKL:15,TL:5
33414;Kirjolohifilee, lämminsavustettu;Rainbow trout, fillet, hot smoked;148.2;21.9;0.0;6.7;KPL_S:10,KPL_M:15,KPL_L:20,PORTS:75,PORTM:100,PORTL:150
33415;Kala, lämminsavustettu, keskiarvo;Fish, warm smoked, average;177.1;21.8;0.0;10.0;PORTS:75,PORTM:100,PORTL:150
33419;Kirjolohifilee;Rainbow trout, fillet;152.6;16.8;0.0;9.6;KPL_S:400,KPL_M:500,KPL_L:600,PORTS:100,PORTM:160,PORTL:215
33420;Lohifilee, kylmäsavustettu;Salmon fillet, cold smoked;180.9;21.5;0.0;10.6;KPL_S:10,KPL_M:15,KPL_L:20,PORTS:30,PORTM:60,PORTL:90
33421;Sekaleipä, vähähiilihydraattinen, teollinen, tuotekeskiarvo;Multigrain bread, low-carb, average of industrial products;271.8;17.4;13.1;14.8;PORTS:20,PORTM:30,PORTL:40
33424;Makrilli, savustettu;Mackerel, smoked;298.8;18.9;0.0;25.1;PORTS:75,PORTM:100,PORTL:150
33428;Kahvi, kahvijuoma, murukahvi, pikakahvi, keitetty;Coffee, instant, drink;0.9;0.1;0.1;0.0;KPL_S:70,KPL_M:170,KPL_L:270,PORTS:110,PORTM:170,PORTL:220,DL:100,RKL:15,TL:5
33432;Makeinen, vohvelia ja suklaata, suffeli, fazer;Suffeli chocolate bar, waffle, toffee filling and milk chocolate;507.9;5.6;59.9;27.0;KPL_VALM:21,PORTS:10,PORTM:21,PORTL:42
33433;Basilika, kuivattu;Basil, dried;239.9;23.0;10.1;3.8;PORTS:1,PORTM:2,PORTL:3,RKL:1.5,TL:0.5
33434;Vanukas, mannavanukas;Pudding, semolina pudding;138.7;5.3;18.2;4.5;PORTS:100,PORTM:150,PORTL:200,DL:100,RKL:15,TL:5
33436;Ruusunmarja, kuivattu, ruusunmarjajauhe;Rose hip, dried, rose hip powder;280.4;8.2;16.2;6.3;PORTS:5,PORTM:15,PORTL:30
33438;Kahvi, caffe latte, makeuttamaton, rasvaton maito;Cafe latte, unsweetened, fat-free milk;24.6;2.2;3.5;0.1;PORTS:250,PORTM:300,PORTL:400,DL:100,RKL:15,TL:5
33439;Kahvi, caffe latte, makeuttamaton, kevytmaito;Cafe latte, unsweetened, low-fat milk;32.7;2.2;3.4;1.1;PORTS:250,PORTM:300,PORTL:400,DL:100,RKL:15,TL:5
33440;Maito, kevytmaito, keitetty;Milk, 1.5% fat, boiled;47.5;3.1;5.0;1.6;PORTS:150,PORTM:200,PORTL:400,DL:100,RKL:15,TL:5
33441;Kahvi, cappuccino, makeuttamaton, kevytmaito;Cappuccino, unsweetened, low-fat milk;32.4;2.2;3.4;1.1;PORTS:150,PORTM:180,PORTL:220,DL:100,RKL:15,TL:5
33442;Kahvi, caffe latte, makeuttamaton, soijajuoma;Cafe latte, unsweetened, soy drink;30.9;2.3;2.2;1.1;PORTS:250,PORTM:300,PORTL:400,DL:100,RKL:15,TL:5
33447;Makeinen, vaahtokarkki, vaahtokaramelli;Marshmallow;375.8;4.8;86.6;0.5;KPL_S:2,KPL_M:3,KPL_L:7.5,PORTS:30,PORTM:80,PORTL:140,DL:45
33448;Kaurapuuro, kevytmaito, suolaton;Oat porridge, oat flakes, low-fat milk, without salt;100.7;4.9;13.6;2.5;PORTS:150,PORTM:230,PORTL:320,DL:100,RKL:15,TL:5
33449;Juusto, tuotekeskiarvo;Cheese, average;277.1;23.4;0.2;20.0;KPL_S:4,KPL_M:8,KPL_L:12,PORTS:4,PORTM:8,PORTL:15
33452;(arc) soijavälipala, hapatettu, maustamaton, rasvaa 2,3 %;(arc)soy product, soured, plain, 2.3% fat;49.9;4.0;2.8;2.3;PORTS:150,PORTM:200,PORTL:250,DL:100,RKL:15,TL:5
33454;Maitokastike, juustokastike, kevytmaito, rasva-jauhosuurus, ruoanvalmistusrasva;White sauce with cheese, low-fat milk, thickened with flour and butter;160.2;6.9;9.3;10.5;PORTS:50,PORTM:100,PORTL:150,DL:100,RKL:15,TL:15
33455;Ruskea kastike, vesi-jauhosuurus, ei rasvaa;Brown gravy, no added fat;26.9;0.8;5.4;0.1;PORTS:50,PORTM:100,PORTL:150,DL:100,RKL:15
33456;Pinaatti;Spinach;18.1;2.1;0.2;0.6;KPL_M:2,PORTS:20,PORTM:50,PORTL:100,DL:50
33457;Pizza, kinkkupizza;Pizza, ham pizza;194.9;12.2;18.0;7.8;KPL_S:200,KPL_M:320,KPL_L:585,PORTS:75,PORTM:175,PORTL:350
33458;Poro-rieskarulla;Flatbread roll with reindeer;153.6;10.0;13.7;6.0;KPL_S:15,KPL_M:20,KPL_L:30,PORTS:15,PORTM:50,PORTL:100
33459;Hernekeitto, naudanpaistijauheliha;Peasoup with beef steak mince;79.8;7.9;5.3;2.1;PORTS:200,PORTM:350,PORTL:400,DL:100,RKL:15
33460;Täytetty leipä, patonki, kinkku, subway;Sandwich, baguette, ham, subway;173.0;9.6;24.7;3.5;KPL_M:205,PORTS:150,PORTM:205,PORTL:410
33461;Kaalikeitto, porkkanaa, keskirasvainen nauta;Cabbage soup with beef and carrot;47.7;4.3;2.5;1.9;PORTS:200,PORTM:350,PORTL:400,DL:100,RKL:15,TL:5
33462;Täytetty leipä, patonki, tonnikala, subway;Sandwich, baguette, tuna, subway;211.8;10.2;26.4;6.8;KPL_M:233,PORTS:170,PORTM:233,PORTL:466
33464;Kaalipata, soijarouhe;Cabbage stew with rice and soya mince;53.3;4.9;6.2;0.3;PORTS:250,PORTM:300,PORTL:350,DL:100,RKL:15
33465;Juusto, halloumijuusto, vuohenmaito, rasvaa 22 %;Cheese, halloumi cheese, 22% fat;284.8;19.5;2.5;22.1;PORTS:20,PORTM:40,PORTL:60,DL:60
33466;Maito, keskiarvo, d-vitamiinia 1 ug;Milk, average, 1 ug added vitamin d;47.6;3.0;4.8;1.7;PORTS:150,PORTM:200,PORTL:400,DL:100,RKL:15,TL:5
33469;Smoothie, marja/hedelmä-jogurttijuoma, jogurtti ja maito;Smoothie, fruit/berry, yoghurt and milk;59.7;2.3;9.0;1.0;PORTS:100,PORTM:200,PORTL:300,DL:100,RKL:15,TL:5
33471;Pulla, keskirasvainen, luontaisesti gluteeniton, kotitekoinen, kevytmaito;Bun, naturally gluten-free, home-made, low-fat milk;295.1;4.5;49.0;7.8;KPL_S:35,KPL_M:50,KPL_L:75,PORTS:35,PORTM:55,PORTL:105
33472;Smoothie, marja/hedelmäjuoma;Smoothie, fruit/berry;59.1;0.8;11.6;0.3;PORTS:100,PORTM:200,PORTL:300,DL:100,RKL:15,TL:5
33473;Pulla, keskirasvainen, gluteeniton, kotitekoinen, kevytmaito, vehnätärkkelys;Bun, gluten-free, home-made, low-fat milk, contains wheat starch;320.7;4.5;58.2;7.4;KPL_S:35,KPL_M:50,KPL_L:75,PORTS:35,PORTM:55,PORTL:105
33474;Pulla, keskirasvainen, gluteeniton, kotitekoinen, vesi, vehnätärkkelys;Bun, gluten-free, home-made, water, contains wheat starch;320.2;1.1;62.4;7.0;KPL_S:35,KPL_M:50,KPL_L:75,PORTS:35,PORTM:55,PORTL:105
33477;Wokatut kasvikset, sipuli, paprika, kesäkurpitsa, porkkana, tomaatti, tuoreet;Vegetables, fresh, fried, onion, sweet pepper, zucchini, tomato, carrot;86.6;1.0;4.5;6.8;PORTS:50,PORTM:100,PORTL:150
33478;Turska, uunissa;Cod, oven-baked;89.3;20.1;0.0;0.9;PORTS:100,PORTM:160,PORTL:215
33479;Porokeitto;Reindeer soup;64.2;10.2;0.7;2.1;PORTS:200,PORTM:350,PORTL:400,DL:100,RKL:15
33482;Tapas, marinoidut herkkusienet, oliiviöljy;Tapas, marinated champignon, olive oil;173.1;1.8;0.5;18.2;KPL_S:5,KPL_M:15,PORTS:30,PORTM:60,PORTL:90,DL:30
33485;Tapas, tuorejuustotäytteinen jalapeno, oliiviöljy;Tapas, cream cheese-filled jalapeno pepper, olive oil;227.0;1.3;2.2;23.5;KPL_M:30,PORTS:30,PORTM:60,PORTL:90
33486;(arc) margariini 60%, keiju deli voimakas, d-vit 20 ug;(arc)margarine 60%, keiju deli voimakas, 20 ug vitamin d;528.4;0.5;0.7;60.0;PORTS:3,PORTM:6,PORTL:10,DL:95,RKL:14,TL:4.5
33487;Kasvirasvalevite 70 %, keiju laktoositon, catering, d-vit 20 ug;Vegetable fat spread 70%, keiju lactose free, catering, 20 ug vitamin d;619.0;0.0;0.0;70.0;PORTS:3,PORTM:6,PORTL:10,DL:95,RKL:14,TL:4.5
33488;Margariini 40 %, keiju kevyt laktoositon, catering, d-vit 20 ug;Margarine 40%, keiju light, lactose-free, catering, 20 ug vitamin d;353.7;0.0;0.0;40.0;PORTS:3,PORTM:6,PORTL:10,DL:95,RKL:14,TL:4.5
33489;Margariini 60 %, keiju normaalisuolainen, catering, d-vit 20 ug;Margarine 60%, keiju normally salted, catering, 20 ug vitamin d;533.8;0.3;0.5;60.0;PORTS:3,PORTM:6,PORTL:10,DL:95,RKL:14,TL:4.5
33491;Savuporokeitto;Smoked reindeer soup;50.3;2.5;2.5;3.2;PORTS:200,PORTM:350,PORTL:400
33492;Lihapata, lapinpaisti, poro, sika, juurekset;Reindeer stew with pork and root vegetables;119.0;14.9;1.7;5.7;PORTS:150,PORTM:200,PORTL:250
33493;Jauhelihakastike, tomaattinen, poro, suurustamaton, ranskankermaa;Bolognese, reindeer mince, crème fraiche;111.9;8.5;3.4;6.6;PORTS:100,PORTM:180,PORTL:250,DL:100,RKL:15,TL:5
33494;Paprika, punainen, säilyke;Sweet pepper, red, canned;20.0;0.8;2.7;0.3;KPL_S:5,KPL_M:10,KPL_L:15,PORTS:30,PORTM:60,PORTL:90
33495;Poro-juustopiirakka, muropohja;Reindeer and cheese pie, shortcrust pastry;298.5;9.4;16.2;21.6;KPL_S:80,KPL_M:115,KPL_L:150,PORTS:80,PORTM:120,PORTL:160
33496;Kasvirasvalevite 70 %, becel gold, d-vit 20 ug;Vegetable fat spread 70%, becel gold, 20 ug vitamin d;623.1;0.5;0.5;70.0;PORTS:3,PORTM:6,PORTL:10,DL:95,RKL:14,TL:4.5
33498;Broilerinleike, leivitetty, juustotäyte, paistettu;Chicken schnitzel, breaded, cheese filling, fried;235.3;23.1;11.0;10.8;PORTS:150,PORTM:175,PORTL:195
33499;Soijarouhe, vaalea tai tumma;Soya mince, white or dark;334.6;49.2;20.9;2.4;PORTS:20,PORTM:50,PORTL:100,DL:35,RKL:5,TL:1.5
33501;Tofu, pehmeä, soijavalmiste;Tofu, soft, soya product;82.1;8.1;1.6;4.8;PORTS:100,PORTM:150,PORTL:300,DL:100,RKL:14,TL:4
33502;Nakki, soijanakki;Vegan frankfurter, tofu sausage;229.8;16.4;1.7;16.0;KPL_M:64,PORTS:60,PORTM:150,PORTL:210
33519;Makeutusaine, stevia, canderel green -jauhe;Sweetener, stevia, canderel green powder;382.0;0.0;94.0;0.0;PORTS:0.25,PORTM:0.5,PORTL:1,TL:0.5
33520;Makeutusaine, stevia, canderel green -puriste;Sweetener, stevia, canderel green tablet;317.1;0.1;77.8;0.1;KPL_VALM:0.09,PORTS:0.09,PORTM:0.18,PORTL:0.27
33521;Makeutusaine, stevia, canderel green -stick;Sweetener, stevia, canderel green stick;366.2;0.0;90.1;0.0;KPL_VALM:2,PORTS:1,PORTM:2,PORTL:3
33525;Rasvajauhe, elintarviketeollisuuden raaka-aine;Fat powder, for food industry;729.0;0.0;26.9;70.0;PORTS:5,PORTM:15,PORTL:30
33531;(arc)pulla, mustikka-vadelmapitko, pullava, oululainen, fazer;(arc)bun, jam and quark filling, pullava, oululainen, fazer;284.6;5.9;51.0;5.6;KPL_VALM:70,PORTS:35,PORTM:70,PORTL:105
33534;Nakki, kevyt kalkkunanakki, keitetty;Frankfurter, turkey, light, boiled;117.3;14.9;1.4;5.7;PORTS:60,PORTM:150,PORTL:210
33535;Riisipuuro, uunissa, maito, puuroriisi, suolaa;Rice porridge, milk, salt, oven-baked;93.6;3.8;14.6;2.0;PORTS:150,PORTM:230,PORTL:320,DL:100,RKL:15,TL:5
33536;Porokeitto, peruna, porkkana;Reindeer soup, potato and carrot;49.4;5.8;3.5;1.2;PORTS:200,PORTM:350,PORTL:400,DL:100,RKL:15
33537;Hirvenlihakeitto, peruna, porkkana;Meat soup, elk, potato, carrot;45.6;5.7;3.5;0.8;PORTS:200,PORTM:350,PORTL:400,DL:100,RKL:15
33540;Broilerinuggetti, kananpojan paneroidut nuggetit, hk/kariniemi;Chicken nuggets, breaded, hk/kariniemi;272.3;15.7;14.0;17.0;KPL_M:20,PORTS:90,PORTM:135,PORTL:200
33542;Suklaa, tumma, 80 %;Chocolate, plain, dark chocolate, 80%;556.0;7.8;35.0;40.9;KPL_S:100,KPL_M:170,KPL_L:300,PORTS:20,PORTM:40,PORTL:80
33549;Kananmunajauhe, elintarviketeollisuuden raaka-aine;Egg powder, for food industry;536.7;50.4;1.2;37.0;PORTS:10,PORTM:18,PORTL:55
33550;Valkuaisjauhe, elintarviketeollisuuden raaka-aine;Egg white powder, for food industry;381.2;89.9;3.3;0.2;PORTS:3.3,PORTM:6.7,PORTL:10
33551;Keltuaisjauhe, elintarviketeollisuuden raaka-aine;Egg yolk powder, for food industry;688.4;33.9;0.4;62.1;PORTS:10,PORTM:20,PORTL:30
33553;Maustekastike, hapanimelä, dippikastike;Sweet and sour sauce;251.7;0.1;61.0;0.0;KPL_VALM:50,PORTS:10,PORTM:20,PORTL:50,DL:100,RKL:15,TL:5
33554;Juusto, polar täyteläinen, 28 % rasvaa, valio;Cheese, polar täyteläinen, 28% fat;378.6;27.9;0.0;30.0;KPL_S:4,KPL_M:8,KPL_L:12,PORTS:4,PORTM:8,PORTL:15
33555;Juusto, polar 5 % rasvaa, valio;Cheese, semi-hard cheese, 5% fat, valio polar;182.5;34.0;0.0;5.0;KPL_S:4,KPL_M:8,KPL_L:12,PORTS:4,PORTM:8,PORTL:15
33556;Juusto, polar 15 % rasvaa, valio;Cheese, semi-hard cheese, 15% fat, valio polar;259.5;30.0;0.0;15.0;KPL_S:4,KPL_M:8,KPL_L:12,PORTS:4,PORTM:8,PORTL:15
33558;Keksi, suolakeksi, pirkka/rainbow;Salted cracker, saltine cracker, industrial, pirkka/rainbow;434.4;9.2;56.1;18.5;KPL_M:3.5,PORTS:5,PORTM:13,PORTL:25
33559;Mansikkahillo, teollinen, sokeria 46 %;Strawberry jam, 46% sugar, industrial;192.2;0.2;46.1;0.1;PORTS:17,PORTM:40,PORTL:65,DL:115,RKL:17,TL:5.5
33561;Porsaannuggetti, rypsiporsasnuggetti, hk;Pork nuggets, deep-fried, rapeseed pork, hk;331.1;16.3;16.5;22.2;KPL_M:20,PORTS:90,PORTM:135,PORTL:200
33562;Kasvispyörykkä, hälsans kök, sisältää gluteenia;Vegetable ball, hälsans kök, contains gluten;171.6;18.7;10.7;5.8;PORTS:100,PORTM:150,PORTL:225
33564;Lohifilee, uunissa;Salmon fillet, oven-baked;227.1;21.7;0.0;15.7;PORTS:100,PORTM:160,PORTL:215
33565;Pakastekasvissekoitus, porkkana-papu-parsakaali-kukkakaali;Frozen vegetable mix, carrot-bean-broccoli-cauliflower;31.9;2.1;3.6;0.3;PORTS:50,PORTM:80,PORTL:110,DL:60
33566;Salaatti, punajuurisalaatti, felix punajuuri tuoresalaatti;Salad, beetroot salad, fresh, felix;177.8;1.6;15.1;12.0;PORTS:50,PORTM:75,PORTL:100,DL:90
33568;Pähkinä-hedelmä-sekoitus;Nut and fruit mix, salted nuts, dried fruits;488.2;14.0;23.5;35.5;PORTS:20,PORTM:50,PORTL:100,DL:65,RKL:13
33569;Pähkinäsekoitus, suolaton;Nut mix, without salt;634.6;16.5;7.6;58.8;PORTS:20,PORTM:50,PORTL:100,DL:65,RKL:10
33579;Pähkinäsekoitus, suolattu;Nut mix, salted;624.2;16.8;8.6;57.0;PORTS:20,PORTM:50,PORTL:100,DL:65,RKL:10
33583;Latva-artisokka, keitetty;Artichoke, boiled;35.6;3.9;1.5;0.2;KPL_M:300,PORTS:150,PORTM:300,PORTL:450
33584;Piimä, ab-piimä, rasvaa 2 %, probiootteja;Sour milk, acidophilus bifidus, 2% fat, probiotics;50.2;3.0;4.8;2.0;PORTS:150,PORTM:200,PORTL:400,DL:100,RKL:15,TL:5
33585;Maissipuuro, polenta, maito, suolaa;Maize porridge, polenta, milk, salt;86.1;4.0;12.9;1.7;PORTS:150,PORTM:230,PORTL:320,DL:100,RKL:15,TL:5
33586;Jäätelö, snickers;Ice cream, snickers;362.9;5.5;35.3;21.9;KPL_M:48,KPL_VALM:48,PORTS:30,PORTM:48,PORTL:96
33587;Kala, painotettu keskiarvo;Fish, weighted average;145.3;18.9;0.0;7.7;PORTS:100,PORTM:160,PORTL:215
33588;Munakas, kasvismunakas;Omelette, vegetable omelette;124.0;9.0;1.1;9.2;PORTS:100,PORTM:200,PORTL:300
33589;Kala, painotettu keskiarvo, keitetty, suolaton;Fish, weighted average, boiled;163.5;21.3;0.0;8.7;PORTS:100,PORTM:160,PORTL:215,DL:65
33590;Kala, painotettu keskiarvo, paistettu;Fish, weighted average, fried;196.6;20.9;0.0;12.6;PORTS:100,PORTM:160,PORTL:215
33592;Täytetty leipä, panini, kana, mr panini;Sandwich, panini, chicken, mr panini;296.9;11.1;27.9;15.0;KPL_VALM:235,PORTS:170,PORTM:250,PORTL:320
33594;Välipalajuoma, mehukatti hedelmävälipala, keskiarvo;Fruit drink, mehukatti fruit snack, average;53.1;0.5;10.8;0.2;KPL_VALM:90,PORTS:45,PORTM:90,PORTL:180
33596;Kaurajuoma, maustamaton, tuotekeskiarvo;Oat drink without milk, average of industrial products;45.2;1.2;7.2;1.1;PORTS:150,PORTM:200,PORTL:400,DL:100,RKL:15,TL:5
33597;Soijajuoma, maustamaton, tuotekeskiarvo;Soya drink, plain, average of industrial products;39.4;3.1;2.0;1.8;PORTS:150,PORTM:200,PORTL:400,DL:100,RKL:15
33598;Keksi, teollinen, tuotekeskiarvo;Biscuit, average of industrial products;444.5;6.2;66.0;16.7;KPL_M:13,PORTS:15,PORTM:30,PORTL:75
33599;Pinaattikeitto, teollinen, tuotekeskiarvo;Spinach soup, average of industrial products;80.7;2.9;7.0;4.5;PORTS:200,PORTM:350,PORTL:400,DL:100,RKL:15
33600;Riisijuoma, maustamaton, tuotekeskiarvo;Rice drink, average of industrial products;51.0;0.6;9.2;1.2;PORTS:150,PORTM:200,PORTL:400,DL:100,RKL:15
33601;Perunasosejauhe, valmistamaton, tuotekeskiarvo;Mashed potato powder, average of industrial products;354.0;8.0;66.6;3.5;PORTS:20,PORTM:35,PORTL:60,DL:75,RKL:11
33602;Perunasose, vesi, perunasosejauheesta, tuotekeskiarvo;Mashed potatoes, mashed potato powder, water, average of industrial products;60.2;1.4;11.3;0.6;PORTS:125,PORTM:200,PORTL:300,DL:85,RKL:12
33603;Salaatti, italiansalaatti, majoneesikastike, teollinen, tuotekeskiarvo;Salad, italian salad with mayonnaise, average of industrial products;152.4;3.0;8.5;11.7;PORTS:20,PORTM:80,PORTL:170,DL:110,RKL:20
33604;Salaatti, perunasalaatti, majoneesikastike, teollinen, tuotekeskiarvo;Salad, potato salad with mayonaise, average of industrial products;184.5;1.7;11.9;14.2;PORTS:20,PORTM:80,PORTL:170,DL:90,RKL:15
33605;Karjalanpiirakka, teollinen, tuotekeskiarvo;Karelian pasty, rice filling, average of industrial products;221.4;4.5;32.0;7.6;KPL_S:35,KPL_M:60,KPL_L:90,PORTS:40,PORTM:80,PORTL:130
33606;Täytetty leipä, panini, kinkku-salami, mr panini;Sandwich, panini, ham and salami, mr panini;356.6;11.0;27.6;21.9;KPL_VALM:235,PORTS:170,PORTM:250,PORTL:320
33608;Täytetty leipä, panini, mozzarella, mr panini;Sandwich, panini, mozzarella, mr panini;276.2;9.1;32.0;11.6;KPL_VALM:235,PORTS:170,PORTM:250,PORTL:320
33609;Jauhelihapihvi, teollinen, tuotekeskiarvo;Minced meat hamburger patty, average of industrial products;213.7;14.8;8.9;13.1;PORTS:60,PORTM:120,PORTL:180
33612;Lihapulla, teollinen, tuotekeskiarvo;Meatball, average of industrial products;216.9;14.3;9.8;13.3;KPL_M:15,PORTS:90,PORTM:120,PORTL:150
33613;Keksi, digestive välipalakeksi/kaura/suklaadigestive, teollinen, tuotekeskiarvo;Digestive biscuit, average of industrial products;469.8;6.8;61.5;21.1;KPL_M:15,PORTS:15,PORTM:30,PORTL:75
33615;Broileripyörykkä, teollinen, tuotekeskiarvo;Chicken meatball, average of industrial products;215.0;14.0;11.5;12.4;PORTS:90,PORTM:120,PORTL:150
33616;Muro, suklaamuro, teollinen, tuotekeskiarvo;Breakfast cereal, chocolate cereal, average of industrial products;390.6;7.5;75.6;4.9;PORTS:25,PORTM:30,PORTL:35,DL:13
33617;Lasagne, teollinen, valmisateria, tuotekeskiarvo;Lasagne, ready meal, average of industrial products;126.4;6.5;10.3;6.0;PORTS:250,PORTM:300,PORTL:350
33619;Maksalaatikko, teollinen, tuotekeskiarvo;Liver casserole, rice, average of industrial products;144.1;4.9;18.5;5.4;PORTS:250,PORTM:300,PORTL:350
33622;Makaronilaatikko, liha-makaronilaatikko, teollinen, tuotekeskiarvo;Macaroni and meat casserole, ready meal, average of industrial products;143.0;7.7;16.0;5.1;PORTS:250,PORTM:300,PORTL:350
33624;Perunalaatikko, liha-perunasoselaatikko, teollinen, tuotekeskiarvo;Minced meat and mashed potato casserole, average of industrial products;122.5;5.0;11.2;6.2;PORTS:200,PORTM:300,PORTL:400
33626;Vanukas, maitovanukas, teollinen, tuotekeskiarvo;Pudding, milk pudding, average of industrial products;105.4;3.4;16.5;2.7;PORTS:100,PORTM:120,PORTL:240,RKL:15,TL:5
33629;Rahka, jälkiruoka/välipala, teollinen, tuotekeskiarvo;Quark, dessert quark, average of industrial products;109.0;7.6;12.1;2.9;PORTS:125,PORTM:180,PORTL:250,DL:100,RKL:15
33630;Mysli, muromysli, tuotekeskiarvo;Muesli, crunchy, average of industrial products;428.7;7.9;62.6;14.6;PORTS:12,PORTM:25,PORTL:40,DL:50,RKL:7.5,TL:2.5
33631;Jauho, jauhoseos, gluteeniton, tuotekeskiarvo;Flour mixture, gluten-free, average of industrial products;364.0;4.0;82.9;0.6;PORTS:15,PORTM:25,PORTL:35
33632;Pasta, gluteeniton, tuotekeskiarvo;Pasta, gluten-free, average of industrial products;349.3;7.2;72.4;2.0;PORTS:55,PORTM:70,PORTL:80,DL:55
33637;Keksi, gluteeniton, tuotekeskiarvo;Biscuit, gluten-free, average of industrial products;433.7;3.3;66.8;16.6;PORTS:5,PORTM:13,PORTL:20
33638;Kastikejauhe, kastikeainekset, teollinen, tuotekeskiarvo;Sauce mix, average of industrial products;455.6;7.9;49.3;25.7;PORTS:5,PORTM:15,PORTL:30
33640;Kastike, kastikejauheesta, veteen, tuotekeskiarvo;Sauce, water and sauce powder, average of industrial products;84.1;0.9;5.8;6.5;PORTS:50,PORTM:100,PORTL:150,DL:100,RKL:15
33659;Muro, maissista, teollinen, tuotekeskiarvo;Breakfast cereal, corn flakes, average of industrial products;387.6;5.5;85.1;1.9;PORTS:25,PORTM:30,PORTL:35,DL:13
33660;Sekaleipä, aamiaisleipä, monivilja, viipaloitu, perheleipurit;Multigrain bread, aamiaisleipä, sliced, perheleipurit;236.5;9.8;37.6;4.3;PORTS:20,PORTM:30,PORTL:40
33661;(arc)ruisleipä, aamiaisleipä, ruisleipä, viipaloitu, perheleipurit;(arc)rye bread, sliced, aamiaisleipä, perheleipurit;242.5;11.2;41.1;1.8;KPL_VALM:28,PORTS:20,PORTM:35,PORTL:50
33663;Sekaleipä, jälkiuunikauraleipä, vaasan;Multigrain bread, oat bread, jälkiuunikauraleipä, vaasan;289.5;10.3;50.6;3.0;KPL_M:30,PORTS:20,PORTM:30,PORTL:40
33664;Sekaleipä, arkiviipaleet, viipaloitu, vaasan;Multigrain bread, sliced, arkiviipaleet, vaasan;260.8;10.2;44.9;3.0;KPL_M:25,KPL_VALM:30,PORTS:20,PORTM:30,PORTL:40
33665;Ruisleipä, jyvälimppu, viipaloitu täysjyväruisleipä, vaasan;Rye bread, sliced, wholegrain rye, jyvälimppu, vaasan;247.0;9.6;36.8;4.6;KPL_M:30,PORTS:20,PORTM:30,PORTL:40
33666;Sekaleipä, minihiilari, halkaistu auringonkukka-pellavasämpylä, vaasan;Multigrain bread, low-carb, sunflower seed, linseed, halved, minihiilari, vaasan;317.8;20.5;10.4;18.7;PORTS:20,PORTM:30,PORTL:40
33668;Karjalanpiirakka, isoäidin rukiinen pikkupiirakka, vaasan;Karelian pasty, rice filling, small, isoäidin rukiinen, vaasan;189.4;5.0;28.8;5.4;KPL_S:35,KPL_M:60,KPL_L:90,KPL_VALM:35,PORTS:40,PORTM:80,PORTL:130
33669;Karjalanpiirakka, isoäidin rukiinen karjalanpiirakka, vaasan;Karelian pasty, rice filling, isoäidin rukiinen, vaasan;176.1;3.9;27.1;5.3;KPL_S:35,KPL_M:60,KPL_L:90,KPL_VALM:65,PORTS:40,PORTM:80,PORTL:130
33670;Sekaleipä, minihiilari, viipaloitu pellava-auringonkukansiemenleipä, vaasan;Multigrain bread, low-carb, sunflower seed, linseed, sliced, minihiilari, vaasan;264.8;15.7;15.3;12.9;PORTS:20,PORTM:30,PORTL:40
33671;Profeel proteiinijuoma, valio, d-vitamiinia 1 ug;Profeel protein drink, valio, 1 ug vitamin d;74.8;8.1;8.0;1.0;KPL_VALM:250,PORTS:170,PORTM:250,PORTL:400,DL:100,RKL:15,TL:5
33673;(arc)sekaleipä, oululainen vaalea reissumies, 100 % täysjyvä, fazer;(arc)multigrain bread, 100% wholegrain, oululainen vaalea reissumies, fazer;279.9;11.2;46.0;3.8;KPL_M:30,KPL_VALM:35,PORTS:20,PORTM:30,PORTL:40
33674;Sekaleipä, oululainen pikkurieska, perunarieska, fazer;Multigrain bread, potato flatbread, oululainen pikkurieska, fazer;199.1;5.9;38.8;1.3;KPL_M:25,KPL_VALM:25,PORTS:20,PORTM:30,PORTL:40
33675;Piimä, kevytpiimä, 1% rasvaa, vl, d-vit 1ug;Sour milk, 1% fat, low-lactose, 1 ug vitamin d;42.7;3.4;4.8;1.0;PORTS:150,PORTM:200,PORTL:400,DL:100,RKL:15,TL:5
33677;Sekaleipä, alku jyväpala, fazer;Multigrain bread, mixed seeds, alku jyväpala, fazer;294.7;12.3;32.5;10.7;KPL_M:45,KPL_VALM:40,PORTS:20,PORTM:30,PORTL:40
33678;Piimä, ab-piimä, rasvaa 2 %, d-vit 1 ug, probiootteja;Sour milk, acidophilus bifidus, 2% fat, 1 ug vitamin d, probiotics;50.2;3.0;4.8;2.0;PORTS:150,PORTM:200,PORTL:400,DL:100,RKL:15,TL:5
33679;Piimä, ab-piimä, rasvaa 1,5 %, d-vit 1 ug, probiootteja;Sour milk, acidophilus bifidus, 1.5% fat, 1 ug vitamin d, probiotics;45.6;3.0;4.8;1.5;PORTS:150,PORTM:200,PORTL:400,DL:100,RKL:15,TL:5
33680;(arc)paahtoleipä, paahto juusto, fazer, vehnäjauho, vehnäkuitu;(arc)toast, cheese toast, fazer;271.8;11.2;42.3;5.4;KPL_M:20,KPL_VALM:30,PORTS:20,PORTM:30,PORTL:40
33681;(arc)piimä, aktiivipiimä, rasvaa 0,4 %, vl, d-vit 1 ug, probiootteja;(arc)sour milk, 0.4% fat, low-lactose, 1 ug vitamin d, probiotics, aktiivi;36.4;3.0;4.9;0.4;PORTS:150,PORTM:200,PORTL:400,DL:100,RKL:15,TL:5
33682;Piimä, kevytpiimä, 2 % rasvaa, vl, d-vit 1 ug;Sour milk, 2% fat, low-lactose, 1 ug vitamin d;49.8;3.0;4.8;2.0;PORTS:150,PORTM:200,PORTL:400,DL:100,RKL:15,TL:5
33683;Piimä, kevytpiimä, 2 % rasvaa;Sour milk, 2% fat;50.0;3.0;4.8;2.0;PORTS:150,PORTM:200,PORTL:400,DL:100,RKL:15,TL:5
33685;Piimä, asidofilus-bifidus, rasvaa 1,5 %, vl, probiootteja;Sour milk, acidophilus bifidus, 1.5% fat, low-lactose, probiotics;45.6;3.0;4.8;1.5;PORTS:150,PORTM:200,PORTL:400,DL:100,RKL:15,TL:5
33689;(arc)jogurtti, juotava, gefilus kidius, 1,7%, d-vit 1,5ug, prob., 05/12 alkaen;(arc)yoghurt, drinkable, kidius gefilus, low-lactose 1.7% fat, vit d, probiotics;74.7;2.4;10.7;1.9;KPL_VALM:100,PORTS:50,PORTM:100,PORTL:200,DL:100,RKL:15,TL:5
33690;Jogurtti, maustettu, jugupala, rasvaa 2,6 %, vl, -30% sokeria;Yoghurt, flavoured, 2.6% fat, low-lactose, 30% less sugar;89.4;2.7;12.1;2.6;KPL_VALM:120,PORTS:100,PORTM:120,PORTL:240,DL:100,RKL:15,TL:5
33692;(arc)jogurtti, maustettu, juotava, vitalinea protein, rasvaton;(arc)yoghurt, drinkable, flavoured, fat-free, vitalinea;49.5;6.1;5.6;0.1;KPL_VALM:330,PORTS:150,PORTM:200,PORTL:330,DL:100,RKL:15,TL:5
33694;Paahtoleipä, paahto viisi viljaa, fazer;Toast, multigrain toast, fazer viisi viljaa;270.0;9.1;44.2;4.9;KPL_M:45,KPL_VALM:25,PORTS:20,PORTM:30,PORTL:40
33695;Jogurtti, maustettu, ab, rasvaa 2,7 %, vl, probiootteja;Yoghurt, flavoured, 2.7% fat, ab, low-lactose, probiotics;85.0;2.7;12.0;2.7;PORTS:150,PORTM:200,PORTL:250,DL:100,RKL:15,TL:5
33696;Jogurtti, ab-kerrosluonnonjogurtti, rasvaa 3,3 %, probiootteja;Yoghurt, flavoured, ab, 3.3% fat, contains probiotics;94.1;2.6;13.1;3.3;PORTS:100,PORTM:150,PORTL:200,DL:100,RKL:15,TL:5
33697;Jogurtti, maustamaton, ab, rasvaa 2,5 %, probiootteja;Yoghurt, plain, ab, 2.5% fat, probiotics;54.6;3.0;4.8;2.5;PORTS:150,PORTM:200,PORTL:250,DL:100,RKL:15,TL:5
33698;Jogurtti, maustamaton, ab, rasvaton, probiootteja;Yoghurt, plain, ab, 0.2% fat, probiotics;40.9;4.7;4.8;0.2;PORTS:150,PORTM:200,PORTL:250,DL:100,RKL:15,TL:5
33699;Sekaleipä, ruisvehnäsämpylä, fazer;Multigrain bread, bread roll, rye and wheat flour, ruisvehnäsämpylä, fazer;281.4;10.1;49.5;3.2;KPL_M:20,KPL_VALM:37.5,PORTS:20,PORTM:30,PORTL:40
33700;Jogurtti, maustettu, ab, rasvaton, probiootteja;Yoghurt, flavoured, ab, 0.2% fat, probiotics;43.1;3.5;6.6;0.1;PORTS:150,PORTM:200,PORTL:250,DL:100,RKL:15,TL:5
33703;Jogurtti, juotava, jogurttijuoma, rasvaa 0,9%, probiootteja;Yoghurt, drinkable, 0.9% fat, probiotics;72.5;3.2;12.1;0.9;KPL_M:100,KPL_VALM:100,PORTS:50,PORTM:100,PORTL:200,DL:100,RKL:15,TL:5
33704;Paahtoleipä, juustopaahto, linkosuo;Toast, cheese toast, linkosuo;260.0;9.1;42.7;5.0;KPL_M:30,PORTS:20,PORTM:30,PORTL:40
33708;Sekaleipä, muheva, leivon leipomo, perheleipurit;Multigrain bread, muheva, leivon leipomo, perheleipurit;258.8;9.4;47.6;2.3;PORTS:20,PORTM:30,PORTL:40
33710;(arc)välipalajuoma, tehojuoma,gefilus,rasvaton, laktoosit, d-vit, prob, alk05/12;(arc)gefilus drink, effect drink, fat-free, lactose-free, vitamin d, probiotics;61.4;3.0;11.0;0.4;KPL_M:100,KPL_VALM:100,PORTS:50,PORTM:100,PORTL:200,DL:100,RKL:15,TL:5
33711;Karjalanpiirakka, vuoksen riisipiirakka, fazer;Karelian pasty, rice filling, vuoksen, fazer;221.3;3.9;33.8;7.1;KPL_S:35,KPL_M:60,KPL_L:90,KPL_VALM:37,PORTS:40,PORTM:80,PORTL:130
33714;Jogurtti, maustettu, a+, rasvaa 3,2 %, laktoositon, d-vit 1 ug;Yoghurt, flavoured, 3.2% fat, lactose-free, a+, 1 ug vitamin d;85.1;3.1;10.6;3.2;PORTS:150,PORTM:200,PORTL:250,DL:100,RKL:15,TL:5
33715;Muro, vehnähiutale, kellogg's all-bran apple & fig, vitaminoitu;Breakfast cereal, wheat flakes, kellogg's all-bran apple & fig, vitamins;362.3;10.0;67.0;2.4;PORTS:25,PORTM:30,PORTL:35,DL:13
33718;Muro, riisi-vehnähiutale, kellogg's all-bran crunchy bites;Breakfast cereal, rice-wheat flakes, kellogg's all-bran crunchy bites;388.4;8.0;57.9;10.8;PORTS:25,PORTM:30,PORTL:35,DL:13
33720;Muro, vehnärengasmuro, honey monster sugar puffs, raisio, vitaminoitu;Breakfast cereal, wheat loops, honey monster sugar puffs, raisio, vitamins;386.9;5.3;85.8;1.1;PORTS:25,PORTM:30,PORTL:35
33721;Muro, vehnärengasmuro, honey monster choco puffs, raisio, vitaminoitu;Breakfast cereal, wheat loops, honey monster choco puffs, raisio, vitamins;375.8;3.4;79.0;3.6;PORTS:25,PORTM:30,PORTL:35
33723;Muro, kaakaonmakuinen moniviljamuro, kellogg's coco pops rocks;Breakfast cereal, multigrain chocolate cereal, kellogg's coco pops rocks;414.7;6.4;75.4;8.7;PORTS:25,PORTM:30,PORTL:35,DL:15
33724;Muro, kaakaonmakuinen vehnämuro, kellogg's coco pops crunchers;Breakfast cereal, chocolate wheat cereal, kellogg's coco pop crunchers;387.9;8.1;80.0;2.4;PORTS:25,PORTM:30,PORTL:35,DL:15
33725;Jogurtti, maustettu, reducol, rasvaa 2 %, vl, kasvisteroli ja -stanoli, prob.;Yoghurt, flavoured, reducol, 2% fat, low-lactose, plant sterols, probiotics;82.4;2.7;12.9;2.0;PORTS:150,PORTM:200,PORTL:250,DL:100,RKL:15,TL:5
33726;Kasvirasvalevite 70 %, teollinen tuotekeskiarvo;Vegetable fat spread 70%, average of industrial products;620.4;0.2;0.2;70.0;PORTS:3,PORTM:6,PORTL:10,DL:95,RKL:14,TL:4.5
33727;Jogurtti, maustamaton, reducol, rasvaa 2,5%, vl, kasvisteroli ja -stanoli, prob.;Yoghurt, plain, pirkka reducol, 2.5% fat, low-lactose;54.6;3.0;4.8;2.5;KPL_VALM:150,PORTS:100,PORTM:150,PORTL:200,DL:100,RKL:15,TL:5
33728;Viili, maustamaton, rasvaa 1,5 %, laktoositon;Curd milk, plain, 1.5% fat, lactose-free;39.8;3.3;3.1;1.5;PORTS:150,PORTM:200,PORTL:250,DL:100,RKL:15,TL:5
33729;(arc)piimä, aktiivipiimä vanilja, rasvaa 0,4 %, vl, d-vit 0,9 ug, probiootteja;(arc)sour milk, 0.4% fat, low-lactose, 0.9 ug vit d, probiotics, aktiivi vanilla;42.7;3.0;6.5;0.4;PORTS:150,PORTM:200,PORTL:400,DL:100,RKL:15,TL:5
33730;(arc) mysli, elovena plus hedelmämysli;(arc)muesli with dried fruit, elovena plus;385.5;8.0;64.0;8.6;PORTS:12,PORTM:25,PORTL:40,DL:40,RKL:6,TL:3
33732;Mysli, elovena plus marjamysli;Muesli with dried berries, elovena plus;357.9;9.0;57.7;7.7;PORTS:12,PORTM:25,PORTL:40,DL:40,RKL:6,TL:3
33733;Mysli, kellogg's extra classic;Muesli, kellogg's extra classic;462.7;8.2;56.1;21.5;PORTS:12,PORTM:25,PORTL:40,DL:45,RKL:7,TL:3
33735;Mysli, kellogg's extra fruit;Muesli, kellogg's extra fruit;457.2;6.6;54.6;22.0;PORTS:12,PORTM:25,PORTL:40,DL:45,RKL:7,TL:3
33736;Mysli, kellogg's extra chocolate;Muesli, kellogg's extra chocolate;483.3;9.4;51.8;25.2;PORTS:12,PORTM:25,PORTL:40,DL:45,RKL:7,TL:3
33739;Maito, täysmaito, rasvaa 4,4 %, ei lisätty d-vitamiinia, homogenoimaton;Milk, 4.4% fat, without added vitamin d, unhomogenized;70.8;3.0;4.7;4.4;PORTS:150,PORTM:200,PORTL:400,DL:100,RKL:15,TL:5
33740;Nakki, kevyt, paistettu ilman rasvaa;Frankfurter, light, fried without fat;189.1;13.9;6.1;10.8;PORTS:60,PORTM:150,PORTL:210
33756;Sekaleipä, kauraleipä, 100 % kaura, vaasan;Multigrain bread, oat bread, 100 % oat, vaasan;244.9;9.6;37.1;4.4;KPL_M:30,KPL_VALM:32,PORTS:20,PORTM:30,PORTL:40
33757;Täysmehu, appelsiinitäysmehu, c-vitamiinia 60 mg;Orange juice, unsweetened, 60 mg vitamin c;46.1;0.6;10.0;0.1;PORTS:150,PORTM:200,PORTL:300,DL:100,RKL:15,TL:5
33758;Kokolihaleikkele, kinkkuleikkele, vähärasvainen, rasvaa 2 %;Ham, cooked, 2% fat;107.6;22.0;0.1;2.0;KPL_S:8,KPL_M:12,KPL_L:15,PORTS:4,PORTM:12,PORTL:20
33759;(arc)hedelmäjuoma, maito-mehujuoma, rasvaton, gefilus, vitaminoitu, probiootteja;(arc)milk drink with juice, fat-free, gefilus;49.9;0.8;11.1;0.1;PORTS:150,PORTM:200,PORTL:300,DL:100,RKL:15,TL:5
33760;Jogurtti, maustettu, a+ vilja, rasvaa 2 %, laktoositon, d-vit 1 ug;Yoghurt, flavoured, 2% fat, lactose-free, a+ cereal, 1 ug vitamin d;92.3;2.8;14.3;2.0;PORTS:150,PORTM:200,PORTL:250,DL:100,RKL:15,TL:5
33783;Sekaleipä, kauratyynyt, halkaistu, vaasan;Multigrain bread, oat bread, kauratyynyt, vaasan;258.2;11.9;39.5;4.1;KPL_M:30,KPL_VALM:30,PORTS:20,PORTM:30,PORTL:40
33790;Maito, kevytmaito, laktoositon maitojuoma, valio eila, d-vitamiinia 2 ug;Milk, 1.5% fat, lactose-free, valio eila, 2 ug added vitamin d;39.9;3.3;3.1;1.5;PORTS:150,PORTM:200,PORTL:400,DL:100,RKL:15,TL:5
33791;Maito, rasvaton, laktoositon maitojuoma, valio eila, d-vitamiinia 2 ug;Milk, 0% fat, lactose-free, valio eila, 2 ug added vitamin d;27.5;3.3;3.1;0.1;PORTS:150,PORTM:200,PORTL:400,DL:100,RKL:15,TL:5
33792;Maito, täysmaito, rasvaa 3 %, laktoositon maitojuoma, eila, d-vitamiinia 2 ug;Milk, 3% fat, lactose-free, eila, 2 ug added vitamin d;52.7;3.2;3.1;3.0;PORTS:150,PORTM:200,PORTL:400,DL:100,RKL:15,TL:5
33804;Perunalaatikko, savuporolaatikko, saarioinen, valmisateria;Reindeer and potato casserole, saarioinen, ready meal;138.7;3.2;12.9;8.0;KPL_VALM:300,PORTS:250,PORTM:300,PORTL:350
33813;Kanakeitto, rainbow, valmisateria;Chicken soup, industrial, rainbow, ready meal;63.6;2.5;3.6;4.2;KPL_VALM:300,PORTS:200,PORTM:300,PORTL:400,DL:100,RKL:15
33845;Meetvursti tai salami, kevyt rasvaa, 22 %;Salami, light, 22% fat;293.0;23.8;0.2;22.1;KPL_S:2,KPL_M:6,KPL_L:10,PORTS:4,PORTM:12,PORTL:20
33846;Pasteija, juustopuusti, vaasan kotiuunin;Cheese pasty, vaasan kotiuunin;340.8;10.0;31.4;19.1;KPL_M:75,KPL_VALM:50,PORTS:25,PORTM:50,PORTL:150
33847;Viineri, mansikkaviineri, vaniljakreemi, vaasan kotiuunin;Danish pastry, strawberry and vanilla custard filling, vaasan kotiuunin;365.3;4.8;31.7;24.2;KPL_VALM:55,PORTS:35,PORTM:55,PORTL:105
33848;Pulla, täytepitko, marja- ja kreemitäyte, rainbow;Bun, berry and quark filling, rainbow;336.5;7.5;60.7;7.2;KPL_VALM:70,PORTS:35,PORTM:70,PORTL:105
33849;Kiisseli, mehukeitto, c-vitamiinia 30 mg, teollinen;Berry kissel, 30 mg added vitamin c, industrial;44.6;0.1;10.5;0.1;PORTS:100,PORTM:150,PORTL:200,DL:100,RKL:15
33850;Kiisseli, mehukeitto, c-vitamiinia 20 mg, teollinen;Berry kissel, 20 mg added vitamin c, industrial;40.5;0.1;9.5;0.1;PORTS:100,PORTM:150,PORTL:200,DL:100,RKL:15
33851;Kiisseli, mehukeitto, c-vitamiinia 40 mg, teollinen;Berry kissel, 40 mg added vitamin c, industrial;66.3;0.2;15.2;0.1;PORTS:100,PORTM:150,PORTL:200,DL:100,RKL:15
33852;Piimä, rasvaton, valio eila laktoositon, d-vit 2 ug;Sour milk, fat-free, valio eila, lactose-free, 2 ug vitamin d;30.0;2.9;3.6;0.1;PORTS:150,PORTM:200,PORTL:400,DL:100,RKL:15,TL:5
33853;Ateriasalaatti, broilersalaattiateria, saarioinen;Chicken salad, saarioinen;160.4;6.3;18.3;6.6;KPL_VALM:250,PORTS:200,PORTM:250,PORTL:300,DL:75
33855;Marjapiirakka, mustikkapiiras, fazer;Blueberry pie, industrial, fazer;429.8;4.6;56.5;20.1;KPL_S:50,KPL_M:90,KPL_L:130,PORTS:80,PORTM:120,PORTL:160
33856;Kermakastike, lihaliemi, kerma, vehnäjauho;Cream sauce with meat bouillon;137.4;1.3;6.8;11.8;PORTS:50,PORTM:100,PORTL:150,DL:100,RKL:15,TL:5
33862;Salaatti, coleslaw-salaatti, teollinen;Salad, coleslaw, industrial;155.9;1.2;7.3;13.3;PORTS:50,PORTM:75,PORTL:100,DL:90
33863;Kääretorttu, unelmatorttu, rainbow;Chocolate swiss roll, rainbow;431.9;4.7;57.5;20.0;KPL_S:10,KPL_M:20,KPL_L:40,PORTS:30,PORTM:50,PORTL:100
33866;Pulla, tiikerikranssi, vaasan isoäidin;Bun, chocolate and vanilla filling, tiikerikranssi, vaasan isoäidin;346.6;7.4;54.9;11.2;KPL_S:40,KPL_M:60,KPL_L:105,PORTS:35,PORTM:55,PORTL:105
33867;Pulla, täytepitko, pormestarinpitko, vadelma-omenatäye, vaasan;Bun, raspberry and apple filling, pormestarinpitko, vaasan;309.5;4.6;37.2;16.1;KPL_VALM:70,PORTS:35,PORTM:70,PORTL:105
33872;Äidinmaito, rintamaito;Breast milk;65.3;1.1;7.4;3.5;PORTS:100,PORTM:200,PORTL:300,DL:100,RKL:15,TL:5
33882;Margariini 80 %, flora kulta;Margarine 80%, flora kulta;710.5;0.3;0.2;80.0;PORTS:3,PORTM:6,PORTL:10,DL:95,RKL:14,TL:4.5
33883;Salaatti, tzatsikisalaatti, atria;Salad, tzatziki salad, atria;110.7;2.8;11.2;6.0;KPL_VALM:300,PORTS:20,PORTM:80,PORTL:170,DL:110,RKL:20
33884;Mehu, gefilus ananas-porkkana + kalsium, c- ja d-vit, prob, 09/12 alkaen;Juice drink, pineapple-carrot, gefilus, calcium, vitamin c and d, probiotics;53.2;0.3;12.3;0.1;PORTS:150,PORTM:200,PORTL:300,DL:100,RKL:15,TL:5
33885;Rahka, maustettu, profeel proteiinirahka, laktoositon;Quark, flavoured, profeel protein quark, lactose-free;83.6;11.0;9.2;0.1;KPL_VALM:175,PORTS:125,PORTM:175,PORTL:250
33886;Keksi, täytekeksi, kauratäytekeksi;Oatmeal sandwich cookie with creme filling;508.0;5.9;54.0;29.3;KPL_M:12,PORTS:12,PORTM:24,PORTL:60
33888;Keksi, täytekeksi vaalea, ballerina;Sandwich cookie, ballerina;452.3;4.8;64.5;19.0;KPL_M:13.5,KPL_VALM:13.5,PORTS:13.5,PORTM:27,PORTL:70
33889;Suklaa, pähkinäsuklaa, maitosuklaata ja hasselpähkinää;Chocolate, milk chocolate with hazelnuts;562.7;11.0;39.1;39.4;PORTS:15,PORTM:30,PORTL:100
33890;Kasvispihvi/pyörykkä, apetit porkkananappi;Carrot patty, contains soy protein, apetit;195.2;4.8;12.1;13.7;PORTS:100,PORTM:150,PORTL:225
33891;Juusto, halloumijuusto, paistettu;Cheese, halloumi cheese, fried;356.0;24.4;3.1;27.6;PORTS:20,PORTM:40,PORTL:60,DL:60
33893;Tofupihvi, leivitetty tofu, sisältää seesaminsiemeniä, paistettu öljyssä;Tofu, breaded, fried in oil;187.9;10.0;5.2;13.8;PORTS:100,PORTM:150,PORTL:225,DL:100,RKL:14,TL:4
33896;Hedelmäsose, 100 % hedelmää, makeuttamaton;Fruit puree, unsweetened, 100 % fruit;58.0;0.9;11.6;0.2;PORTS:17,PORTM:40,PORTL:80,DL:120
33897;Marjasose, 100 % marjoja, makeuttamaton;Berry puree, unsweetened, 100% fruit;52.3;0.8;7.8;0.7;PORTS:17,PORTM:40,PORTL:80,DL:120
33899;Maizena pikasuuruste;Corn starch, maizena express;374.5;1.4;86.3;2.0;PORTS:5,PORTM:15,PORTL:30,DL:55,RKL:7
33900;Kaurajuoma, oatly suklaa, lisätty kalsiumia ja vitamiineja, alkaen 09/12;Oat drink without milk, oatly chocolate, calcium, vitamin d;59.2;0.9;10.1;1.5;KPL_VALM:250,PORTS:150,PORTM:200,PORTL:400,DL:100,RKL:15,TL:5
33901;Kaurajuoma, oatly, lisätty kalsiumia ja vitamiineja, alkaen 09/12;Oat drink without milk, oatly, calcium, vitamins;45.3;1.4;6.0;1.5;PORTS:150,PORTM:200,PORTL:400,DL:100,RKL:15,TL:5
33903;(arc)jogurtti, maustettu, gefilus kidius, rasvaa 2,5%,vl,d-vit 1,5ug, alk. 09/12;(arc)yoghurt, flavoured, kidius gefilus, 2% fat, low-lactose, 1.5% vitamin d;88.1;2.7;13.4;2.5;KPL_VALM:125,PORTS:100,PORTM:125,PORTL:250,DL:100,RKL:15,TL:5
33905;Kiisseli, mehukeitto, gefilus mustikka-vadelma, c- ja d-vit, prob, alkaen 09/12;Berry kissel, valio gefilus blueberry-raspberry, vitamins, probiotics;47.4;0.1;10.7;0.2;PORTS:100,PORTM:150,PORTL:200,DL:100,RKL:15,TL:5
33907;Mehu, herajuoma, gefilus, vl, vitamiineja, probiootteja, 09/12 alkaen;Juice drink, whey drink, gefilus, vitamins, probiotics, low-lactose;47.7;0.4;10.5;0.3;PORTS:150,PORTM:200,PORTL:300,DL:100,RKL:15,TL:5
33908;Mehu, gefilus appelsiini-persikka + kuitu, c- ja d-vitamiineja, prob, alk 09/12;Juice drink, orange-peach, gefilus, fibre, vitamin c and d, probiotics;41.6;0.4;8.8;0.1;PORTS:150,PORTM:200,PORTL:300,DL:100,RKL:15,TL:5
33909;Mehu, gefilus, c- ja d-vitamiineja, probiootteja;Juice drink, gefilus, vitamin c and d, probiotics;45.1;0.5;9.8;0.2;PORTS:150,PORTM:200,PORTL:300,DL:100,RKL:15,TL:5
33910;Jogurtti, juotava, actimel, rasvaa 1,5 %, d-vit 0,75 ug, prob;Yoghurt, drinkable, actimel, 1.5% fat, 0.75 ug vitamin d, probiotics;71.7;2.8;11.3;1.5;KPL_M:100,KPL_VALM:100,PORTS:50,PORTM:100,PORTL:200,DL:100,RKL:15,TL:5
33911;Jogurtti, juotava, actimel, rasvaton, keinot.mak, d-vit 0,75 ug, prob;Yoghurt, drinkable,actimel, fat-free, vit. d, probiotics, artificially sweetened;29.4;2.4;4.4;0.1;KPL_M:100,PORTS:50,PORTM:100,PORTL:200,DL:100,RKL:15,TL:5
33912;(arc)jogurtti, juotava, actimel powerfruit, rasvaa 1,5%, c ja d-vit,prob,alk9/12;(arc)yoghurt, drinkable, actimel powerfruit, 1.5% fat, vitamin c+d, probiotics;74.3;2.8;12.0;1.5;KPL_M:100,KPL_VALM:100,PORTS:50,PORTM:100,PORTL:200,DL:100,RKL:15,TL:5
33914;Pirtelö, hesburger vaniljapirtelö;Milkshake, hesburger, vanilla;62.8;2.9;7.6;2.2;PORTS:250,PORTM:400,PORTL:500,DL:100,RKL:15,TL:5
33915;Pirtelö, vaniljapirtelö, mcdonald's;Milkshake, vanilla, mcdonald's;79.8;2.9;11.8;2.2;PORTS:250,PORTM:400,PORTL:500,DL:100,RKL:15,TL:5
33924;Kerma, valio vaahtoutuva mansikka-/suklaakerma, laktoositon;Cream, valio strawberry/chocolate, lactose-free;366.1;1.8;7.8;37.0;PORTS:25,PORTM:50,PORTL:100,DL:100,RKL:15,TL:5
33925;Quorn, fileet, kuutiot, rouhe;Quorn, fillet, pieces, mince;111.2;13.7;5.0;3.0;PORTS:37,PORTM:75,PORTL:150
33927;Kokolihaleikkele, kalkkunaleikkele;Turkey cold cuts;93.8;17.5;1.6;1.8;KPL_S:8,KPL_M:12,KPL_L:15,PORTS:4,PORTM:12,PORTL:20
33928;Omenasose, sokeroitu;Applesauce, sweetened;132.7;0.1;31.6;0.1;PORTS:17,PORTM:40,PORTL:80,DL:120
33933;Kiisseli, mehukeitto, proviva, c-vitamiinia 35 mg, probiootteja;Berry kissel, industrial, proviva, 35 mg vitamin c, probiotics;42.7;0.1;9.9;0.1;PORTS:100,PORTM:150,PORTL:200,DL:100,RKL:15
34079;Nalle kuitupuuroseos, hiutale;Porridge flake mix with fibre, nalle;356.1;13.8;43.2;9.2;PORTS:15,PORTM:25,PORTL:35,DL:30,RKL:4.5
34080;Nalle kuitupuuro, vesi, suolaa;Porridge with fibre, water, salt, nalle;47.8;1.9;5.8;1.2;PORTS:150,PORTM:230,PORTL:320,DL:100,RKL:15,TL:5
34110;Maizena suuruste ruskea/vaalea;Corn starch, maizena brown/light;352.2;0.6;85.5;0.1;PORTS:5,PORTM:15,PORTL:30,DL:55,RKL:7
34127;Maito, kevytmaito, valio plus, d-vitamiinia 2 ug;Milk, 1.5% fat, valio plus, 2 ug added vitamin d;53.7;5.0;4.8;1.5;PORTS:150,PORTM:200,PORTL:400,DL:100,RKL:15,TL:5
34136;Merilevä, nori, kuivattu;Seaweed, nori, dried;278.4;40.7;0.0;3.2;PORTS:1.5,PORTM:3,PORTL:6
34137;Merilevä, wakame, kuivattu;Seaweed, wakame, dried;166.4;14.4;0.0;2.0;PORTS:1.5,PORTM:3,PORTL:6
34140;Kookosöljy;Coconut oil;884.3;0.0;0.0;100.0;PORTS:10,PORTM:25,PORTL:40,DL:90,RKL:13.5,TL:4.5
34159;Rukola, rucola, sinappikaali;Rocket, arugula;18.2;2.6;0.5;0.3;PORTS:20,PORTM:50,PORTL:100
34180;Broileri, koipi nahkoineen, raaka;Chicken drumstick with skin, raw;118.1;19.2;0.0;4.6;PORTS:180,PORTM:230,PORTL:300
34183;Naudanliha e-lajitelma, naudan kastikeliha, raaka;Beef, assortment e, meat for gravy;109.6;22.2;0.0;2.2;PORTS:125,PORTM:150,PORTL:190
34184;Rypsiporsas, lihasuikale;Rapeseed pork, pork strips;155.0;20.4;0.0;8.2;PORTS:125,PORTM:150,PORTL:190
34185;Viljaporsas, lihasuikale;Pork, cereal-fed, strips;175.5;19.9;0.0;10.7;PORTS:125,PORTM:150,PORTL:190
34187;Naudanfilee, sisäfilee;Beef tenderloin;148.1;20.9;0.0;7.1;PORTS:150,PORTM:190,PORTL:250
34188;Porsaanfilee, ulkofilee;Pork fillet, sirloin;148.5;21.5;0.0;6.9;PORTS:150,PORTM:190,PORTL:250
34189;Sianliha, 0-lajitelma, sian kastikeliha, raaka;Pork, assortment 0, pork for sauce;141.9;20.7;0.0;6.5;PORTS:125,PORTM:150,PORTL:190
34190;Kasslerpihvi/-paisti, raaka;Pork, kassler steak, raw;205.1;17.9;0.0;15.0;PORTS:150,PORTM:190,PORTL:250
34201;Naudanliha, vähärasvainen, keskiarvo;Beef, lean, average;121.2;21.1;0.0;4.0;PORTS:125,PORTM:150,PORTL:215
34208;Broileri, koipi, nahkoineen, grillattu;Chicken drumstick with skin, grilled;167.1;27.1;0.0;6.4;KPL_S:100,KPL_M:125,KPL_L:150,PORTS:150,PORTM:180,PORTL:240
34209;Broileri, koipi, nahkoineen, uunissa;Chicken drumstick with skin, baked in oven;167.1;27.1;0.0;6.4;KPL_S:100,KPL_M:125,KPL_L:150,PORTS:150,PORTM:180,PORTL:240
34210;Porsaanfilee, ulkofilee, uunissa;Pork fillet, sirloin, oven-baked;177.4;25.7;0.0;8.3;PORTS:100,PORTM:120,PORTL:150
34211;Porsaanfilee, sisäfilee, paistettu;Pork fillet, tenderloin, fried;167.5;25.7;0.0;7.1;PORTS:120,PORTM:150,PORTL:200
34212;Porsaanfilee, ulkofilee, paistettu;Pork fillet, sirloin, fried;196.1;26.3;0.0;10.1;PORTS:120,PORTM:150,PORTL:200
34213;Naudanliha, vähärasvainen, suolaton, keitetty;Beef, lean, boiled, without added salt;173.1;30.2;0.0;5.7;PORTS:100,PORTM:120,PORTL:150
34214;Naudanfilee, sisäfilee, uunissa;Beef tenderloin, oven-baked, roasted beef tenderloin;209.5;29.6;0.0;10.1;PORTS:30,PORTM:75,PORTL:125
34215;Naudanfilee, sisäfilee, paistettu;Beef tenderloin, fried;195.7;25.6;0.0;10.4;PORTS:100,PORTM:120,PORTL:150
34216;Naudanfilee, sisäfilee, grillattu;Beef tenderloin, grilled;300.5;25.3;0.3;22.2;PORTS:120,PORTM:150,PORTL:200
34219;Naudanliha e-lajitelma, naudan kastikeliha, keitetty, suolaton;Beef, assortment e, meat for gravy, without added salt, boiled;137.0;27.8;0.0;2.7;PORTS:100,PORTM:120,PORTL:150
34220;Rypsiporsas, suikale, paistettu öljyssä;Rapeseed pork, strips, fried in oil;304.1;25.4;0.0;22.7;PORTS:100,PORTM:120,PORTL:150,DL:100,RKL:15
34221;Viljaporsas, suikale, paistettu öljyssä;Pork, cereal-fed, strips, fried in oil;329.8;24.8;0.0;25.9;PORTS:100,PORTM:125,PORTL:150,DL:100,RKL:15
34223;Sianliha, 0-lajitelma, sian kastikeliha, keitetty, suolaton;Pork, assortment 0, pork for sauce, boiled without salt;202.7;29.6;0.0;9.3;PORTS:100,PORTM:120,PORTL:150
34225;Kasslerpihvi, paistettu;Pork, kassler steak, fried;275.5;22.8;0.0;20.7;PORTS:120,PORTM:150,PORTL:200
34226;Kasslerpihvi, grillattu;Pork, kassler steak, grilled;265.5;23.2;0.0;19.4;PORTS:120,PORTM:150,PORTL:200
34228;Pinaatti, pakaste;Spinach, frozen;13.3;1.6;0.4;0.3;KPL_M:2,PORTS:20,PORTM:50,PORTL:100,DL:50
34229;Herne, vihreä, pakaste;Pea, green, frozen;73.0;5.1;9.4;0.9;PORTS:25,PORTM:45,PORTL:65,DL:60
34230;Villirucola, pikkuhietasinappi;Wild rocket, sand rocket;27.7;2.6;2.0;0.7;PORTS:20,PORTM:50,PORTL:100
34231;Jääsalaatti;Garden lettuce;11.4;0.9;1.0;0.1;KPL_S:40,KPL_M:100,KPL_L:150,PORTS:40,PORTM:60,PORTL:100
34232;Punasalaatti, punasikuri;Radicchio;22.2;1.4;3.2;0.2;KPL_S:40,KPL_M:100,KPL_L:150,PORTS:40,PORTM:60,PORTL:100
34233;Roomansalaatti, sidesalaatti;Romaine lettuce;20.3;1.1;2.6;0.2;KPL_S:40,KPL_M:100,KPL_L:150,PORTS:40,PORTM:60,PORTL:100
34234;Sipuli, punasipuli;Onion, red onion;33.7;1.5;5.4;0.1;KPL_S:30,KPL_M:55,KPL_L:200,PORTS:40,PORTM:60,PORTL:100,DL:90
34235;Valkoretikka;Radish, white;24.7;0.4;4.8;0.0;PORTS:40,PORTM:60,PORTL:100
34236;Herneenverso;Pea shoot;22.0;3.3;0.4;0.4;PORTS:40,PORTM:60,PORTL:100
34237;Vuonankaali;Corn salad, lamb's lettuce;15.0;1.9;0.3;0.3;PORTS:40,PORTM:60,PORTL:100
34238;Korianteri, tuore;Coriander, fresh;20.9;2.4;0.5;0.4;PORTS:40,PORTM:60,PORTL:100,DL:13
34239;Haaparousku;Northern milkcap;16.0;1.5;0.6;0.5;PORTS:80,PORTM:150,PORTL:200
34240;Suppilovahvero;Funnel chanterelle;24.1;2.2;0.4;0.8;PORTS:80,PORTM:150,PORTL:200,DL:40
34241;Karvarousku;Woolly milkcap;15.8;1.5;0.6;0.5;PORTS:80,PORTM:150,PORTL:200
34242;Jauho, leivontavehnäjauho v600;Flour, wheat flour, semi-coarse, v600;347.0;11.9;69.1;1.3;PORTS:15,PORTM:25,PORTL:35,DL:70,RKL:10.5,TL:3.5
34243;Papu, härkäpapu, tuore;Bean, broad bean, fava bean, fresh;102.5;8.8;13.1;0.6;PORTS:60,PORTM:75,PORTL:90
34244;Herne, sokeriherne, tuore;Sugar snap peas, fresh;41.8;2.8;6.1;0.1;PORTS:40,PORTM:60,PORTL:100
34245;Seesaminsiemen, valkoinen, kokonainen, kuorittu;Sesame seed, white, without hull;654.9;24.6;1.2;59.7;PORTS:5,PORTM:15,PORTL:30,DL:60,RKL:8.5,TL:3
34246;Jauho, täysjyväruisjauho r800;Flour, rye, wholegrain rye flour r800;323.3;9.4;57.1;2.6;PORTS:15,PORTM:25,PORTL:35,DL:55,RKL:8
34247;Jauho, täysjyväruisjauho r1000;Flour, rye, wholegrain rye flour r1000;312.9;9.0;56.5;1.8;PORTS:15,PORTM:25,PORTL:35,DL:55,RKL:8
34248;Jauho, täysjyväohrajauho;Flour, barley, whole grain barley flour;355.5;9.3;69.3;2.5;PORTS:15,PORTM:25,PORTL:35,DL:55,RKL:8
34249;Jauho, erikoisvehnäjauho, vähittäiskauppa;Flour, coarse wheat flour;370.9;11.4;75.5;1.3;PORTS:15,PORTM:25,PORTL:35,DL:65,RKL:10
34252;Siika, kasvatettu;Powan, whitefish, pollan, lavaret, farmed;132.4;19.8;0.0;5.9;PORTS:100,PORTM:160,PORTL:215
34253;Silli, säilyke, kirkaslieminen;Herring, pickled, canned;230.8;10.5;18.0;13.0;KPL_S:4,KPL_M:5,KPL_L:6,PORTS:15,PORTM:30,PORTL:50
34254;Merilevä, kombu, kuivattu;Seaweed, kombu, dried;188.1;7.1;20.1;1.3;PORTS:1.5,PORTM:3,PORTL:6
34255;Lohi, filee, kasvatettu;Salmon, farmed;226.0;20.0;0.0;16.4;PORTS:100,PORTM:160,PORTL:215
34256;Kirjolohi, filee, kasvatettu;Rainbow trout, farmed;170.9;19.7;0.0;10.3;KPL_S:400,KPL_M:500,KPL_L:600,PORTS:100,PORTM:160,PORTL:215
34261;Jogurtti, maustettu, jugupala, rasvaa 2,7 %;Yoghurt, flavoured, 2.7% fat;101.5;2.6;16.4;2.7;KPL_VALM:125,PORTS:100,PORTM:125,PORTL:250,DL:100,RKL:15,TL:5
34262;Kinkkukastike, ruokakerma;Ham gravy, cooking cream;138.3;9.5;2.1;9.7;PORTS:150,PORTM:200,PORTL:250,DL:100,RKL:15
34263;Kakku, mutakakku;Cake, mud cake, chocolate cake;442.1;6.9;48.2;24.2;KPL_S:40,KPL_M:70,KPL_L:100,PORTS:40,PORTM:70,PORTL:100
34265;Jogurtti, maustettu, rasvaa 2 %, vl, -30% sokeria, d-vit 1 ug;Berry and fruit yoghurt 2% fat, low-lactose, -30% sugar, vitd 1 ug;78.2;3.6;10.0;2.0;PORTS:100,PORTM:150,PORTL:200,DL:100,RKL:15,TL:5
34276;Mehu, mehujuoma, 40 % vähemmän sokeria, stevialla makeutettu, valio grandi;Juice drink, 40% less sugar, sweetened with stevia, valio grandi;24.6;0.1;5.9;0.0;PORTS:150,PORTM:200,PORTL:300,DL:100,RKL:15,TL:5
34277;Mysli, pähkinäinen;Muesli with nuts;516.2;15.2;29.1;34.6;PORTS:12,PORTM:25,PORTL:40,DL:40,RKL:6,TL:3
34303;Kakku, bebe-leivos;Bebe pastry;485.1;3.6;46.1;31.9;KPL_S:20,KPL_M:40,KPL_L:80,PORTS:20,PORTM:40,PORTL:80
34304;Kakku, macaron-leivos;Macaron pastry;256.1;5.6;37.6;8.6;KPL_S:15,KPL_M:30,KPL_L:50,PORTS:15,PORTM:30,PORTL:50
34305;Kakku, perunaleivos;Pastry with potato and cocoa;332.9;4.7;44.0;15.0;KPL_S:30,KPL_M:50,KPL_L:90,PORTS:30,PORTM:50,PORTL:90
34306;Kakku, napoleon-leivos;Mille-feuille, napoleon pastry;388.2;3.6;33.3;26.5;PORTS:80,PORTM:125,PORTL:150
34361;Mango, kuorittu;Mango, without skin;67.0;0.8;14.1;0.4;KPL_M:240,KPL_L:320,PORTS:100,PORTM:200,PORTL:300
34362;Pastakastike, avokadopasta;Avocado sauce;213.7;4.2;0.7;20.9;PORTS:250,PORTM:300,PORTL:350
34380;Papu, valkoinen, kuivattu;Bean, white bean, navy bean;287.5;22.1;37.3;1.9;PORTS:30,PORTM:37.5,PORTL:45,DL:85
34381;Pizza, kinkku-katkarapu-ananas-sinihomejuustopizza;Pizza, ham pizza, shrimp, pineapple, blue cheese;194.4;11.7;16.4;8.7;KPL_S:200,KPL_M:320,KPL_L:585,PORTS:75,PORTM:175,PORTL:350
34382;Pizza, salami-kinkku-jauheliha-sipulipizza;Pizza, salami pizza, ham, minced meat and onion;224.9;12.8;16.3;11.8;KPL_S:200,KPL_M:320,KPL_L:585,PORTS:75,PORTM:175,PORTL:350
34383;Pizza, kebab-sipuli-feta-smetana-tomaattipizza;Pizza, kebab pizza, onion, feta, sour cream and tomato;214.1;11.5;16.4;11.0;KPL_S:200,KPL_M:320,KPL_L:585,PORTS:75,PORTM:175,PORTL:350
34384;Pizza, kinkku-tonnikalapizza;Pizza, ham and tuna pizza;194.6;13.6;16.6;7.8;KPL_S:200,KPL_M:320,KPL_L:585,PORTS:75,PORTM:175,PORTL:350
34385;Pizza, salami-kinkku-katkarapu-sipuli-pizza;Pizza, salami pizza, ham, shrimp and onion;219.1;13.4;15.0;11.5;KPL_S:200,KPL_M:320,KPL_L:585,PORTS:75,PORTM:175,PORTL:350
34386;Pizza, kana-ananas-sinihomejuustopizza;Pizza, chicken pizza, pineapple, blue cheese;196.5;11.8;17.1;8.6;KPL_S:200,KPL_M:320,KPL_L:585,PORTS:75,PORTM:175,PORTL:350
34387;Pizza, tonnikala-katkarapu-simpukkapizza;Pizza, seafood pizza, tuna, shrimp, mussel;191.5;13.1;16.7;7.6;KPL_S:200,KPL_M:320,KPL_L:585,PORTS:75,PORTM:175,PORTL:350
34388;Pizza, salami-ananas-katkarapu-sinihomejuustopizza;Pizza, salami pizza, pineapple, shrimp, blue cheese;234.4;12.4;16.5;12.9;KPL_S:200,KPL_M:320,KPL_L:585,PORTS:75,PORTM:175,PORTL:350
34389;Pizza, kinkku-katkarapu-herkkusieni-tonnikalapizza;Pizza, ham pizza, shrimp, mushroom, tuna fish;183.1;11.7;16.7;7.3;KPL_S:200,KPL_M:320,KPL_L:585,PORTS:75,PORTM:175,PORTL:350
34390;Täytetty leipä, patonki, kananrinta, subway;Sandwich, baguette, chicken, subway;186.8;13.5;24.5;3.4;KPL_M:205,PORTS:150,PORTM:205,PORTL:410
34391;Täytetty leipä, patonki, kasvispihvi, subway;Sandwich, baguette, veggieburger, subway;182.4;5.4;29.2;4.2;KPL_M:205,PORTS:150,PORTM:205,PORTL:410
34392;Täytetty leipä, patonki, salami, kinkku, italian bmt, subway;Sandwich, baguette, salami, ham, italian bmt, subway;231.3;10.6;24.7;9.6;KPL_M:205,PORTS:150,PORTM:205,PORTL:410
34393;Täytetty leipä, patonki, paahtopaisti, subway;Sandwich, baguette, roast beef, subway;192.0;13.8;24.5;3.8;KPL_M:205,PORTS:150,PORTM:205,PORTL:410
34394;Täytetty leipä, moniviljapatonki, tomaatti, paprika, juusto, salaatti, sipuli;Sandwich, multigrain baguette, tomato, sweet pepper, cheese, lettuce, onion;169.6;6.4;19.9;6.3;PORTS:170,PORTM:250,PORTL:320
34395;Hampurilainen, tuplajuustohampurilainen, mcdonald's;Hamburger, double cheese burger, mcdonald's;267.7;17.6;16.3;15.1;KPL_VALM:173,PORTS:86.5,PORTM:173,PORTL:346
34396;Hampurilainen, kerroshampurilainen, hesburger;Hamburger, double burger, hesburger;259.7;11.8;17.3;16.5;KPL_VALM:235,PORTS:117.5,PORTM:235,PORTL:352.5
34397;Hampurilainen, mcfeast, mcdonald's;Hamburger, mcfeast, mcdonald's;211.8;13.1;15.3;11.3;KPL_VALM:254,PORTS:127,PORTM:254,PORTL:381
34398;Hampurilainen, whopper, burger king;Hamburger, whopper, burger king;217.9;12.4;16.1;12.0;KPL_VALM:274,PORTS:137,PORTM:274,PORTL:411
34399;Hampurilainen, tupla whopper, burger king;Hamburger, double whopper, burger king;238.0;17.0;11.5;14.2;KPL_VALM:355,PORTS:177.5,PORTM:355,PORTL:532.5
34402;Hampurilainen, pekonihampurilainen, hesburger;Hamburger, baconburger, hesburger;255.8;11.9;15.8;16.7;KPL_VALM:220,PORTS:110,PORTM:220,PORTL:330
34403;Hampurilainen, gluteeniton hampurilainen, hesburger;Hamburger, gluten-free hamburger, hesburger;250.6;8.6;18.7;15.2;KPL_VALM:220,PORTS:110,PORTM:220,PORTL:330
34404;Kylmä kastike, fetakastike, jogurttikastike;Tzatziki, feta sauce, yoghurt sauce;257.2;14.7;1.9;21.4;PORTS:40,PORTM:100,PORTL:200,DL:100,RKL:15
34405;Hampurilainen, bataattiburgeri, naudanliha;Hamburger, sweet potato burger, beef;178.5;9.5;8.8;11.4;KPL_M:200,PORTS:150,PORTM:280,PORTL:400
34407;Jauhelihapihvi, naudanliha, uunissa;Meat mince patty, oven-baked;239.4;18.6;6.5;15.4;KPL_M:65,PORTS:100,PORTM:150,PORTL:200
34408;Jauhelihapihvi, naudanpaisti, paistettu;Lean steak mince patty, fried;196.7;15.7;5.1;12.6;KPL_M:65,PORTS:100,PORTM:150,PORTL:200
34409;Jauhelihapihvi, naudanpaisti, uunissa;Lean steak mince patty, oven-baked;168.9;18.2;5.9;7.9;KPL_M:65,PORTS:100,PORTM:150,PORTL:200
34410;Jauhelihapihvi, sika-nauta, uunissa;Pork beef mince patty, oven-baked;244.8;15.7;5.9;17.7;KPL_M:65,PORTS:100,PORTM:150,PORTL:200
34411;Jauhelihapihvi, naudanpaisti, paistettu ilman rasvaa;Lean steak mince patty, fried without fat;155.9;16.8;5.5;7.3;KPL_M:65,PORTS:100,PORTM:150,PORTL:200
34412;Jauhelihapihvi, naudanliha, paistettu ilman rasvaa;Beef mince patty, fried without fat;212.8;16.5;5.8;13.7;KPL_M:65,PORTS:100,PORTM:150,PORTL:200
34413;Jauhelihapihvi, sika-nauta, paistettu ilman rasvaa;Pork beef mince patty, fried without fat;240.8;15.5;5.8;17.4;KPL_M:65,PORTS:100,PORTM:150,PORTL:200
34414;Hampurilainen, bataattiburgeri, tofu;Hamburger, sweet potato burger, tofu;160.2;7.9;8.7;10.0;KPL_M:200,PORTS:150,PORTM:280,PORTL:400
34416;Kasviskastike, palak paneer, pinaatti, kotijuusto;Vegetable gravy with spinach and farmer's cheese, palak paneer;113.7;6.0;4.1;7.9;PORTS:150,PORTM:200,PORTL:250,DL:100,RKL:15
34419;Kasviskastike, shahi paneer, tomaatti, kotijuusto;Vegetable gravy with tomato and farmer's cheese, shahi paneer;148.6;8.4;6.2;9.8;PORTS:150,PORTM:200,PORTL:250,DL:100,RKL:15
34422;Broilerikastike, voikana, butter chicken;Butter chicken;161.2;10.9;3.5;11.2;PORTS:150,PORTM:200,PORTL:250
34423;Kalakastike, kalacurry, seiti, kirjolohi, kookosmaito;Fish gravy, fish curry, saithe, rainbow trout, coconut milk;104.4;7.6;2.7;6.7;PORTS:150,PORTM:200,PORTL:250
34426;Kasviskastike, kasviscurry, kookosmaito, kikherne;Vegetable gravy, vegetable curry, coconut milk, chick pea;116.3;3.0;7.0;8.0;PORTS:150,PORTM:200,PORTL:250,DL:100,RKL:15
34428;Broilerikastike, kanacurry, kookosmaito;Chicken vegetable gravy, chicken curry, coconut milk;174.2;10.6;2.7;13.4;PORTS:150,PORTM:200,PORTL:250,DL:100,RKL:15
34429;Pizza, jauhelihapizza, naudanjauheliha, gluteeniton;Pizza, beef mince pizza, gluten-free;220.2;11.6;16.4;11.5;KPL_S:200,KPL_M:320,KPL_L:585,PORTS:75,PORTM:175,PORTL:350
34430;Pizza, kana-avokadopizza, gluteeniton;Pizza, chicken and avocado pizza;194.8;10.1;15.9;9.4;KPL_S:200,KPL_M:320,KPL_L:585,PORTS:75,PORTM:175,PORTL:350
34431;Kalakeitto, kirjolohikeitto, ruoanvalmistuskerma;Rainbow trout soup, cooking cream;84.5;5.0;4.4;5.0;PORTS:200,PORTM:350,PORTL:400,DL:100,RKL:15,TL:5
34432;Kalakeitto, kirjolohikeitto, kerma;Rainbow trout soup, cream;104.8;4.9;4.4;7.5;PORTS:200,PORTM:350,PORTL:400,DL:100,RKL:15,TL:5
34433;Kalakeitto, lohikeitto, kerma;Salmon soup, cream;115.3;5.3;4.4;8.4;PORTS:200,PORTM:350,PORTL:400,DL:100,RKL:15,TL:5
34434;Kalakeitto, lohikeitto, ruoanvalmistuskerma;Salmon soup, cooking cream;94.9;5.4;4.4;6.0;PORTS:200,PORTM:350,PORTL:400,DL:100,RKL:15,TL:5
34435;Kakku, mokkapalat, gluteeniton;Cake, mocha cake, gluten-free;374.9;3.6;55.3;14.8;KPL_S:40,KPL_M:70,KPL_L:100,PORTS:40,PORTM:70,PORTL:100
34436;Soijanakkikastike, ruskea kastike, rasvaa;Vegan frankfurter gravy;128.1;7.7;3.6;8.5;PORTS:150,PORTM:200,PORTL:250,DL:100,RKL:15
34437;Soijanakkistroganoff;Vegan frankfurter stroganoff;141.0;7.4;3.3;10.1;PORTS:100,PORTM:150,PORTL:250
34438;Soijanakkikeitto;Vegan frankfurter soup;60.6;3.6;4.0;2.9;PORTS:200,PORTM:350,PORTL:400,DL:100,RKL:15
34439;Lihapulla, hirvenliha, uunissa;Meatball, minced elk, oven-baked;164.7;19.1;7.0;6.3;PORTS:90,PORTM:120,PORTL:150
34440;Kalakeitto, kirjolohi, seiti, kasvirasvakerma;Fish soup, rainbow trout, saithe and cooking cream (veg. fat 15%);72.3;4.9;4.2;3.9;PORTS:200,PORTM:350,PORTL:400,DL:100,RKL:15,TL:5
34441;Uunisilakka, smetanasilakat, silakkafilee, smetana;Baltic herring fillet with sour cream, oven-baked;255.2;15.2;2.1;20.7;PORTS:100,PORTM:160,PORTL:215
34445;Bataatti-kookoskeitto;Sweet potato coconut soup;91.9;1.2;8.2;5.7;PORTS:200,PORTM:350,PORTL:400,DL:100,RKL:15
34446;Broilerikastike, sitruuna, turkkilainen jogurtti;Chicken gravy with lemon and turkish yoghurt;232.3;10.7;7.0;18.0;PORTS:150,PORTM:200,PORTL:250,DL:100,RKL:15
34448;Lihapata, naudanpaisti, gulassi;Beef steak stew, goulash;70.9;10.4;1.1;2.6;PORTS:150,PORTM:200,PORTL:250,DL:100,RKL:15,TL:5
34450;Moussaka, kasvismoussaka, soijarouhe;Vegetarian moussaka, soya mince;86.1;4.3;8.1;3.5;PORTS:220,PORTM:300,PORTL:350,DL:100
34451;Perunalaatikko, soija-perunalaatikko, tomaatti, kevytmaito;Soya mince and potato casserole, tomato, low-fat milk;111.1;7.5;9.6;4.1;PORTS:220,PORTM:300,PORTL:350,DL:100
34452;Moussaka, kasvismoussaka, munakoiso, peruna;Moussaka, vegetarian moussaka, aubergine, potato;98.1;3.1;7.0;6.1;PORTS:220,PORTM:300,PORTL:350,DL:100
34453;Hirssipihvi, paistettu;Millet patty, fried;230.4;6.0;14.2;16.1;PORTS:100,PORTM:150,PORTL:225
34454;Mustikkahyve, talkkunahyve, rahka, kerma;Blueberries with talkkuna powder, cream and quark;188.4;5.2;15.9;11.0;PORTS:80,PORTM:140,PORTL:250
34455;Mustajuurisosekeitto, kerma;Black salsify soup, pureed, cream;56.1;0.7;5.4;2.8;PORTS:200,PORTM:350,PORTL:400,DL:100,RKL:15,TL:5
34456;Quorn-tomaattikastike;Quorn bolognese;61.4;4.4;4.2;2.3;PORTS:150,PORTM:200,PORTL:250,DL:100,RKL:15
34457;Kalakeitto, lohikeitto, kalaliemi;Salmon soup, fish stock;61.8;5.3;3.6;2.8;PORTS:200,PORTM:350,PORTL:400,DL:100,RKL:15
34458;Punajuuri, uunissa;Beetroot, baked;126.6;1.5;8.6;9.0;PORTS:100,PORTM:150,PORTL:200
34459;Lanttu, uunissa;Swede, baked;116.2;1.2;6.3;9.0;PORTS:100,PORTM:150,PORTL:200
34460;Porkkana, uunissa;Carrot, baked;113.9;0.7;6.0;9.1;PORTS:100,PORTM:150,PORTL:200
34461;Uunijuurekset, suolaa, öljyä;Root vegetables, baked, salt and oil;79.7;1.1;9.3;3.3;PORTS:100,PORTM:150,PORTL:200
34464;Feta-kasvispihvi, paistettu;Feta vegetable patty, fried;152.8;7.5;8.0;9.5;PORTS:100,PORTM:150,PORTL:225
34465;Punajuuripestokastike;Beetroot pesto sauce;250.5;4.0;6.1;23.2;PORTS:15,PORTM:30,PORTL:60,DL:100,RKL:15
34466;Paprika, uunissa;Sweet pepper, baked;108.2;1.0;4.8;9.1;PORTS:100,PORTM:150,PORTL:200
34467;Kasviskeitto, paahdettu paprikakeitto;Roasted sweet pepper soup;80.3;1.0;4.3;6.1;PORTS:200,PORTM:350,PORTL:400,DL:100,RKL:15
34468;Punajuuri-sinihomejuustovuoka, ruokakerma;Beetroot and blue cheese casserole, cooking cream;121.7;4.5;7.2;7.7;PORTS:200,PORTM:300,PORTL:400
34469;Punajuuri-vuohenjuustovuoka, ruokakerma;Beetroot and goat cheese casserole, cooking cream;182.3;7.0;8.0;13.1;PORTS:200,PORTM:300,PORTL:400
34470;Pasta carbonara, pekoni;Pasta carbonara, bacon;212.8;10.4;11.1;14.1;PORTS:250,PORTM:300,PORTL:350,DL:100,RKL:15
34471;Kalkkunaleike, kalkkunaa cordon bleu, paistettu;Turkey cordon bleu, fried;215.3;24.2;6.8;10.0;PORTS:150,PORTM:175,PORTL:195
34472;Kasslerpaisti, keitetty, suolaton;Pork, kassler steak, boiled, without salt;105.5;9.2;0.0;7.7;PORTS:100,PORTM:120,PORTL:150
34473;Nyhtöpossu, pulled pork;Pulled pork;108.7;5.9;6.2;6.5;PORTS:100,PORTM:120,PORTL:150
34474;Hampurilainen, nyhtöpossu ja rouhesämpylä;Hamburger, pulled pork and wheat roll with crushed grain;186.8;6.6;16.9;9.8;KPL_M:250,PORTS:150,PORTM:250,PORTL:350
34475;Smoothie, vihersmoothie, pinaatti, avokado, kurkku, banaani, ananas;Smoothie, green smoothie, spinach, avocado, cucumber, banana, pineapple;81.1;2.2;4.6;5.4;PORTS:100,PORTM:200,PORTL:300,DL:100,RKL:15,TL:5
34476;Kala-kasvispaistos, seiti, juurekset, tomaattimurska;Fish vegetable casserole, saithe, root vegetables, tomato;57.8;6.5;3.6;1.4;PORTS:100,PORTM:200,PORTL:300
34477;Kala-katkarapuvuoka, seiti, kasviksia, tomaattimurska;Fish shrimp casserole, saithe, vegetables, tomato;78.5;7.6;2.3;3.9;PORTS:100,PORTM:200,PORTL:300
34478;Seiti, uunissa;Saithe, oven-baked;93.3;20.4;0.0;1.2;PORTS:100,PORTM:140,PORTL:215
34480;Kala, painotettu keskiarvo, uunissa;Fish, weighted average, baked;167.3;21.8;0.0;8.9;PORTS:100,PORTM:160,PORTL:215
34481;Kalapasteija, savulohipasteija, lohipiirakka;Fish pasty, smoked salmon pasty;291.3;7.2;20.6;20.0;KPL_M:75,PORTS:40,PORTM:80,PORTL:130
34484;Lohifilee, pestolohi, uunissa;Salmon fillet, pesto salmon, oven-baked;234.4;19.7;0.2;17.2;PORTS:100,PORTM:160,PORTL:215
34485;Kylmä kastike, lohitartarkastike, smetana;Tartar sauce, salmon tartar, sour cream;185.6;12.1;1.3;14.4;PORTS:20,PORTM:40,PORTL:100,DL:100,RKL:15
34488;Jauheliha-linssikeitto, naudanpaisti;Beef steak mince soup, lentils;98.8;9.1;7.6;3.3;PORTS:200,PORTM:350,PORTL:400,DL:100,RKL:15,TL:5
34489;Tomaattikeitto, kylmä, gazpacho;Cold tomato soup, gazpacho;92.2;0.7;3.7;7.9;PORTS:100,PORTM:150,PORTL:200,DL:100,RKL:15
34490;Kurpitsakeitto, ruoanvalmistuskerma;Pumpkin soup, cooking cream;39.6;1.0;2.1;2.6;PORTS:200,PORTM:350,PORTL:400,DL:100,RKL:15
34491;Banaanipannukakku, ei sisällä viljaa;Banana egg pancake;213.3;6.6;9.3;16.6;PORTS:100,PORTM:200,PORTL:300
34492;Pinaatti, paistettu;Spinach, fried;148.3;2.0;1.8;14.2;PORTS:40,PORTM:60,PORTL:100,DL:70
34493;Ateriasalaatti, itämainen nuudelisalaatti, riisinuudeli, jauheliha;Noodle salad with beef steak mince;132.3;10.1;11.2;4.9;PORTS:200,PORTM:250,PORTL:300,DL:75
34494;Kaurapuuro, vesi, kookosmaito, kananmuna, banaani, suolaa;Oat porridge, oat flakes, water, coconut milk, egg, banana, salt;64.8;2.2;6.7;3.0;PORTS:150,PORTM:230,PORTL:320,DL:100,RKL:15,TL:5
34495;Nuudeli-tofukeitto, kookosmaito;Noodle soup with tofu and coconut milk;113.4;3.2;7.5;7.6;PORTS:200,PORTM:350,PORTL:400,DL:100,RKL:15
34496;Peruna-parsakaalisosekeitto, vesi, sulatejuusto;Puréed potato broccoli soup, water, processed cheese;65.2;3.1;7.7;2.0;PORTS:200,PORTM:350,PORTL:400,DL:100,RKL:15
34497;Palsternakka-omenakeitto, kasvirasvakerma;Parsnip apple soup, pureed, cooking cream (veg. fat);83.3;0.8;5.0;6.2;PORTS:200,PORTM:350,PORTL:400,DL:100,RKL:15,TL:5
34498;Ateriasalaatti, katkarapu-nuudelisalaatti, lehtikaali, maapähkinäkastike;Noodle salad with shrimps, kale, peanut sauce;72.4;3.5;8.4;2.3;PORTS:200,PORTM:250,PORTL:300,DL:75
34499;Ateriasalaatti, halloumisalaatti, granaattiomena, öljykastike;Halloumi cheese salad, pomegranate, oil-based dressing;180.7;7.5;3.5;15.0;PORTS:200,PORTM:250,PORTL:300,DL:75
34500;Ateriasalaatti, mansikka-halloumisalaatti, öljykastike;Halloumi cheese salad, strawberry, oil-based dressing;163.8;6.5;6.0;12.2;PORTS:200,PORTM:250,PORTL:300,DL:75
34501;Ateriasalaatti, kuskussalaatti, halloumi, öljykastike;Couscous salad with halloumi cheese, oil-based dressing;186.3;8.9;11.9;11.1;PORTS:200,PORTM:250,PORTL:300,DL:75
34502;Avokadopasta;Avocado pasta;164.1;4.7;11.1;10.8;PORTS:250,PORTM:300,PORTL:350
34503;Tofu-kasviswokki, wokkivihannekset;Tofu vegetable wok, wok-vegetables;115.3;3.5;10.1;6.2;PORTS:300,PORTM:350,PORTL:400
34504;Tofu-nuudeliwokki;Tofu noodle wok;98.8;3.0;10.3;4.6;PORTS:300,PORTM:350,PORTL:400
34505;Näkkileipä, siemennäkkileipä, gluteeniton, kotitekoinen;Crispbread, seed crispbread, gluten-free, home-made;366.5;13.3;16.0;26.8;KPL_S:10,KPL_M:15,KPL_L:20,PORTS:20,PORTM:35,PORTL:50
34506;Näkkileipä, siemennäkkileipä, kotitekoinen;Crispbread, seed crispbread, home-made;261.1;8.8;14.6;17.5;KPL_S:10,KPL_M:15,KPL_L:20,PORTS:20,PORTM:35,PORTL:50
34507;Näkkileipä, siemennäkkileipä, kananmunaa, gluteeniton, kotitekoinen;Crispbread, seed crispbread with egg, gluten-free, home-made;423.3;19.1;11.3;32.4;KPL_S:10,KPL_M:15,KPL_L:20,PORTS:20,PORTM:35,PORTL:50
34508;Tuorepuuro, jogurtti;Raw porridge, yoghurt;119.4;5.6;8.2;6.8;PORTS:150,PORTM:230,PORTL:320,DL:100,RKL:15,TL:5
34509;Kakku, mutakakku, voi, ei jauhoja, luontaisesti gluteeniton;Cake, mud cake, butter, without flour, naturally gluten-free;450.2;7.1;33.8;31.0;KPL_S:40,KPL_M:70,KPL_L:100,PORTS:40,PORTM:70,PORTL:100
34510;Salaatti, avokado-perunasalaatti, oliiviöljy;Salad, avocado potato salad, olive oil;132.9;1.9;10.6;8.6;PORTS:50,PORTM:75,PORTL:100,DL:70,RKL:14
34511;Ateriasalaatti, munakoiso-kikhernesalaatti, jogurttikastike;Aubergine chick pea salad, yoghurt dressing;102.2;2.1;5.5;7.5;PORTS:200,PORTM:250,PORTL:300,DL:75
34512;Risotto, parsarisotto, valkoviiniä;Risotto, asparagus risotto, white wine;81.6;2.4;9.8;2.6;PORTS:300,PORTM:350,PORTL:400
34513;Risotto, tattirisotto, valkoviiniä;Risotto, porcini risotto, white wine;151.1;2.9;12.5;8.6;PORTS:300,PORTM:350,PORTL:400
34514;Lehtikaali, paistettu;Kale, fried;156.8;2.3;2.7;13.9;PORTS:40,PORTM:60,PORTL:100,DL:70
34515;Ateriasalaatti, lehtikaali-fetajuustosalaatti;Kale and feta cheese salad;121.6;4.3;2.6;9.7;PORTS:200,PORTM:250,PORTL:300,DL:75
34516;Punasipuli, paistettu;Red onion, fried;125.8;1.7;6.1;10.1;PORTS:40,PORTM:60,PORTL:100,DL:70
34517;Poro-kantarellipiirakka, muropohja;Reindeer and chanterelle pie, shortcrust pastry;246.8;6.5;14.7;17.6;KPL_S:80,KPL_M:115,KPL_L:150,PORTS:80,PORTM:120,PORTL:160
34518;Purjosipuli, paistettu;Leek, fried;104.2;2.0;2.7;9.1;PORTS:40,PORTM:60,PORTL:100,DL:70
34519;Kylmä kastike, kylmäsavuporokastike;Tartar sauce, cold smoked reindeer;169.7;8.3;2.5;13.8;PORTS:20,PORTM:40,PORTL:100,DL:100,RKL:15
34520;Kylmä kastike, katkarapukastike, ranskankerma;Tartar sauce, shrimp tartar, crème fraîche;139.9;7.7;1.8;10.9;PORTS:20,PORTM:40,PORTL:100,DL:100,RKL:15
34521;Kylmä kastike, tonnikalakastike, kermaviili;Cold tuna sauce, sour cream;120.8;9.1;4.2;7.2;PORTS:20,PORTM:40,PORTL:100,DL:100,RKL:15
34522;Lasagne, poronliha;Lasagne, reindeer;143.1;9.2;10.1;7.0;PORTS:220,PORTM:300,PORTL:350
34523;Ananassalsa;Pineapple salsa;49.9;0.7;9.7;0.4;PORTS:15,PORTM:45,PORTL:100,DL:100,RKL:15,TL:5
34524;Avokado-quesadilla;Avocado quesadilla;186.9;6.1;18.3;9.2;KPL_M:100,PORTS:100,PORTM:200,PORTL:300
34525;Kääretorttu, unelmatorttu;Chocolate swiss roll;383.0;6.3;40.8;21.4;KPL_S:10,KPL_M:20,KPL_L:40,PORTS:30,PORTM:50,PORTL:100
34526;Fenkoli, salaattifenkoli, paistettu;Florence fennel, fried;101.4;1.1;2.1;9.4;PORTS:40,PORTM:60,PORTL:100,DL:70
34527;Fenkolikeitto, kerma;Florence fennel soup, puréed;45.7;0.9;1.7;3.5;PORTS:200,PORTM:350,PORTL:400,DL:100,RKL:15
34528;Kakku, suklaaraakakakku;Cake, raw chocolate cake;463.9;6.5;21.4;38.5;KPL_S:40,KPL_M:70,KPL_L:100,PORTS:40,PORTM:70,PORTL:100
34529;Kakku, vadelmaraakakakku;Cake, raw raspberry cake;405.7;6.3;19.2;33.1;KPL_M:80,KPL_L:120,PORTS:40,PORTM:70,PORTL:100
34530;Kakku, mustaherukkaraakakakku;Cake, raw blackcurrant cake;337.1;4.5;18.0;26.5;KPL_M:80,KPL_L:120,PORTS:40,PORTM:70,PORTL:100
34531;Kakku, mangoraakakakku;Cake, raw mango cake;373.5;8.0;21.7;27.7;KPL_M:80,KPL_L:120,PORTS:40,PORTM:70,PORTL:100
34532;Kakku, porkkanaraakakakku;Cake, raw carrot cake;263.7;7.1;18.8;16.8;KPL_M:80,KPL_L:120,PORTS:40,PORTM:70,PORTL:100
34533;Mysli, granola, kotitekoinen;Muesli, granola, home-made;483.5;12.7;35.5;30.5;PORTS:12,PORTM:25,PORTL:40,DL:50,RKL:7.5,TL:2.5
34534;Sienipiirakka, suppilovahvero, muropohja;Mushroom pie, funnel chanterelle, shortcrust pastry;237.8;7.0;13.5;16.8;KPL_S:80,KPL_M:115,KPL_L:150,PORTS:80,PORTM:120,PORTL:160
34535;Kantarelli, kokoon keitetty;Chanterelle, kokt;35.3;2.6;2.1;0.9;PORTS:80,PORTM:150,PORTL:200,DL:80,RKL:20
34536;Suppilovahvero, paistettu;Funnel chanterelle, fried;88.7;2.6;0.5;7.7;PORTS:80,PORTM:150,PORTL:200,DL:80,RKL:20
34537;Suppilovahvero, kokoon keitetty;Funnel chanterelle, boiled;31.7;2.9;0.6;1.1;PORTS:80,PORTM:150,PORTL:200,DL:80,RKL:20
34539;Risotto, punajuuririsotto, vuohenjuusto, valkoviiniä;Risotto, beetroot risotto, chevre, white wine;152.5;4.1;19.0;6.3;PORTS:300,PORTM:350,PORTL:400
34540;Feta-pinaattikastike, ruoanvalmistuskerma;Feta cheese spinach gravy, cooking cream;161.0;5.8;2.2;13.8;PORTS:150,PORTM:200,PORTL:250,DL:100
34541;Lasagne, sieni-fetalasagne;Lasagne, mushroom feta cheese lasagne;138.0;6.4;13.4;5.8;PORTS:220,PORTM:300,PORTL:350,DL:120,RKL:18
34542;Lasagne, naudanpaisti, tumma makaroni;Lasagne, beef steak mince, whole wheat pasta;152.4;9.0;13.2;6.7;PORTS:220,PORTM:300,PORTL:350,DL:120,RKL:18
34543;Lasagne, naudanpaisti, gluteeniton;Lasagne, beef steak mince, gluten-free;152.3;8.3;14.3;6.6;PORTS:220,PORTM:300,PORTL:350,DL:120,RKL:18
34544;Tomaatti-mozzarellapiirakka, muropohja, perunasosejauhe;Tomato and mozzarella pie, shortcrust pastry, mashed potato powder;271.1;7.4;15.2;19.5;KPL_S:80,KPL_M:115,KPL_L:150,PORTS:80,PORTM:120,PORTL:160
34545;Smoothie, vihersmoothie, lehtikaali, omena, kurkku, banaani;Smoothie, green smoothie, kale, apple, cucumber, banana;28.1;0.6;5.1;0.2;PORTS:100,PORTM:200,PORTL:300,DL:100,RKL:15,TL:5
34546;Smoothie, mustikka-kookosmaito;Smoothie, blueberry and coconut milk;133.1;4.7;10.9;7.4;PORTS:100,PORTM:200,PORTL:300,DL:100,RKL:15,TL:5
34547;Smoothie, mangosmoothie, jogurtti, ananasmehu;Smoothie, mango smoothie, yoghurt, pineapple juice;75.2;1.6;14.0;1.1;PORTS:100,PORTM:200,PORTL:300,DL:100,RKL:15,TL:5
34548;Smoothie, mango-ananas-kookosmaito;Smoothie, mango, pineapple and coconut milk;112.2;1.2;9.9;7.2;PORTS:100,PORTM:200,PORTL:300,DL:100,RKL:15,TL:5
34549;Smoothie, marjasmoothie, jogurtti, kauralese, auringonkukansiemen;Smoothie, berry smoothie, yoghurt, oat bran and sunflower seed;104.6;4.5;8.1;5.1;PORTS:100,PORTM:200,PORTL:300,DL:100,RKL:15,TL:5
34550;Smoothie, vihersmoothie, omena, selleri, kurkku;Smoothie, green smoothie, apple, celery, cucumber;20.8;0.3;4.0;0.1;PORTS:100,PORTM:200,PORTL:300,DL:100,RKL:15,TL:5
34551;Smoothie, porkkana-appelsiini-mansikkasmoothie;Smoothie, carrot, orange and strawberry smoothie;30.0;0.4;5.3;0.2;PORTS:100,PORTM:200,PORTL:300,DL:100,RKL:15,TL:5
34552;Kvinoarisotto, sienirisotto, valkoviiniä;Quinoa risotto, mushroom risotto, white wine;163.9;6.0;14.3;8.1;PORTS:300,PORTM:350,PORTL:400
34553;Kvinoarisotto, kvinoa-tomaattirisotto;Quinoa risotto, quinoa tomato risotto;165.7;5.6;14.7;8.7;PORTS:300,PORTM:350,PORTL:400
34554;Jäädyke, mansikkajäätelö, kotitekoinen, sis. soijaa;Parfait, strawberry ice cream, home-made;93.3;1.5;13.1;3.3;PORTS:30,PORTM:65,PORTL:125,DL:70
34555;Ohukainen, soijajuoma, riisijauho, gluteeniton, maidoton, kananmunaton;Thin pancake, soya drink, rice flour, gluten-free, dairy-free, egg-free;136.5;3.4;20.4;4.3;KPL_S:18,KPL_M:40,KPL_L:70,PORTS:75,PORTM:150,PORTL:300
34556;Kaakaojuoma, kylmä, kaurajuoma;Chocolate milk, cold, oat drink;50.5;1.1;9.0;0.8;PORTS:170,PORTM:250,PORTL:450,DL:100,RKL:15,TL:5
34557;Jauhelihakastike, tomaattinen, hirvenliha, suurustamaton;Bolognese, minced elk;90.5;12.4;2.3;3.1;PORTS:100,PORTM:180,PORTL:250,DL:100,RKL:15,TL:5
34558;Pizza, kinkku-juustopizza, pizza bianca, ei tomaattikastiketta;Pizza, ham and cheese pizza, pizza bianca, without tomato;315.8;16.7;16.4;19.7;KPL_S:200,KPL_M:320,KPL_L:585,PORTS:75,PORTM:175,PORTL:350
34559;Pizza, tomaatti-mozzarellapizza, kukkakaalipohjainen pizza;Pizza, tomato and mozzarella pizza, cauliflower crust;106.7;6.5;2.4;7.4;KPL_S:200,KPL_M:320,KPL_L:585,PORTS:75,PORTM:175,PORTL:350
34560;Pizza, kasvispizza, pizza bianca, ei tomaattikastiketta;Pizza, vegetarian pizza, pizza bianca, without tomato;127.8;3.6;13.5;5.7;KPL_S:200,KPL_M:320,KPL_L:585,PORTS:75,PORTM:175,PORTL:350
34561;Papu-kvinoapihvi/pyörykkä, paistettu;Bean quinoa patty, fried;225.8;8.8;15.6;13.1;KPL_M:100,PORTS:100,PORTM:150,PORTL:225
34562;Lehtikaalisipsit;Kale chips;165.8;2.8;1.8;15.1;PORTS:20,PORTM:50,PORTL:100
34563;Pulla, korvapuusti, runsasrasvainen, täysmaito, voi;Bun, cinnamon bun, high-fat, whole milk, butter;334.5;7.7;46.8;12.3;KPL_S:40,KPL_M:60,KPL_L:105,PORTS:40,PORTM:70,PORTL:105
34564;Pannukakku, ahvenanmaan pannukakku, kevytmaito;Oven-baked pancake, åland's pancake, low-fat milk;139.5;6.3;15.4;5.7;KPL_M:85,PORTS:85,PORTM:170,PORTL:250
34565;Ateriasalaatti, bataatti-fetajuustosalaatti, öljykastike;Sweet potato and feta salad, oil-based dressing;116.4;4.2;11.0;5.5;PORTS:200,PORTM:250,PORTL:300,DL:75
34566;Salaatti, coleslaw-salaatti, kotitekoinen;Salad, coleslaw, home-made;100.4;1.3;4.8;8.0;PORTS:50,PORTM:75,PORTL:100,DL:90
34567;Kasviskaalikääryle, soijarouhe;Stuffed cabbage rolls, soya mince;76.1;3.7;8.8;2.3;KPL_M:115,PORTS:110,PORTM:225,PORTL:330
34568;Lihapata, hirvipata, porkkana, sipuli, herkkusieni;Elk stew with carrot, onion and champignon;97.1;14.7;1.4;2.9;PORTS:150,PORTM:200,PORTL:250
34569;Sienikastike/muhennos, ruoanvalmistuskerma;Mushroom stew with cooking cream;121.7;2.7;2.8;10.3;PORTS:150,PORTM:200,PORTL:250,DL:100,RKL:15,TL:5
34570;Kasviskastike, punajuurikastike, tuorejuusto;Beetroot gravy, cream cheese;100.1;1.9;6.0;7.1;PORTS:150,PORTM:200,PORTL:250,DL:100,RKL:15
34571;Lohimurekepihvi, paistettu;Salmon cake, fried;234.0;15.3;7.2;15.8;KPL_S:50,KPL_M:70,KPL_L:100,PORTS:90,PORTM:120,PORTL:150
34572;Punajuuri-vuohenjuustopiirakka, muropohja;Beetroot chevre pie, shortcrust pastry;263.6;8.8;13.6;19.1;KPL_S:80,KPL_M:115,KPL_L:150,PORTS:80,PORTM:120,PORTL:160
34573;Keksi, cookie, suklainen keksi, kotitekoinen;Chocolate chip cookie, home-made;479.2;5.5;49.3;28.4;KPL_M:19,PORTS:20,PORTM:40,PORTL:100
34574;Keksi, kaurakeksi, kotitekoinen;Oat biscuit, home-made;443.0;5.4;59.9;19.7;PORTS:5,PORTM:13,PORTL:25
34575;Vorschmack, lampaan ja naudan jauheliha;Vorschmack, lamb mince, beef mince;248.3;17.1;1.9;19.3;KPL_M:65,PORTS:100,PORTM:150,PORTL:200
34576;Bataatti-kikhernecurry;Sweet potato chick pea curry;132.3;3.0;14.2;6.4;PORTS:200,PORTM:300,PORTL:400
34577;Broileripiirakka, muropohja;Chicken pie, shortcrust pastry;268.7;11.9;12.9;18.7;KPL_S:80,KPL_M:115,KPL_L:150,PORTS:80,PORTM:120,PORTL:160
34578;Broileripata, burgundinpata;Chicken stew, chicken burgundy;114.5;12.0;1.9;5.5;PORTS:150,PORTM:200,PORTL:250,DL:100,RKL:15,TL:5
34579;Naudanpaisti, paistettu ilman rasvaa;Beef round, fried without fat;161.5;30.8;0.0;4.1;PORTS:100,PORTM:120,PORTL:150
34580;Kasviskeitto, kasvisgulassi;Vegetarian goulash;40.4;0.7;3.2;2.4;PORTS:200,PORTM:350,PORTL:400,DL:100,RKL:15
34581;Papukeitto, tomaattimurska;Bean soup, tomato;46.3;2.1;5.8;1.0;PORTS:200,PORTM:350,PORTL:400,DL:100,RKL:15
34582;Parsakeitto, valkoviini, kerma;Asparagus soup, white wine, cream;52.1;1.3;2.8;3.3;PORTS:200,PORTM:350,PORTL:400,DL:100,RKL:15
34583;Suppilovahverokeitto, kerma;Funnel chanterelle soup, cream;97.9;2.0;2.8;8.1;PORTS:200,PORTM:350,PORTL:400,DL:100,RKL:15,TL:5
34584;Punajuuri-fetamunakas, uunissa;Beetroot feta cheese omelette, oven-baked;155.7;9.6;3.6;11.1;PORTS:100,PORTM:200,PORTL:300
34585;Skyr, maustamaton, rasvaa <0,5 %;Skyr, <0.5% fat;65.4;10.6;3.7;0.4;PORTS:125,PORTM:200,PORTL:250,DL:100,RKL:15,TL:5
34586;Skyr, makeutettu sokerilla, rasvaa <0,5 %;Skyr, sweetened with sugar, <0.5% fat;92.5;10.0;11.4;0.3;KPL_VALM:170,PORTS:85,PORTM:170,PORTL:340,DL:100,RKL:15,TL:5
34587;Skyr, keinotekoisesti makeutettu, rasvaa <0,5 %;Skyr, artificially sweetened, <0.5% fat;64.8;9.8;4.4;0.4;PORTS:125,PORTM:200,PORTL:250,DL:100,RKL:15,TL:5
34588;Skyr, keinotekoisesti makeutettu, rasvaa 2 %;Skyr, artificially sweetened, 2% fat;78.8;9.8;4.3;2.0;KPL_VALM:170,PORTS:85,PORTM:170,PORTL:340,DL:100,RKL:15,TL:5
34589;Skyr, makeutettu sokerilla ja stevialla, rasvaa <0,5 %;Skyr, sweetened with sugar and stevia, <0.5% fat;78.7;9.2;8.7;0.3;KPL_VALM:170,PORTS:85,PORTM:170,PORTL:340,DL:100,RKL:15,TL:5
34590;Rahka, rahkajogurtti, maustamaton, rasvaa 0,9 %;Quark, quark yoghurt, plain, 0.9% fat;58.1;8.2;3.4;0.9;PORTS:125,PORTM:200,PORTL:250,DL:100,RKL:15,TL:5
34591;Rahka, maustamaton, kermarahka, rasvaa 10 %;Cream quark, 10% fat;134.9;7.8;3.0;10.0;PORTS:125,PORTM:200,PORTL:250,DL:100,RKL:15,TL:5
34592;Rahka, maitorahka, maustamaton, rasvaa 2,3 %, vl;Quark, 2,3% fat, low-lactose;73.6;9.4;3.1;2.3;PORTS:125,PORTM:200,PORTL:250,DL:100,RKL:15,TL:5
34593;Skyr, maustamaton, rasvaa 4 %;Skyr, plain, 4% fat;94.9;10.1;3.6;4.0;KPL_VALM:170,PORTS:85,PORTM:170,PORTL:340,DL:100,RKL:15,TL:5
34594;Rahka, maustettu, rasvaa 8,8 %, minttu-suklaa, valio, laktoositon;Quark, flavoured, 8.8% fat, mint chocolate, valio, lactose-free;172.8;7.2;15.4;8.8;KPL_VALM:200,PORTS:125,PORTM:200,PORTL:250,DL:100,RKL:15
34595;Rahka, maustettu, rasvaa 7 %, vl;Quark, flavoured, 7% fat, low-lactose;153.2;7.2;14.5;7.0;KPL_VALM:200,PORTS:125,PORTM:200,PORTL:250,DL:100,RKL:15,TL:5
34596;Rahka, maustettu, profeel proteiinikerrosrahka, laktoositon;Quark, flavoured, profeel protein quark with jam, lactose-free;77.4;8.3;9.0;0.4;KPL_VALM:175,PORTS:125,PORTM:175,PORTL:250
34597;Rahka, maustettu, profeel proteiinirahka, keinotek. makeutettu, laktoositon;Quark, flavoured, profeel protein quark, artificially sweetened, lactose-free;72.7;11.1;5.1;0.4;KPL_VALM:175,PORTS:125,PORTM:175,PORTL:250
34598;Rahkajuoma;Quark, drinkable;48.6;7.1;3.8;0.3;PORTS:150,PORTM:200,PORTL:400,DL:100,RKL:15,TL:5
34600;Rahka, maustettu, rasvaa 4,5 %;Quark, flavoured, 4.5% fat;119.6;6.2;13.2;4.5;KPL_VALM:150,PORTS:125,PORTM:150,PORTL:250
34601;Rahka, maustettu, arla protein proteiinirahka, laktoositon;Quark, flavoured, arla protein quark, lactose-free;78.3;9.9;7.6;0.4;KPL_VALM:200,PORTS:150,PORTM:200,PORTL:250
34602;Rahka, maitorahka, maustamaton, rasvaa 0,3 %, proteiinia 12 %, laktoositon;Quark, 0.3% fat, 12% protein, lactose-free;72.8;12.1;4.1;0.4;PORTS:125,PORTM:200,PORTL:250,DL:100,RKL:15,TL:5
34603;Jogurtti, maustettu, valio sileä, rasvaa 4,6 %, d-vitamiinia 1 ug, vl;Yoghurt, flavoured, 4,6% fat, valio sileä, 1 ug vitamin d, low-lactose;94.7;3.2;9.7;4.7;KPL_VALM:150,PORTS:100,PORTM:150,PORTL:200,DL:100,RKL:15,TL:5
34605;(arc)jogurtti, a+ kreikkalainen kerrosjogurtti, valio, rasvaa 2 %, laktoositon;(arc) yoghurt, flavoured, valio a+ kreikkalainen, 2% fat, lactose-free;77.9;6.9;7.6;2.0;KPL_VALM:150,PORTS:100,PORTM:150,PORTL:200,DL:100,RKL:15,TL:5
34606;Jogurtti, juotava, rasvaa 1,7 %, valio play, laktoositon, d-vit 1,5 ug;Yoghurt, drinkable, 1.7% fat, valio play, lactose-free, 1.5 ug vitamin d;74.4;2.9;11.5;1.7;KPL_VALM:100,PORTS:50,PORTM:100,PORTL:200,DL:100,RKL:15,TL:5
34607;Jogurtti, maustettu, rahkainen jogurtti, valio, rasvaa 1,7 %, vl;Yoghurt with quark, flavoured, valio, 1.7% fat, low-lactose;82.3;5.2;10.3;1.7;KPL_VALM:150,PORTS:100,PORTM:150,PORTL:200,DL:100,RKL:15,TL:5
34608;(arc)jogurtti, juotava, valiojogurtti rahkainen, rasvaa 1,2 %, vl, d-vit 1 ug;(arc)yoghurt, drinkable, valio yoghurt with quark, 1.2% fat, 1 ug vitamin d;69.6;4.5;9.7;1.2;KPL_VALM:750,PORTS:150,PORTM:200,PORTL:250,DL:100,RKL:15,TL:5
34609;(arc)jogurtti, maustettu,valio olo 70, rasvaa 0,8%, laktoosit., d-vit 1ug, prob.;(arc)yoghurt, flavoured, valio olo 70, 0.8% fat, 1 ug vitamin d, probiotics;69.5;3.5;10.0;0.8;KPL_VALM:125,PORTS:100,PORTM:150,PORTL:200,DL:100,RKL:15,TL:5
34611;Jogurtti, maustamaton, kreikkalainen, rasvaa 7 %, laktoositon;Yoghurt, plain, greek, 7% fat, lactose-free;107.1;8.1;2.9;7.0;PORTS:150,PORTM:200,PORTL:250,DL:100,RKL:15,TL:5
34612;Välipalajuoma, gefilus tehoshot, rasvaton, laktoositon, d-vit. 1,5 ug, prob.;Gefilus drink, effect drink, fat-free, lactose-free, vitamin d, probiotics;53.8;3.0;9.1;0.4;KPL_M:100,KPL_VALM:100,PORTS:50,PORTM:100,PORTL:200,DL:100,RKL:15,TL:5
34613;Jogurtti, juotava, gefilus smoothie, rasvaa 1,4 %, laktoositon, d-vit. 1,5 ug;Yoghurt, drinkable, gefilus smoothie, 1.4% fat, lactose-free, 1 ug vitamin d;64.8;2.5;10.1;1.4;KPL_VALM:250,PORTS:125,PORTM:250,PORTL:300,DL:100,RKL:15,TL:5
34614;Välipalajuoma, gefilus kefir, rasvaa 2 %, laktoositon, d-vit 1 ug, probiootteja;Gefilus kefir drink, 2% fat, lactose-free, 1 ug vitamin d, probiotics;65.2;3.3;8.0;2.1;KPL_VALM:100,PORTS:50,PORTM:100,PORTL:200,DL:100,RKL:15,TL:5
34615;Välipalajuoma, gefilus kefir, maustamaton, rasvaa 2,5 %, eila, d-vit 1ug , prob.;Gefilus kefir drink, plain, fat 2.5%, 1 ug vitamin d, lactose-free, probiotics;56.8;3.9;4.5;2.5;PORTS:150,PORTM:200,PORTL:250,DL:100,RKL:15,TL:5
34616;Jogurtti, maustettu, rasvaa 2,7%, gefilus kefir, laktoositon, d-vit 1 ug, prob.;Yoghurt, flavoured, 2.7% fat, gefilus kefir, lactose-free,1 ug vitamin d, prob.;69.4;3.2;7.8;2.7;PORTS:150,PORTM:200,PORTL:250,DL:100,RKL:15,TL:5
34618;Jogurtti, juotava, rasvaa 2 %, valio kreikkalainen, laktoositon, d-vit 1 ug;Yoghurt, drinkable, 2% fat, valio greek, lactose-free, 1 ug vitamin d;78.8;2.7;12.1;2.0;KPL_VALM:250,PORTS:125,PORTM:250,PORTL:300,DL:100,RKL:15,TL:5
34619;Jogurtti, maustettu, valio kreikkalainen, rasvaa 4,7 %, laktoositon;Yoghurt, flavoured, valio greek, 4.7% fat, lactose-free;119.7;5.4;13.4;4.7;KPL_VALM:150,PORTS:100,PORTM:150,PORTL:200,DL:100,RKL:15,TL:5
34620;Jogurtti, maustettu, valio kreikkalainen, rasvaa 6 %, laktoositon;Yoghurt, flavoured, valio greek, 6% fat, lactose-free;129.9;5.4;13.2;6.0;KPL_VALM:150,PORTS:100,PORTM:150,PORTL:200,DL:100,RKL:15,TL:5
34621;Jogurtti, maustettu, rasvaa 3,3%, valio hedelmäinen, laktoositon;Yoghurt, flavoured, 3.3% fat, valio fruity, lactose-free;98.5;2.3;14.0;3.3;KPL_VALM:150,PORTS:100,PORTM:150,PORTL:200,DL:100,RKL:15,TL:5
34625;Jogurtti, maustettu, rasvaa 2 %, -30% sokeria, luomu, laktoositon;Yoghurt, flavoured, 2% fat, -30% sugar, organic, lactose-free;76.3;3.4;10.5;2.1;PORTS:150,PORTM:200,PORTL:250,DL:100,RKL:15,TL:5
34626;Jogurtti, maustettu, rasvaa 2 %, -50% sokeria, luomu, laktoositon;Yoghurt, flavoured, 2% fat, -50% sugar, organic, lactose-free;70.5;3.5;9.1;2.1;PORTS:150,PORTM:200,PORTL:250,DL:100,RKL:15,TL:5
34630;Jogurtti, maustamaton, a+, rasvaa 2,5 %, laktoositon, d-vit 1 ug;Yoghurt, plain, a+, fat 2.5%, lactose-free, 1 ug vitamin d;60.1;4.2;5.0;2.5;KPL_VALM:150,PORTS:100,PORTM:150,PORTL:200,DL:100,RKL:15,TL:5
34631;Jogurtti, maustettu, a+ lisäaineeton jogurtti, rasvaa 3 %, laktoositon;Yoghurt, flavoured, a+ without additives, 3% fat, lactose-free;82.4;3.2;10.1;3.0;PORTS:150,PORTM:200,PORTL:250,DL:100,RKL:15,TL:5
34634;Jogurtti, maustamaton, a+ kreikkalainen, rasvaa 2 %, laktoositon, d-vit 0,8 ug;Yoghurt, plain, a+ greek, 2 % fat, lactose-free, 0.8 ug vitamin d;58.2;5.8;4.0;2.0;PORTS:150,PORTM:200,PORTL:250,DL:100,RKL:15,TL:5
34635;Jogurtti, turkkilainen/kreikkalainen, rasvaa 10 %, laktoositon;Yoghurt, turkish/greek, 10% fat, lactose-free;121.6;3.4;4.6;10.0;PORTS:150,PORTM:200,PORTL:250,DL:100,RKL:15,TL:5
34636;Jogurtti, maustamaton, rasvaa 2,5 %, luomu, laktoositon;Yoghurt, plain, 2,5 % fat, organic, lactose-free;60.2;4.2;5.0;2.5;PORTS:150,PORTM:200,PORTL:250,DL:100,RKL:15,TL:5
34637;Jogurtti, ihana rahkaisa jogurtti, arla, rasvaa 1,4%, 0,4 ug d-vit., laktoositon;Yoghurt with quark, flavoured, arla, 1.4% fat, 0,4 ug vitamin d, lactose-free;82.8;5.0;11.9;1.4;KPL_VALM:150,PORTS:100,PORTM:150,PORTL:200,DL:100,RKL:15,TL:5
34638;Jogurtti, maustamaton, luomu, rasvaa 3 %;Yoghurt, plain, organic, 3% fat;62.8;4.0;4.8;3.0;PORTS:150,PORTM:200,PORTL:250,DL:100,RKL:15,TL:5
34639;Jogurtti, maustettu, rasvaa 2%, arla luonto+ hunaja, d-vit 1ug, prob, laktoosit.;Yoghurt, flavoured, 2% fat, arla luonto+ honey, 1ug vitamin d, prob,lactose-free;66.2;3.8;8.0;2.0;PORTS:150,PORTM:200,PORTL:250,DL:100,RKL:15,TL:5
34640;Jogurtti, maustettu, rasvaa 2 %, arla luonto+, d-vit 1 ug, ab, laktoositon;Yoghurt, flavoured, 2% fat, arla luonto+, 1 ug vitamin d, ab, lactose-free;73.9;3.9;9.6;2.1;PORTS:150,PORTM:200,PORTL:250,DL:100,RKL:15,TL:5
34641;Jogurtti, maustettu, rasvaa 1,9%, arla luonto+, 0,8ug d-vit., prob., laktoositon;Yoghurt, flavoured, 1,9% fat, arla luonto+, 0,8ug vitamin d, prob., lactose-free;72.5;3.8;9.5;2.0;KPL_VALM:150,PORTS:100,PORTM:150,PORTL:200,DL:100,RKL:15,TL:5
34642;Jogurtti, luonto+ rahkajogurtti, arla, rasvaa 1,2%, ab, 0,5 ug d-vit, laktoosit.;Yoghurt with quark, flavoured, luonto+, 1.2% fat, ab, 0,5 ug vit d, lactose-free;76.0;6.2;9.1;1.3;KPL_VALM:400,PORTS:150,PORTM:200,PORTL:250,DL:100,RKL:15,TL:5
34643;(arc)jogurtti,maustamaton,luonto+rahka-,rasvaa 1,4%, 0,6ug d-vit, ab, laktoosit.;(arc)yoghurt with quark, plain, arla luonto+, 1.4% fat, vit d, ab, lactose-free;62.3;6.9;4.9;1.4;PORTS:150,PORTM:200,PORTL:250,DL:100,RKL:15,TL:5
34644;Jogurtti, maustettu, luonto+, rasvaton, d-vit 1 ug, ab, laktoositon;Yoghurt, flavoured, luonto+, fat-free, 1 ug vitamin d, ab, lactose-free;59.0;4.2;9.6;0.2;PORTS:150,PORTM:200,PORTL:250,DL:100,RKL:15,TL:5
34645;Jogurtti, maustettu, rasvaton, vl;Yoghurt, flavoured, fat-free, low-lactose;64.1;3.9;11.4;0.1;PORTS:150,PORTM:200,PORTL:250,DL:100,RKL:15,TL:5
34646;Jogurtti, maustettu, arla protein, rasvaa 1 %, laktoositon;Yoghurt, flavoured, arla protein, 1% fat, lactose-free;74.1;8.0;7.5;1.0;KPL_VALM:185,PORTS:150,PORTM:185,PORTL:250,DL:100,RKL:15,TL:5
34647;(arc) jogurtti, maustamaton, arla protein, rasvaa 1 %, laktoositon;(arc)yoghurt, plain, arla protein, 1% fat, lactose-free;64.7;8.7;4.6;1.0;KPL_VALM:185,PORTS:150,PORTM:185,PORTL:250,DL:100,RKL:15,TL:5
34648;Jogurtti, maustettu, arla protein jogurttikombo, rasvaa n. 4 %, laktoositon;Yoghurt, flavoured, arla protein  with granola, 4% fat, lactose-free;112.8;9.3;8.7;4.1;KPL_VALM:200,PORTS:150,PORTM:200,PORTL:250,DL:100,RKL:15,TL:5
34649;Rahka, maustettu, rasvaton, keinotekoisesti makeutettu, laktoositon;Quark, flavoured, fat-free, artificially sweetened, lactose-free;65.0;9.2;4.8;0.4;PORTS:125,PORTM:180,PORTL:250
34650;Jogurtti, juotava, rasvaton, keinotekoisesti makeutettu;Yoghurt, drinkable, fat-free, artificially sweetened;28.2;2.5;3.7;0.1;KPL_M:100,PORTS:50,PORTM:100,PORTL:200,DL:100,RKL:15,TL:5
34651;Kananmuna, kuoreton, luomu;Egg, without shell, organic;140.5;12.8;0.3;9.8;KPL_M:55,PORTS:30,PORTM:55,PORTL:165
34652;Jogurtti, maustettu, activia kevyt, rasvaton, osittain keinot. makeutettu, prob.;Yoghurt, flavoured, activia light, fat-free, partially artific. sweetened, prob.;61.7;4.8;9.3;0.3;KPL_VALM:125,PORTS:100,PORTM:125,PORTL:250,DL:100,RKL:15,TL:5
34653;Jogurtti, juotava, danup drink, rasvaa 0,8%;Yoghurt, drinkable, danup drink, 0.8% fat;63.9;1.6;12.1;0.8;KPL_M:300,KPL_VALM:300,PORTS:150,PORTM:300,PORTL:450,DL:100,RKL:15,TL:5
34654;Rahka, maustettu, rasvaa 4 %;Quark, flavoured, 4% fat;131.4;7.2;15.7;4.0;KPL_VALM:150,PORTS:125,PORTM:150,PORTL:250
34655;Rahka, maustettu, rasvaton, proteiinirahka, vl;Quark, flavoured, fat-free, protein quark, low-lactose;84.5;10.0;9.4;0.4;KPL_VALM:175,PORTS:125,PORTM:175,PORTL:250
34656;Jogurtti, maustamaton, rasvaa 4 %, laktoositon, probiootteja;Yoghurt, plain, 4% fat, lactose-free, probiotics;67.8;3.0;4.4;4.2;PORTS:150,PORTM:200,PORTL:250,DL:100,RKL:15,TL:5
34657;Jogurtti, maustettu, rasvaa 2 %, laktoositon;Yoghurt, flavoured, 2% fat, lactose-free;84.5;2.6;13.6;2.0;PORTS:150,PORTM:200,PORTL:250,DL:100,RKL:15,TL:5
34658;Jogurtti, maustettu, rasvaa 3,5 %, probiootteja;Yoghurt, flavoured, 3.5% fat, probiotics;95.7;2.6;13.0;3.5;KPL_VALM:150,PORTS:100,PORTM:150,PORTL:200,DL:100,RKL:15,TL:5
34659;Jogurtti, maustettu, rasvaa 2 %, ab, vl;Yoghurt, flavoured, 2% fat, ab, low-lactose;82.2;2.6;13.0;2.0;PORTS:150,PORTM:200,PORTL:250,DL:100,RKL:15,TL:5
34661;Kananmuna, luomu, keitetty;Egg, organic, boiled;167.2;15.3;0.4;11.7;KPL_M:55,PORTS:30,PORTM:60,PORTL:180
34662;Kananmuna, luomu, paistettu;Egg, organic, fried;223.4;14.6;0.4;18.4;KPL_M:55,PORTS:60,PORTM:120,PORTL:180
34664;Kylmä kastike, jogurttikastike;Yoghurt sauce;123.9;2.9;11.1;7.4;PORTS:20,PORTM:35,PORTL:50,DL:100,RKL:15,TL:5
34665;Kasviskastike, kasviscurry, kookosmaito, linssi;Vegetable gravy, vegetable curry, coconut milk, lins;109.2;2.8;6.6;7.6;PORTS:150,PORTM:200,PORTL:250,DL:100,RKL:15
34666;Hummus, kikhernetahna;Hummus, chick pea paste;160.4;6.0;11.5;9.1;PORTS:5,PORTM:15,PORTL:30,DL:100,RKL:10,TL:5
34667;Maapähkinälevite, ei lisättyä suolaa;Peanut butter without added salt;551.3;25.6;12.5;43.0;PORTS:5,PORTM:15,PORTL:30,DL:100,RKL:15,TL:5
34668;Siemensekoitus;Seed blend;613.7;27.9;3.0;53.9;KPL_VALM:80,PORTS:5,PORTM:15,PORTL:30,DL:70,RKL:10
34669;Kalakeitto, lohiseljanka;Russian fish soup, solyanka, salmon;75.9;6.1;2.6;4.5;PORTS:200,PORTM:350,PORTL:400,DL:100,RKL:15,TL:5
34671;Sekaleipä, siemenleipä, kivikauden leipä, kotitekoinen;Multigrain bread, seed bread, stone age bread;539.9;19.9;4.0;48.4;PORTS:20,PORTM:30,PORTL:40
34672;Bataattiranskalainen, uunissa;Sweet potato fries, oven-baked;155.4;1.9;20.9;6.3;PORTS:125,PORTM:180,PORTL:250
34673;Makaronilaatikko, liha-makaronilaatikko, sika-nauta, rasvaton maito;Macaroni and pork beef mince casserole, fat-free milk;117.6;7.3;8.9;5.7;PORTS:250,PORTM:300,PORTL:350
34674;Makaronilaatikko, liha-makaronilaatikko, naudanpaisti, rasvaton maito;Macaroni and beef steak mince casserole, fat-free milk;98.0;8.1;9.0;3.1;PORTS:250,PORTM:300,PORTL:350
34678;Uunivihannekset, suolaa, öljyä;Vegetables, baked, salt and oil;56.7;1.0;4.6;3.4;PORTS:100,PORTM:150,PORTL:200
34679;Jogurtti, maustettu, rasvaton, vl, d-vit 1 ug;Yoghurt, flavoured, fat-free, low-lactose, 1 ug vitamin d;58.1;3.9;9.8;0.1;PORTS:150,PORTM:200,PORTL:250,DL:100,RKL:15,TL:5
34680;Passionhedelmä;Passion fruit;87.8;2.2;13.0;0.7;KPL_M:50,PORTS:100,PORTM:240,PORTL:350
34681;Maapähkinälevite, suolaa ja sokeria;Peanut butter with added salt and sugar;583.1;22.5;11.3;48.8;PORTS:5,PORTM:15,PORTL:30,DL:100,RKL:15,TL:5
34682;Kaalipata, jauheliha, naudanliha, porkkana;Cabbage stew with beef mince and carrot;81.6;5.1;3.3;5.0;PORTS:250,PORTM:300,PORTL:350,DL:100,RKL:15
34683;Kaalipata, jauheliha, naudanpaisti, porkkana;Cabbage stew with beef steak mince and carrot;66.6;5.5;3.3;3.1;PORTS:250,PORTM:300,PORTL:350,DL:100,RKL:15
34684;Kaurapuuro, rasvaton maito, suolaton;Oat porridge, oat flakes, fat-free milk, without salt;89.6;4.9;13.7;1.2;PORTS:150,PORTM:230,PORTL:320,DL:100,RKL:15,TL:5
34685;Tomaatti, grillattu;Tomato, grilled;32.5;0.8;4.9;0.4;PORTS:50,PORTM:100,PORTL:200
34686;Kaurapuuro, siemeniä, vesi, suolaa;Oat porridge, oat flakes, seeds, water, salt;50.5;1.9;6.9;1.4;PORTS:150,PORTM:230,PORTL:320,DL:100,RKL:15,TL:5
34687;Moniviljapuuro, siemeniä, vesi, suolaa;Multigrain porridge, seeds, water, salt;47.1;1.6;6.6;1.3;PORTS:150,PORTM:230,PORTL:320,DL:100,RKL:15,TL:5
34688;Kookosvesi, makeuttamaton;Coconut water, unsweetened;16.8;0.2;3.9;0.0;PORTS:300,PORTM:400,PORTL:500,DL:100,RKL:15,TL:5
34689;Bataattiranskalainen, uppopaistettu;Sweet potato fries, deep-fried;163.5;1.7;18.6;8.4;PORTS:75,PORTM:110,PORTL:150,DL:45
34690;Tuorepuuro, tattari, jogurtti;Raw porridge, buckwheat, yoghurt;116.4;5.6;8.3;6.5;PORTS:150,PORTM:230,PORTL:320,DL:100,RKL:15,TL:5
34691;Kananmunan valkuainen, keitetty;Egg white, boiled;54.5;12.8;0.5;0.0;KPL_S:30,KPL_M:35,KPL_L:40,PORTS:35,PORTM:70,PORTL:105
34692;Kananmuna, omega, keitetty;Egg, omega, boiled;163.8;15.0;0.4;11.5;KPL_M:55,PORTS:30,PORTM:60,PORTL:180
34693;Kananmuna, omega, paistettu, ei rasvaa, suolaton;Egg, omega, fried, without fat and salt;172.0;15.7;0.4;12.1;KPL_M:55,PORTS:60,PORTM:120,PORTL:180
34694;Papaija, kuorittu;Papaya, without skin;39.2;0.5;7.8;0.3;KPL_M:300,PORTS:100,PORTM:200,PORTL:300,DL:85
34695;Ateriasalaatti, maalaissalaatti, pekoni, kananmuna, papu, ei kastiketta;Bacon salad with egg and beans, without dressing;96.2;5.6;2.4;6.8;PORTS:200,PORTM:250,PORTL:300,DL:75
34696;Ateriasalaatti, makkara-perunasalaatti, chorizo, öljykastike;Sausage salad, chorizo, potato, oil-based dressing;106.4;3.6;7.6;6.5;PORTS:200,PORTM:250,PORTL:300,DL:75
34697;Chorizo, paistettu ilman rasvaa;Chorizo, fried without fat;296.1;21.4;1.4;22.9;PORTS:50,PORTM:100,PORTL:200
34698;Täytetty leipä, patonki, kinkku, juusto, paprika, salaatti;Sandwich, baguette, ham, cheese, sweet pepper, lettuce;246.1;11.9;23.6;11.1;PORTS:170,PORTM:250,PORTL:320
34699;Ateriasalaatti, caesarsalaatti, katkarapu, caesarkastike, krutonki;Caesar salad with shrimps;202.7;8.6;8.3;15.0;PORTS:200,PORTM:250,PORTL:300
34700;Salaatinkastike, caesarkastike;Salad dressing, caesar dressing;593.1;5.5;1.8;63.6;PORTS:10,PORTM:25,PORTL:40,DL:95,RKL:14,TL:4.5
34701;Krutonki;Crouton;354.9;7.8;48.1;14.0;PORTS:5,PORTM:10,PORTL:25
34702;Ateriasalaatti, caesarsalaatti, juusto, caesarkastike, krutonki;Caesar salad;243.2;6.2;10.9;19.4;PORTS:200,PORTM:250,PORTL:300
34703;Jauhelihakeitto, sika-nauta, kevyt jauheliha;Low-fat pork beef mince soup;50.7;4.1;3.8;1.9;PORTS:200,PORTM:350,PORTL:400,DL:100,RKL:15
34704;Kaakaojuoma, sokeroitu, kevytmaito ja vesi;Cocoa, hot chocolate, low-fat milk and water, sweetened;37.2;1.8;5.1;1.0;PORTS:170,PORTM:250,PORTL:450,DL:100,RKL:15,TL:5
34705;Omenapiirakka, pehmeä pohja, kevytmaito;Apple pie, soft, low-fat milk;224.7;4.3;33.2;7.9;KPL_S:50,KPL_M:90,KPL_L:130,PORTS:80,PORTM:120,PORTL:160
34706;Broileripata, tomaattinen;Chicken stew with tomato;50.7;5.9;2.4;1.6;PORTS:200,PORTM:300,PORTL:400,DL:100
34707;Broilerikeitto, tomaattinen;Chicken soup with tomato;52.8;5.0;3.9;1.6;PORTS:200,PORTM:350,PORTL:400,DL:100,RKL:15
34708;Jauhelihakastike, tomaattinen, lampaanliha, suurustamaton;Bolognese, minced lamb;140.1;10.4;2.3;9.7;PORTS:100,PORTM:180,PORTL:250,DL:100,RKL:15,TL:5
34709;Naudanliha-nuudeliwokki, wokkivihannekset;Beef noodle wok, wok-vegetables;154.5;10.2;12.1;6.9;PORTS:300,PORTM:350,PORTL:400
34710;Keksi, lusikkaleipä ilman täytettä;Shortbread biscut, spoon cookie without filling;490.4;5.3;54.8;27.5;KPL_M:5,PORTS:5,PORTM:10,PORTL:25
34711;Keksi, lusikkaleipä;Shortbread biscut, spoon cookie;416.4;4.0;53.6;20.3;KPL_M:20,PORTS:20,PORTM:60,PORTL:100
34712;Viineri, hilloviineri, vesi, leipomo;Danish pastry, jam filling, water, bakery;362.6;5.7;37.9;20.6;KPL_S:40,KPL_M:80,KPL_L:105,PORTS:35,PORTM:55,PORTL:105
34713;Makaroni, täysjyvä;Macaroni, dark, whole wheat and dark wheat flour;302.6;11.3;54.3;2.2;PORTS:55,PORTM:70,PORTL:80,DL:55,RKL:7.5
34714;Makaroni, täysjyvä, keitetty, suolaa;Macaroni, whole wheat, boiled, salt;89.3;3.4;16.0;0.6;PORTS:135,PORTM:175,PORTL:200,DL:65,RKL:11
34715;Makaroni, täysjyvä, keitetty, suolaton;Macaroni, whole wheat, boiled without salt;90.8;3.4;16.3;0.6;PORTS:135,PORTM:175,PORTL:200,DL:65,RKL:11
34716;Maito, täysmaito, rasvaa 3 %, laktoositon maitojuoma, ei lisätty d-vitamiinia;Milk, 3% fat, lactose-free, no added vitamin d;59.7;3.2;4.8;3.0;PORTS:150,PORTM:200,PORTL:400,DL:100,RKL:15,TL:5
34717;Täytetty leipä, patonki, kylmäsavulohi, kananmuna, salaatti;Sandwich, baguette, cold smoked salmon, egg, lettuce;238.3;11.8;18.8;12.2;PORTS:170,PORTM:250,PORTL:320
34718;Täytetty leipä, ciabatta, broileri, caesar-kastike;Sandwich, baguette, chicken and caesar dressing;221.5;9.7;19.4;11.4;PORTS:170,PORTM:250,PORTL:320
34723;Täytetty leipä, patonki, naudanpaisti, moniviljapatonki;Sandwich, baguette, roast beef, multigrain baguette;232.3;14.6;19.4;9.8;PORTS:170,PORTM:250,PORTL:320
34724;Sekaleipä, juuresleipä, palsternakka ja porkkana, fazer;Multigrain bread, root vegetable bread, parsnip and carrot, fazer;283.1;11.5;41.9;5.5;KPL_VALM:38,PORTS:20,PORTM:30,PORTL:40
34726;Sekaleipä, juuresleipä, punajuuri ja porkkana, fazer;Multigrain bread, root vegetable bread, beetroot and carrot, fazer;275.8;11.4;41.4;5.0;KPL_VALM:38,PORTS:20,PORTM:30,PORTL:40
34727;Ruisleipä, juuresleipä, ruis, kesäkurpitsa ja palsternakka, fazer;Rye bread, root vegetable bread, wholegrain rye, zucchini and parsnip, fazer;251.0;13.1;38.0;1.8;KPL_M:35,KPL_VALM:35,PORTS:20,PORTM:35,PORTL:50
34728;Ruisleipä, vatsaystävällinen ruis, fazer;Rye bread, low-fodmap rye bread, fazer;268.1;10.4;39.0;5.9;KPL_VALM:28,PORTS:20,PORTM:30,PORTL:45
34738;Mantelijuoma, makeuttamaton, alpro;Almond drink, unsweetened, alrpo;12.0;0.5;0.1;1.0;PORTS:100,PORTM:170,PORTL:270,DL:100,RKL:15,TL:5
34743;Papu, härkäpapu, kuivattu, härkäpapurouhe;Bean, broad bean, fava bean, dry, broad bean groats;330.7;28.5;42.2;1.9;PORTS:30,PORTM:37.5,PORTL:45
34752;Tuorejuusto, mascarpone, rasvaa 38 %;Cream cheese, mascarpone, 38% fat;368.3;5.0;2.8;38.0;PORTS:7,PORTM:15,PORTL:25,DL:100,RKL:15
34762;Tuorejuusto, rasvaa 15 %, maustamaton, laktoositon;Cream cheese, low-fat, 15% fat, plain, lactose-free;177.9;8.1;2.8;15.1;PORTS:7,PORTM:15,PORTL:25,DL:100,RKL:15,TL:5
34764;Tuorejuusto, rasvaa 25 %, maustamaton, laktoositon;Cream cheese, low-fat, 25% fat, plain, lactose-free;258.3;6.3;2.7;25.0;PORTS:7,PORTM:15,PORTL:25,DL:100,RKL:15
34765;Tuorejuusto, rasvaa 20 %, maustamaton;Cream cheese, low-fat, 20% fat, plain;210.5;4.1;3.7;20.0;PORTS:7,PORTM:15,PORTL:25,DL:100,RKL:15
34783;Kaakaojuoma, sokeriton, vesi;Cocoa, hot chocolate, sugar-free, water;13.3;0.7;0.4;0.8;PORTS:170,PORTM:250,PORTL:450,DL:100,RKL:15,TL:5
34786;Jogurtti, juotava, benecol tehojuoma aurinkoinen, rasvaa 2,1 %, kasvistanoleja;Yoghurt, drinkable, benecol aurinkoinen, 2,1% fat, plant stanols;59.0;2.8;7.0;2.1;KPL_M:67.5,KPL_VALM:67.5,PORTS:33,PORTM:67.5,PORTL:135,DL:100,RKL:15,TL:5
34790;Jogurtti, juotava, benecol tehojuoma, rasvaa 2,1 %, kasvistanoleja;Yoghurt, drinkable, benecol, 2,1% fat, plant stanols;57.7;2.7;6.6;2.1;KPL_M:67.5,KPL_VALM:67.5,PORTS:33,PORTM:67.5,PORTL:135,DL:100,RKL:15,TL:5
34794;Soijavälipala, juotava, benecol tehojuoma, rasvaa 2,9 %, kasvistanolia;Soy product, drinkable, benecol, 2.9% fat, with plant stanol;48.0;1.4;3.8;2.9;KPL_VALM:65.5,PORTS:33,PORTM:65.5,PORTL:130,DL:100,RKL:15,TL:5
34797;Makeinen, salmiakkipastilli, sokeriton;Salty liqourice pastille, unsweetened;191.0;0.1;0.0;0.2;KPL_M:0.5,PORTS:30,PORTM:80,PORTL:140
34802;Makeutusaine, hermesetas gold, sakariinia, aspartaamia ja syklamaattia;Sweetener, hermesetas gold, saccharin, aspartame and cyclamate blend;256.0;63.0;0.0;0.0;KPL_M:0.1,PORTS:0.1,PORTM:0.3,PORTL:0.5,TL:0.5
34805;Makeutusaine, hermesetas liquid, sakariini ja syklamaatti, nestemäinen;Sweetener, hermesetas liquid, saccharin and cyclamate blend;0.0;0.0;0.0;0.0;KPL_M:0.05,PORTS:0.1,PORTM:0.3,PORTL:0.5,TL:0.5
34807;Salaatti, hölskytyskurkku, tillikurkku;Salad, cucumber slices with dill and vinegar;29.2;0.8;5.4;0.1;PORTS:50,PORTM:125,PORTL:150,DL:60
34810;Jauhelihakastike, sika-nauta, ruoanvalmistukerma;Pork beef mince gravy, cooking cream;256.1;12.1;2.0;21.8;PORTS:100,PORTM:180,PORTL:250,DL:100,RKL:15,TL:5
34822;Ruisleipä, reissumies, tosi tumma, oululainen, fazer;Rye bread, reissumies, tosi tumma, oululainen, fazer;241.5;11.0;37.6;3.0;KPL_VALM:35,PORTS:20,PORTM:35,PORTL:70
34826;Muro, kauramuro, cheerios, nestle;Breakfast cereal, cheerios, oat, nestle;385.1;10.9;66.6;6.3;PORTS:25,PORTM:30,PORTL:35
34831;Suklaakonvehti, suklaatäyte;Chocolate confection filled with chocolate;427.0;5.8;53.6;20.6;KPL_M:8,PORTS:15,PORTM:30,PORTL:100
34833;Ruisleipä, taikaruis porkkanaviipale, vaasan;Rye bread, taikaruis carrot anr rye, vaasan;267.3;10.9;38.8;5.6;KPL_M:35,KPL_VALM:35,PORTS:20,PORTM:35,PORTL:50
34835;Täysmehu, puolukkatäysmehu;Lingonberry juice, unsweetened;50.9;0.5;8.9;0.7;PORTS:150,PORTM:200,PORTL:300,DL:100,RKL:15,TL:5
34839;Soijajuoma, alpro soya vanilla, kalsiumia ja vitamiineja;Soya drink, aplro soya vanilla, calcium, vitamins;54.8;3.0;6.5;1.7;PORTS:150,PORTM:200,PORTL:400,DL:100,RKL:15
34841;Juusto, polar 15 % rasvaa, vähemmän suolaa, valio;Cheese, semi-hard cheese, 15% fat, low-sodium, valio polar;259.5;30.0;0.0;15.0;KPL_S:4,KPL_M:8,KPL_L:12,KPL_VALM:11,PORTS:4,PORTM:8,PORTL:15
34842;Sekaleipä, sämpylä, härkäpapusämpylä, primula;Multigrain bread, wheat roll with broad bean flour, primula;283.4;11.0;45.0;5.1;KPL_VALM:60,PORTS:20,PORTM:30,PORTL:40
34844;Mantelijuoma, makeutettu, alpro;Almond drink, sweetened, alrpo;23.8;0.5;3.0;1.0;PORTS:100,PORTM:170,PORTL:270,DL:100,RKL:15,TL:5
34845;Kookosjuoma, kookospähkinäjuoma, vitaminoitu, alpro;Coconut drink, added vitamins;21.6;0.3;2.6;1.1;PORTS:100,PORTM:170,PORTL:270,DL:100,RKL:15,TL:5
34846;Hasselpähkinäjuoma, vitaminoitu, alpro;Hazelnut drink, added vitamins;28.3;0.3;3.1;1.5;PORTS:100,PORTM:170,PORTL:270,DL:100,RKL:15,TL:5
34847;Chiansiemen;Chia seed;459.4;22.9;0.2;33.9;PORTS:5,PORTM:15,PORTL:30,DL:65,RKL:10,TL:3
34848;Kilohaili, tuore;European sprat;151.6;17.6;0.0;9.1;KPL_S:13,KPL_M:20,KPL_L:40,PORTS:100,PORTM:160,PORTL:215
34849;Lohipiirakka, kylmäsavulohi, muropohja;Fish pie, cold smoked salmon, shortcrust pastry;249.2;10.9;12.3;16.9;KPL_S:80,KPL_M:115,KPL_L:150,PORTS:80,PORTM:120,PORTL:160
34850;Lohipiirakka, lämminsavulohi, parsakaali, muropohja;Fish pie, warm smoked salmon and broccoli, shortcrust pastry;242.9;8.8;14.1;16.2;KPL_S:80,KPL_M:115,KPL_L:150,PORTS:80,PORTM:120,PORTL:160
34851;Grillimakkara, bratwursti, paistettu ilman rasvaa;Barbeque sausage, bratwurst, fried without fat;345.2;15.3;0.0;32.0;PORTS:50,PORTM:100,PORTL:200
34852;Grillimakkara, bratwursti, paistettu rasvassa;Barbeque sausage, bratwurst, fried;368.0;14.5;0.0;34.9;PORTS:50,PORTM:100,PORTL:200
34853;Grillimakkara, lihaisa, paistettu rasvassa;Barbeque sausage, meaty, fried;327.6;15.0;0.9;29.8;PORTS:50,PORTM:100,PORTL:200
34854;Grillimakkara, lihaisa, paistettu ilman rasvaa;Barbeque sausage, meaty, fried without fat;302.7;15.8;0.9;26.6;PORTS:50,PORTM:100,PORTL:200
34855;Grillimakkara, kevyt, paistettu rasvassa;Barbeque sausage, light, fried;230.9;13.4;4.9;16.1;PORTS:50,PORTM:100,PORTL:200
34856;Grillimakkara, kevyt, paistettu ilman rasvaa;Barbeque sausage, light, fried without fat;200.7;14.1;5.2;12.2;PORTS:50,PORTM:100,PORTL:200
34857;Grillimakkara, juustoinen, paistettu rasvassa;Barbeque sausage with cheese, fried;307.3;11.5;9.8;22.7;PORTS:50,PORTM:100,PORTL:200
34858;Grillimakkara, juustoinen, paistettu ilman rasvaa;Barbeque sausage with cheese, fried without fat;281.2;12.1;10.3;19.2;PORTS:50,PORTM:100,PORTL:200
34859;Grillimakkara, juustoinen, uunissa;Barbeque sausage with cheese, oven baked;271.4;11.7;9.9;18.5;PORTS:50,PORTM:100,PORTL:200
34862;Maito, rasvaton, valio profeel voimamaitojuoma, d-vitamiinia 1 ug, laktoositon;Milk, 0% fat, valio profeel voimamaitojuoma, 1 ug added vitamin d, lactose-free;34.4;5.0;3.1;0.1;PORTS:150,PORTM:200,PORTL:400,DL:100,RKL:15,TL:5
34865;Yrtti, tuore, keskiarvo;Herb, fresh, average;25.9;2.7;0.9;0.5;PORTS:0.5,PORTM:2,PORTL:5,DL:13,RKL:2
34870;Pyttipannu, kevytnakki, ei munaa;Sausage hash, light frankfurters, potato, without egg;138.4;5.6;10.3;7.6;PORTS:120,PORTM:230,PORTL:300,DL:55
34871;Naudanliha-tofu-nuudeliwokki, wokkivihannekset;Beef and tofu noodle wok, wok-vegetables;141.8;7.5;11.9;6.7;PORTS:300,PORTM:350,PORTL:400
34872;Pähkinäsekoitus, suolaton, paahdettu;Nut mix, without salt, roasted;634.6;16.5;7.6;58.8;PORTS:20,PORTM:50,PORTL:100,DL:65,RKL:10
34876;Kaurajuoma, oatly ikaffe, lisätty kalsiumia ja vitamiineja;Oat drink without milk, oatly ikaffe, calcium, vitamins;60.3;1.4;6.0;3.2;PORTS:150,PORTM:200,PORTL:400,DL:100,RKL:15,TL:5
34881;Mysli, hedelmä-pähkinämysli;Muesli with dried fruit and nuts;375.7;9.1;53.4;11.4;PORTS:12,PORTM:25,PORTL:40,DL:40,RKL:6,TL:3
34886;Kaurapuuro, rasvaton maito ja vesi, suolaton;Oat porridge, oat flakes, fat-free milk and water, without salt;76.2;3.6;11.8;1.2;PORTS:150,PORTM:230,PORTL:320,DL:100,RKL:15,TL:5
34887;Kaurapuuro, kevytmaito ja vesi, suolaton;Oat porridge, oat flakes, low-fat milk and water, without salt;81.9;3.6;11.7;1.9;PORTS:150,PORTM:230,PORTL:320,DL:100,RKL:15,TL:5
34888;Kaurapuuro, kevytmaito ja vesi, suolaa;Oat porridge, oat flakes, low-fat milk and water, salt;81.5;3.6;11.6;1.9;PORTS:150,PORTM:230,PORTL:320,DL:100,RKL:15,TL:5
34889;Kaurapuuro, rasvaton maito ja vesi, suolaa;Oat porridge, oat flakes, fat-free milk and water, salt;75.8;3.6;11.7;1.2;PORTS:150,PORTM:230,PORTL:320,DL:100,RKL:15,TL:5
34893;Härkis, härkäpapuvalmiste;Härkis, broad bean product;209.7;17.0;13.1;9.0;PORTS:60,PORTM:75,PORTL:90,DL:55,RKL:9
34898;Mysli, härkäpapugranola;Muesli, crunchy, broad bean granola;408.8;20.0;50.1;11.9;PORTS:12,PORTM:25,PORTL:40,DL:50,RKL:7.5,TL:2.5
34902;Mifu, paistettava ruokarae, laktoositon;Mifu, lactose-free milk protein product;94.0;13.9;2.4;3.1;PORTS:7,PORTM:15,PORTL:25,DL:85,RKL:9.5,TL:4
34903;Pasta, täytepasta, pelmeni, jauhelihatäyte;Pelmeni, dumpling filled with minced meat;291.3;15.6;21.6;15.6;KPL_M:75,PORTS:40,PORTM:80,PORTL:130
34904;Kampanisu;Kampanisu, finnish pastry;380.7;6.5;46.8;18.1;KPL_S:20,KPL_M:40,KPL_L:50,PORTS:35,PORTM:55,PORTL:105
34905;Riisi-ohraseos;Rice and barley mix;344.3;8.2;71.1;1.5;PORTS:50,PORTM:70,PORTL:100,DL:78
34906;Riisi-ohraseos, keitetty, suolaa;Rice and barley mix, boiled, salt;73.3;1.8;15.1;0.3;PORTS:70,PORTM:110,PORTL:150
34907;Riisi-ruisseos;Rice and rye mix;341.8;8.4;65.5;2.6;PORTS:50,PORTM:70,PORTL:100,DL:78
34908;Riisi-ruisseos, keitetty, suolaa;Rice and rye mix, boiled, salt;95.4;2.4;18.3;0.7;PORTS:70,PORTM:110,PORTL:150
34909;Nyhtökaura, maustamaton, nude;Pulled oats;200.8;30.0;8.1;4.4;PORTS:60,PORTM:100,PORTL:200
34914;Rasvaseos 60 %, benecol voi & rypsi;Blended spread 60%, benecol voi & rypsi;535.5;0.5;0.7;60.0;PORTS:3,PORTM:6,PORTL:10,DL:95,RKL:14,TL:4.5
34918;Rasvaseoslevite 70 %, becel voi & kasviöljyt;Blended spread 70%, becel voi & kasviöljyt;620.9;0.4;0.5;69.8;PORTS:3,PORTM:6,PORTL:10,DL:95,RKL:14,TL:4.5
34924;Rasvaseoslevite 70 %, flora & voi normaalisuolainen;Blended spread 70%, flora & voi, normally salted;627.7;0.5;0.5;70.5;PORTS:3,PORTM:6,PORTL:10,DL:95,RKL:14,TL:4.5
34927;Kasvirasvalevite 39 %, lätta original;Vegetable fat spread 39 %, lätta original;351.9;0.2;1.5;39.0;PORTS:3,PORTM:6,PORTL:10,DL:95,RKL:14,TL:4.5
34929;Hedelmäjuoma, mehu-maitojuoma, rasvaton, gefilus, vitaminoitu, laktoositon;Juice drink with milk, fat-free, gefilus, vitamins, probiotics, lactose-free;43.2;0.8;9.6;0.1;PORTS:150,PORTM:200,PORTL:300,DL:100,RKL:15,TL:5
34932;Rasvaseoslevite 70 %, creme bonjour voi & rypsiöljy, normaalisuolainen;Blended spread 70%, creme bonjour voi & rypsiöljy, normally salted;627.7;0.5;0.5;70.5;PORTS:3,PORTM:6,PORTL:10,DL:95,RKL:14,TL:4.5
34942;Kasvirasvalevite 75 %, keiju rypsi;Vegetable fat spread 75 %, keiju rypsi;669.7;0.4;0.7;75.2;PORTS:3,PORTM:6,PORTL:10,DL:95,RKL:14,TL:4.5
34944;Kasvirasvalevite 55 %, keiju rypsi;Vegetable fat spread 55 %, keiju rypsi;486.4;0.0;0.0;55.0;PORTS:3,PORTM:6,PORTL:10,DL:95,RKL:14,TL:4.5
34948;Margariini 60 %, keiju alentaja;Margarine 60%, keiju alentaja;530.6;0.0;0.0;60.0;PORTS:3,PORTM:6,PORTL:10,DL:95,RKL:14,TL:4.5
34951;Kaura-ruispuuro, vesi, suolaa;Oat and rye porridge, water, salt;42.5;1.5;7.0;0.6;PORTS:150,PORTM:230,PORTL:320,DL:100,RKL:15,TL:5
34952;Grillimakkara, juustoinen, grillattu;Barbeque sausage with cheese, grilled;251.0;10.8;9.2;17.1;PORTS:50,PORTM:100,PORTL:200
34953;Kaakaojuoma, sokeroitu, täysmaito;Cocoa, hot chocolate, whole milk, sweetened;84.9;3.6;8.1;4.2;PORTS:170,PORTM:250,PORTL:450,DL:100,RKL:15,TL:5
34954;Makaronilaatikko, liha-makaronilaatikko, naudanpaisti, rasvaton maito, tumma;Macaroni and beef steak mince casserole, fat-free milk, whole wheat macaroni;100.7;8.2;9.1;3.2;PORTS:250,PORTM:300,PORTL:350
34955;Makaronilaatikko, liha-makaronilaatikko, sika-nauta, rasvaton maito, tumma;Macaroni and pork beef mince casserole, fat-free milk, whole wheat macaroni;120.3;7.5;9.0;5.8;PORTS:250,PORTM:300,PORTL:350
34956;Makaronilaatikko, liha-makaronilaatikko, naudanliha, rasvaton maito, tumma;Macaroni and beef mince casserole, fat-free milk, whole wheat macaroni;112.6;7.8;9.0;4.8;PORTS:200,PORTM:300,PORTL:400
34957;Lihapata, lampaanliha, lihaliemi, porkkana, öljy;Lamb stew, meat bouillon, carrots, oil;136.3;7.9;2.7;10.4;PORTS:150,PORTM:200,PORTL:250,DL:100,RKL:15,TL:5
34958;Liha-kasvispata, naudanlapa, peruna;Vegetable and beef stew with potato;79.0;9.5;5.8;1.7;PORTS:300,PORTM:325,PORTL:350
34959;Liha-kasvispata, lampaanliha, peruna;Vegetable and lamb stew with potato;127.5;7.5;5.8;8.1;PORTS:300,PORTM:325,PORTL:350
34960;Moussaka, jauheliha-munakoisovuoka, naudanliha;Moussaka, beef mince;96.1;4.4;7.6;4.9;PORTS:220,PORTM:300,PORTL:350,DL:100
34961;Moussaka, jauheliha-munakoisovuoka, naudanpaisti;Moussaka, beef steak mince;90.4;4.6;7.6;4.2;PORTS:220,PORTM:300,PORTL:350,DL:100
34962;Moussaka, jauheliha-munakoisovuoka, lampaanliha;Moussaka, lamb mince;93.9;4.3;7.6;4.8;PORTS:220,PORTM:300,PORTL:350,DL:100
34963;Kaalipata, jauheliha, naudanpaisti, riisi;Cabbage stew with rice and beef steak mince;79.5;5.4;6.1;3.4;PORTS:250,PORTM:300,PORTL:350,DL:100,RKL:15
34964;Rasvaseoslevite 75 %, ingmariini, normaalisuolainen, laktoositon;Blended spread 75%, ingmariini, normally salted, lactose-free;663.1;0.3;0.6;75.0;PORTS:3,PORTM:6,PORTL:10,DL:95,RKL:14,TL:4.5
34965;Makaronilaatikko, liha-makaronilaatikko, broileri, rasvaton maito,tumma makaroni;Macaroni and chicken mince casserole, whole wheat macaroni and fat-free milk;102.9;9.5;7.8;3.5;PORTS:250,PORTM:300,PORTL:350
34966;Rasvaseoslevite 72 %, oivariini, pehmeästi levittyvä, vl;Blended spread 72%, oivariini, normally salted, low-lactose, soft;640.7;0.3;0.7;72.0;PORTS:3,PORTM:6,PORTL:10,DL:95,RKL:14,TL:4.5
34970;(arc)rasvaseos 40%, valio better rahkariini, vl;(arc)blend 40%, valio better rahkariini, low-lactose;384.4;3.6;3.3;40.0;PORTS:3,PORTM:6,PORTL:10,DL:95,RKL:14,TL:4.5
34971;Kaurakuitunen, kaurarouhe;Oat, coarse-ground oat, kaurakuitunen;257.0;7.2;16.1;3.3;PORTS:15,PORTM:25,PORTL:35,DL:60,RKL:9
34972;Oliivi, keskiarvo, kivetön, suolaliemessä, vihreä;Olive, average, without stone, in brine, green;146.0;1.0;0.0;15.3;KPL_M:4,PORTS:10,PORTM:20,PORTL:50,DL:30
34974;Soijavälipala, alpro go on, hapatettu, maustamaton, rasvaa 3,6 %;Soy product, alpro go on, soured, plain, fat 3.6%;68.1;6.2;2.5;3.4;PORTS:150,PORTM:200,PORTL:250,DL:100,RKL:15,TL:5
34975;Soijavälipala, alpro go on, hapatettu, maustettu, rasvaa 2,9 %;Soy product, alpro go on, soured, flavoured, fat 2,9%;85.0;5.0;9.1;2.9;PORTS:150,PORTM:200,PORTL:250,DL:100,RKL:15,TL:5
34976;Munkki, hilloa, leipomo;Doughnut with jam, bakery;289.7;5.0;44.5;9.6;KPL_S:80,KPL_M:90,KPL_L:125,PORTS:35,PORTM:80,PORTL:105
34977;Kinkkupasta;Ham pasta;117.2;6.2;11.6;4.6;PORTS:250,PORTM:300,PORTL:350,DL:100,RKL:15
34978;Papadum, intialainen leipä, näkkileipä;Papadum, thin indian crispbread;325.6;14.7;28.2;16.5;KPL_S:5,KPL_M:10,KPL_L:15,PORTS:5,PORTM:15,PORTL:30
34979;Sekaleipä, nyrkkirieska, ohra, kotitekoinen;Multigrain bread, flatbread, barley, home-made;181.9;4.6;35.8;1.1;KPL_S:35,KPL_M:50,KPL_L:125,PORTS:30,PORTM:50,PORTL:70
34980;Juusto, polar, 20 % rasvaa, valio;Cheese, polar, 20% fat;305.1;30.3;0.0;20.1;KPL_S:4,KPL_M:8,KPL_L:12,PORTS:4,PORTM:8,PORTL:15
34981;Hampurilainen, lohihampurilainen;Salmon burger;266.1;10.3;14.4;19.1;PORTS:175,PORTM:250,PORTL:395
34982;Hampurilainen, jauhelihapihvi, pekoni, vehnäsämpylä;Hamburger, baconburger;208.9;10.7;13.2;12.9;PORTS:175,PORTM:250,PORTL:395
34983;Heraproteiinikonsentraatti;Whey protein concentrate;394.4;75.0;9.0;6.0;PORTS:5,PORTM:15,PORTL:30
34984;Kaakaojuoma, valio play maitokaakaojuoma, laktoositon;Chocolate milk, cold, valio play, lactose-free;61.6;3.2;9.5;1.0;KPL_VALM:250,PORTS:100,PORTM:200,PORTL:400,DL:100,RKL:15,TL:5
34985;Kahvijuoma, kylmä, maitokahvijuoma, d-vitamiinia, laktoositon;Coffee drink, cold, coffee with milk, vitamin d, lactose-free;54.6;3.1;8.0;1.0;KPL_VALM:250,PORTS:125,PORTM:250,PORTL:500,DL:100,RKL:15,TL:5
34986;Kahvijuoma, kylmä, maitokahvijuoma, rasvaa 1,8 %, laktoositon;Coffee beverage, iced coffee, 1.8% fat, lactose-free;62.5;2.9;8.4;1.8;KPL_VALM:250,PORTS:125,PORTM:250,PORTL:500,DL:100,RKL:15,TL:5
34988;Kivennäisvesi, mehu-kivennäisvesi;Mineral water with juice;15.9;0.0;3.8;0.0;PORTS:170,PORTM:300,PORTL:500,DL:100,RKL:15,TL:5
34989;Vitamiinivesi, vitamin well, fruktoosia;Vitamin water, vitamin well, sweetened with fructose;17.0;0.0;4.2;0.0;KPL_VALM:500,PORTS:170,PORTM:300,PORTL:500,DL:100,RKL:15,TL:5
34990;Ateriankorvike, heraproteiinijauhe, 74 % proteiinia;Meal replacement, whey protein powder, 74% protein;390.4;74.2;8.9;5.9;PORTS:20,PORTM:30,PORTL:40,DL:30,RKL:4.5
34991;Ateriankorvike, heraproteiinijauhe, 85 % proteiinia;Meal replacement, whey protein powder, 85% protein;359.1;85.0;1.2;1.0;PORTS:20,PORTM:40,PORTL:30,DL:37
34992;Ateriankorvike, proteiinipatukka, keskiarvo, n. 20 % proteiinia;Meal replacement, protein bar, average, c. 20% protein;377.7;22.2;47.2;10.2;KPL_S:30,KPL_M:60,KPL_L:80,PORTS:27,PORTM:60,PORTL:85
34994;Mysli, ei lisättyä sokeria;Muesli, no added sugar;352.6;11.8;55.5;6.5;PORTS:12,PORTM:25,PORTL:40,DL:45,RKL:7,TL:3
34995;Smoothie, marja/hedelmä-rahkajuoma, rahka ja maito;Smoothie, fruit/berry, quark and milk;59.4;4.3;8.4;0.3;PORTS:100,PORTM:200,PORTL:300,DL:100,RKL:15,TL:5
34996;Ateriankorvike, soijaproteiinijauhe, n. 80 % proteiinia;Meal replacement, soy protein powder, c. 80% protein;355.4;82.7;1.4;0.5;PORTS:20,PORTM:30,PORTL:40
34997;Ateriankorvike, heraproteiinijauhe, n. 90 % proteiinia;Meal replacement, whey protein powder, c. 90% protein;408.5;90.0;4.0;3.0;PORTS:20,PORTM:25,PORTL:30
34998;Profeel proteiinijuoma, sokeroimaton, valio, d-vitamiinia 1 ug;Profeel protein drink, sugar-free, valio, 1 ug vitamin d;57.7;8.1;3.6;1.0;KPL_VALM:250,PORTS:170,PORTM:250,PORTL:400,DL:100,RKL:15,TL:5
34999;Urheilujuoma, palautusjuoma, gainomax;Sport beverage, recovery drink, gainomax;105.2;7.9;16.7;0.5;KPL_VALM:250,PORTS:125,PORTM:250,PORTL:500,DL:100,RKL:15,TL:5
35000;Urheilujuoma, proteiinijuoma, protein shake, fast;Sport beverage, protein drink, protein shake, fast;63.1;10.0;4.6;0.3;KPL_VALM:500,PORTS:250,PORTM:500,PORTL:750,DL:100,RKL:15,TL:5
35001;Voi, laktoositon, vähäsuolainen;Butter lactose-free, low sodium;727.0;1.2;0.8;81.3;PORTS:3,PORTM:6,PORTL:10,DL:95,RKL:14,TL:4.5
35002;Urheilujuoma, proteiinijuoma, protein smoothie, fast;Sport beverage, protein drink, protein smoothie, fast;43.6;7.6;1.7;0.6;KPL_VALM:330,PORTS:170,PORTM:330,PORTL:500,DL:100,RKL:15,TL:5
35003;Ateriankorvike, heraproteiinivälipalajauhe, profeel, 44 % proteiinia;Meal replacement, whey protein powder, profeel, 44% protein;384.7;44.0;45.0;2.6;PORTS:30,PORTM:50,PORTL:70
35004;Urheilujuoma, proteiinijuoma, rasvaa 1,6 %;Sport beverage, protein drink, 1,6% fat;83.3;8.0;8.6;1.6;PORTS:170,PORTM:300,PORTL:500,DL:100,RKL:15,TL:5
35005;Välipalapatukka, raakapatukka, bare bar, viljaton;Snack bar, date bar with nuts, bare bar;393.1;9.4;41.7;17.9;KPL_M:40,KPL_VALM:40,PORTS:20,PORTM:40,PORTL:80
35006;Kasviöljyvalmiste, juokseva, 70 %, keskiarvo;Margarine 70%, fluid;619.0;0.0;0.0;70.0;PORTS:3,PORTM:6,PORTL:10,DL:95,RKL:14,TL:4.5
35007;Ateriankorvike, proteiinipatukka, 30 % proteiinia, kuitua, soft bar;Meal replacement, protein bar, c. 30% protein, fibre, soft bar;285.7;33.1;3.6;8.1;KPL_S:30,KPL_M:60,KPL_L:80,KPL_VALM:60,PORTS:27,PORTM:60,PORTL:85
35008;Margariini 60 %, rainbow/pirkka/x-tra, laktoositon;Margarine 60%, rainbow/pirkka,/x-tra, lactose free;534.2;0.9;0.0;60.0;PORTS:3,PORTM:6,PORTL:10,DL:95,RKL:14,TL:4.5
35009;Margariini 60 %, pirkka, suolainen;Margarine 60%, pirkka, high sodium;534.2;0.9;0.0;60.0;PORTS:3,PORTM:6,PORTL:10,DL:95,RKL:14,TL:4.5
35011;Ateriankorvike, energiapatukka, vitaminoitu, keskiarvo;Meal replacement, energy bar, vitamins, average;388.5;8.7;59.0;11.4;KPL_S:30,KPL_M:60,KPL_L:80,PORTS:27,PORTM:60,PORTL:85
35012;Ateriankorvike, proteiinipatukka, keskiarvo, n. 40 % proteiinia;Meal replacement, protein bar, average, c. 40% protein;374.8;40.7;11.6;10.3;KPL_S:30,KPL_M:60,KPL_L:80,PORTS:27,PORTM:60,PORTL:85
35013;Ateriankorvike, heraproteiinijauhe, n. 40 % proteiinia;Meal replacement, whey protein powder, c. 40% protein;371.5;40.1;44.3;3.2;PORTS:30,PORTM:60,PORTL:80,DL:50
35018;Hampurilainen, vuohenjuustohampurilainen, rouhesämpylä;Goat cheese hamburger, wheat roll with crushed grain;276.3;10.6;17.8;17.8;KPL_M:200,PORTS:100,PORTM:200,PORTL:300
35034;Leipärasva, keskiarvo;Margarine or blended spread for bread, average;549.1;0.3;0.6;61.7;PORTS:3,PORTM:6,PORTL:10,DL:95,RKL:14,TL:4.5
35077;Chapati, kohottamaton vehnäleipä, kotitekoinen;Chapati, home-made;222.4;7.0;44.7;0.9;KPL_S:35,KPL_M:50,KPL_L:125,PORTS:30,PORTM:50,PORTL:70
35091;Tee, inkiväärijuoma, inkivääritee, kotitekoinen;Ginger tea, ginger drink, homemade;3.8;0.1;0.7;0.0;PORTS:170,PORTM:250,PORTL:400,DL:100,RKL:15,TL:5
35094;Ruisleipä, perinteinen, vesi, täysjyväruisjauho, hiivaton;Ryebread, water, wholegrain rye flour, without yeast;230.9;6.8;42.3;1.4;KPL_S:20,KPL_M:35,KPL_L:50,PORTS:20,PORTM:35,PORTL:50
35102;Aromiruismallas, vaalea mallas;Aroma rye malt;364.6;10.7;71.0;1.4;PORTS:5,PORTM:15,PORTL:30
35103;Salaatinkastike, ranskalainen, öljy ja etikka, suola, sokeri;Salad dressing, french dressing, oil, vinegar, salt, sugar;631.9;0.0;3.4;69.4;PORTS:10,PORTM:25,PORTL:40,DL:95,RKL:14,TL:4.5
35104;Salaatinkastike, ranskalainen, öljy ja etikka, vesi, suola, sokeri;Salad dressing, french dressing, oil, vinegar, water, salt, sugar;420.5;0.0;3.4;45.5;PORTS:10,PORTM:25,PORTL:40,DL:95,RKL:14,TL:4.5
35128;Sekaleipä, juuresleipä, kaura, bataatti ja linssi, fazer;Multigrain bread, root vegetable bread, oat, sweet potato and lentil, fazer;254.9;16.2;30.4;5.3;KPL_VALM:38,PORTS:20,PORTM:30,PORTL:40
35131;Kivennäisvesi, novelle plus, multi b + c, fruktoosia, hartwall;Mineral water, novelle plus, added vitamin b and c, sweetened with fructose;17.1;0.0;4.2;0.0;PORTS:170,PORTM:300,PORTL:500,DL:100,RKL:15,TL:5
35134;Kivennäisvesi, novelle plus, c- ja e-vitamiinia, sokeria, hartwall;Mineral water, novelle plus, added vitamin c and e, sweetened with sugar;16.3;0.0;4.0;0.0;PORTS:170,PORTM:300,PORTL:500,DL:100,RKL:15,TL:5
35136;Kivennäisvesi, novelle plus, kromi ja sinkki, sokeria, hartwall;Mineral water, novelle plus, added chromium and zinc, sweetened with sugar;17.1;0.0;4.2;0.0;PORTS:170,PORTM:300,PORTL:500,DL:100,RKL:15,TL:5
35142;Jäätelö, elovena välipalajäätelö;Ice cream with biscuit, elovena ice cream snack;290.2;6.2;39.9;10.4;KPL_M:64,KPL_VALM:64,PORTS:30,PORTM:65,PORTL:125
35146;Neljän viljan hiutale, gluteeniton;4-grain flakes, gluten free;375.0;10.9;68.4;4.6;PORTS:15,PORTM:25,PORTL:35,DL:30,RKL:4.5
35148;Neljänviljanpuuro, vesi, suolaa, gluteeniton;Mixed flake porridge, water, salt, gluten-free;56.4;1.6;10.3;0.7;PORTS:150,PORTM:230,PORTL:320,DL:100,RKL:15,TL:5
35150;Neljänviljanpuuro, vesi, suolaton, gluteeniton;Mixed flake porridge, water, without salt, gluten-free;56.6;1.6;10.3;0.7;PORTS:150,PORTM:230,PORTL:320,DL:100,RKL:15,TL:5
35153;Mannapuuro, vispipuuro, tumma mannasuurimo, puolukka;Whole grain semolina lingonberry porridge, whipped;70.2;1.3;14.4;0.3;PORTS:150,PORTM:200,PORTL:300,DL:95,RKL:13
35159;Ruisleipä, vähähiilihydraattinen, minihiilari ruis, vaasan;Rye bread, low-carb, minihiilari, vaasan;215.2;12.2;19.2;6.7;KPL_S:20,KPL_M:30,KPL_L:45,KPL_VALM:22,PORTS:20,PORTM:30,PORTL:45
35160;Sekaleipä, kauraleipä, satakaura härkäpapu, porin leipä;Multigrain bread, oat bread, broad bean, satakaura, porin leipä;209.5;8.4;32.8;3.3;KPL_M:30,KPL_VALM:30,PORTS:20,PORTM:30,PORTL:40
35161;Näkkileipä, vehnänäkkileipä, polar näkkileipä, kuitua 3,7 %;Crispbread, wheat, polar crispbread, 3.7% fibre;359.4;12.0;71.0;1.7;KPL_S:10,KPL_M:15,KPL_L:20,KPL_VALM:12.7,PORTS:20,PORTM:35,PORTL:50
35162;Kasvispiirakka, hoviruoka;Deep-fried vegetable pasty, hoviruoka;296.8;8.4;33.2;13.9;KPL_VALM:115,PORTS:60,PORTM:115,PORTL:230
35168;Mysli, proteiinimysli, ei lisättyä sokeria;Muesli, protein muesli, no added sugar;409.1;18.2;49.1;13.2;PORTS:12,PORTM:25,PORTL:40,DL:45,RKL:7,TL:3
35169;Mysli, marjainen, axa berries marjamysli;Muesli with dried berries, axa berries;358.0;11.6;61.2;4.6;PORTS:12,PORTM:25,PORTL:40,DL:40,RKL:6,TL:3
35170;Vanukas, proteiinivanukas;Pudding, protein pudding;73.5;10.1;4.6;1.5;KPL_VALM:200,PORTS:100,PORTM:200,PORTL:300,DL:100,RKL:15
35171;Rahka, maustamaton, kermarahka, rasvaa 4,3 %;Cream quark, 4.3% fat;95.9;10.5;3.0;4.3;PORTS:125,PORTM:200,PORTL:250,DL:100,RKL:15,TL:5
35172;Piimävelli, piimä, kerma, ohrajauho, suolaa;Barley gruel, sour milk, cream, barley flour, salt;89.8;3.3;9.1;4.1;PORTS:150,PORTM:250,PORTL:350,DL:100,RKL:15,TL:5
35176;Piimävelli, piimä, vehnäjauho, rusina, leipäjuusto;Piimävelli, sour milk, wheat flour, raisins, finnish oven cheese;119.0;5.0;14.8;3.9;PORTS:100,PORTM:150,PORTL:200,DL:100,RKL:15,TL:5
35177;Piimä, gefilus mustikka/mangopiimä, vl, d-vit 1 ug;Sour milk, gefilus blueberry/mango, low-lactose, 1 ug vitamin d;52.2;2.9;7.8;0.9;PORTS:150,PORTM:200,PORTL:400,DL:100,RKL:15,TL:5
35179;Makaronilaatikko, liha-makaronilaatikko, hirvenliha, kevytmaito;Macaroni and elk mince casserole, low-fat milk;92.4;8.1;8.9;2.5;PORTS:250,PORTM:300,PORTL:350
35181;Härkiskastike, tomaattinen, härkis, suurustamaton;Härkis bolognese;108.8;5.7;6.4;6.2;PORTS:150,PORTM:200,PORTL:250,DL:100,RKL:15
35183;Lasagne, härkislasagne;Lasagne, härkis lasagne;148.3;6.8;11.5;8.0;PORTS:220,PORTM:300,PORTL:350,DL:120,RKL:18
35184;Makaronilaatikko, härkis-makaronilaatikko, kevytmaito;Macaroni and härkis casserole, low-fat milk;125.8;8.5;10.9;5.0;PORTS:250,PORTM:300,PORTL:350
35185;Härkis-kasviswokki, wokkivihannekset;Härkis vegetable wok, wok-vegetables;161.5;6.6;14.2;7.8;PORTS:300,PORTM:350,PORTL:400
35187;Härkis-nuudeliwokki;Härkis noodle wok;124.7;4.8;12.7;5.5;PORTS:300,PORTM:350,PORTL:400
35188;Härkispihvi, kypsä härkäpapupihvi, verso food;Härkis cutlet, verso food;198.4;11.0;11.5;10.1;PORTS:60,PORTM:75,PORTL:90,DL:55,RKL:9
35189;Keksi, kaurakeksi, siemeniä, sokeriton, teollinen;Oat biscuit, seeds, sugar-free, industrial;441.0;13.4;49.0;19.2;PORTS:5,PORTM:13,PORTL:25
35190;Kauravalmiste, hapatettu, maustamaton, yosa greek style, probiootteja;Oat product, fermented oat, yosa greek style, probiotics;132.0;2.2;6.0;10.9;KPL_VALM:150,PORTS:125,PORTM:200,PORTL:250,DL:100,RKL:15,TL:5
35193;Kauravalmiste, hapatettu, maustettu, yosa sport, keskiarvo, probiootteja;Oat product, fermented oat, flavoured, yosa sport, average, probiotics;82.6;5.0;9.7;2.4;KPL_VALM:200,PORTS:100,PORTM:200,PORTL:300,DL:100,RKL:15,TL:5
35195;Cashewpähkinäjuoma, makeuttamaton, gogreen;Cashew nut drink, unsweetened, gogreen;20.4;0.7;0.9;1.5;PORTS:100,PORTM:170,PORTL:270,DL:100,RKL:15,TL:5
35196;Mehu, mehujuoma, valio hörppy;Juice drink, fruit, berry, contains sugar, valio hörppy;26.8;0.0;6.5;0.0;PORTS:150,PORTM:200,PORTL:300,DL:100,RKL:15,TL:5
35198;Virkistysjuoma, vitaminoitu, keinotekoisesti makeutettu, celsius;Fitness drink with added vitamins, artificially sweetened, celsius;1.0;0.0;0.0;0.0;PORTS:250,PORTM:330,PORTL:500,DL:100,RKL:15,TL:5
35199;Kasvislevite, rasvaa 20 %, oatly påmackan;Oat spread, 20 % fat, oatly påmackan;233.5;3.5;10.0;20.1;PORTS:7,PORTM:15,PORTL:25
35200;Ateriankorvike, proteiinivälipala, kaura pro;Meal replacement, protein powder, oat bran, kaura pro;386.3;42.0;24.5;10.0;PORTS:30,PORTM:60,PORTL:80,DL:50
35201;Tonnikalapihvi, paistettu;Tuna patty, fried;196.9;18.5;4.6;11.4;PORTS:90,PORTM:120,PORTL:150
35202;Munakas, perunamunakas;Omelette, potato omelette;118.4;6.3;11.9;4.7;PORTS:100,PORTM:200,PORTL:300
35203;Rasvaseoslevite 70 %, keiju juhla;Blended spread 70%, keiju juhla;628.3;0.7;0.9;70.3;PORTS:3,PORTM:6,PORTL:10,DL:95,RKL:14,TL:4.5
35212;Sokeri, steviasokeri;Sugar, stevia sugar;405.9;0.0;99.9;0.0;PORTS:2,PORTM:4,PORTL:8,DL:45,RKL:6.75,TL:2.25
35219;Sekaleipä, siemenleipä, luontaisesti gluteeniton, vatsaystävällinen, fazer;Multigrain bread, seed bread, naturally gluten-free, low fodmap, fazer;257.8;8.0;33.3;9.2;KPL_M:38,KPL_VALM:38,PORTS:20,PORTM:40,PORTL:80
35220;Hampunsiemen, kuorittu;Hemp seed, without hull;625.3;33.0;2.4;53.6;PORTS:5,PORTM:15,PORTL:30,DL:65,RKL:10,TL:3
35221;Unikonsiemen, kokonainen;Poppy seed;545.1;21.1;4.0;45.9;PORTS:5,PORTM:15,PORTL:30,DL:65,RKL:10,TL:3
35222;Sekaleipä, kaura-porkkanasämpylä, luontaisesti gluteeniton;Multigrain bread, oat and carrot roll, naturally gluten-free;237.9;4.3;35.0;7.4;KPL_S:30,KPL_M:50,KPL_L:100,PORTS:20,PORTM:30,PORTL:40
35223;Hernekeitto, sika-nautajauheliha;Peasoup with pork beef mince;93.0;6.8;5.3;4.1;PORTS:200,PORTM:350,PORTL:400,DL:100,RKL:15
35224;Kaalikeitto, sika-nautajauheliha;Cabbage soup with pork beef mince;65.7;3.9;2.5;4.2;PORTS:200,PORTM:350,PORTL:400,DL:100,RKL:15,TL:5
35226;Lihapulla, naudanliha, paistettu;Meatball, beef mince, fried;265.2;17.7;6.2;18.9;KPL_S:20,KPL_M:30,KPL_L:40,PORTS:90,PORTM:120,PORTL:150
35227;Ruisleipä, ruispalat ohut herkku, vaasan;Rye bread, ruispalat ohut herkku, vaasan;295.9;9.3;54.0;1.5;KPL_M:16,KPL_VALM:16.3,PORTS:16,PORTM:32.5,PORTL:50
35236;Bataattisose, kevytmaito;Mashed sweet potatoes, low-fat milk;100.4;2.0;15.8;2.6;PORTS:125,PORTM:200,PORTL:300,DL:85,RKL:12
35237;Bataattisose, vesi, ruoanvalmistusrasva;Mashed sweet potatoes, water, cooking fat;80.6;1.2;13.1;2.0;PORTS:125,PORTM:200,PORTL:300,DL:85,RKL:12
35243;Pinaatti, keitetty, suolaton;Spinach boiled without salt;21.3;2.5;0.3;0.7;PORTS:40,PORTM:100,PORTL:200
35253;Mysli, granola, ei lisättyä sokeria;Muesli, granola, no added sugar;426.0;10.4;45.9;18.3;PORTS:12,PORTM:25,PORTL:40,DL:50,RKL:7.5,TL:2.5
35254;Kaalilaatikko, naudanjauheliha, porkkana, lihaliemi;Cabbage, carrot and beef mince casserole, beef stock;101.2;4.7;4.4;6.8;PORTS:250,PORTM:300,PORTL:350
35255;Smoothie, marja/hedelmä, kaurajuoma;Smoothie, fruit/berry, oat drink;56.7;1.0;10.3;0.6;PORTS:100,PORTM:200,PORTL:300,DL:100,RKL:15,TL:5
35256;Kaalikeitto, porkkanaa, sianliha;Cabbage soup with pork and carrot;59.9;4.8;2.6;3.1;PORTS:200,PORTM:350,PORTL:400,DL:100,RKL:15,TL:5
35275;Ohrapuuro, vesi, ohrahiutale, suolaton;Barley porridge, pearl barley, water, without salt;34.5;0.9;6.7;0.2;PORTS:150,PORTM:230,PORTL:320,DL:100,RKL:15,TL:5
35276;Ohrapuuro, maito, ohrahiutale, suolaton;Barley porridge, barley flakes, milk, without salt;79.9;3.9;11.5;1.7;PORTS:150,PORTM:230,PORTL:320,DL:100,RKL:15,TL:5
35277;Makeutusaine, syklamaatti, makonen;Sweetener, cyclamate;0.0;0.0;0.0;0.0;KPL_M:0.1,PORTS:0.1,PORTM:0.3,PORTL:0.5,TL:0.5
35280;Makeutusaine, rainbow, aspartaami ja asesulfaami-k, puriste;Sweetener, aspartam, acesulfame k;293.2;8.3;63.0;0.4;PORTS:0.1,PORTM:0.3,PORTL:0.5,TL:0.5
35293;Näkkileipä, siemennäkkileipä, teollinen;Crispbread, seed crispbread, industrial;532.4;18.0;18.1;40.8;KPL_S:10,KPL_M:15,KPL_L:20,PORTS:20,PORTM:35,PORTL:50
35295;Sekaleipä, reissumies kaura, oululainen;Multigrain bread, oat bread, reissumies kaura, oululainen;240.3;12.1;39.4;2.2;KPL_M:35,KPL_VALM:35,PORTS:20,PORTM:30,PORTL:40
35296;Kiisseli, tyrnikeitto;Berry kissel, buckthorn soup;55.5;0.3;11.0;0.7;PORTS:100,PORTM:150,PORTL:200,DL:100,RKL:15
35302;Makeutusaine, canderel, aspartaami ja asesulfaami-k, jauhe;Sweetener, canderel, aspartam and acesulfame-k, powder;382.0;0.0;94.0;0.0;PORTS:0.1,PORTM:0.3,PORTL:0.5,TL:0.5
35315;Riisi-kvinoa-moniviljaseos;Rice, quinoa and multigrain mix;354.6;9.7;69.8;2.4;PORTS:50,PORTM:70,PORTL:100,DL:78
35371;Lihapata, sianliha, ruoanvalmistuskerma, ruoanvalmistusrasva keskiarvo;Pork stew, cooking cream;169.2;11.9;2.6;12.3;PORTS:150,PORTM:200,PORTL:250
35462;Pannukakku, jauhelihapannukakku;Oven-baked beef steak mince pancake;171.2;11.4;11.1;8.8;PORTS:85,PORTM:170,PORTL:250
35469;Kasviskeitto, vesi, peruna, sekavihannekset;Vegetable soup, water, potato, mixed vegetables;24.7;1.2;3.9;0.1;PORTS:200,PORTM:350,PORTL:400,DL:100,RKL:15,TL:5
35475;Kahvi, espressokahvijuoma;Espresso coffee drink;3.8;0.3;0.3;0.1;KPL_S:20,KPL_M:30,KPL_L:60,PORTS:25,PORTM:40,PORTL:60,DL:100,RKL:15,TL:5
35478;Riisi-kvinoa-moniviljaseos, keitetty, suolaa;Rice, quinoa and multigrain mix, boiled, salt;75.5;2.1;14.8;0.5;PORTS:70,PORTM:110,PORTL:150
35479;Riisi-kvinoa-moniviljaseos, keitetty, suolaton;Rice, quinoa and multigrain mix, boiled, without salt;75.8;2.1;14.9;0.5;PORTS:70,PORTM:110,PORTL:150
35480;Pizza, poro-kantarellipizza;Pizza, reindeer and chantarelle pizza;187.0;11.0;18.2;7.3;KPL_S:200,KPL_M:320,KPL_L:585,PORTS:75,PORTM:175,PORTL:350
35481;Karppisokeri, erytritoli;Erythritol;0.0;0.0;0.0;0.0;PORTS:1,PORTM:2,PORTL:3
35491;Ateriankorvike, chocolate velvet drink, cambridge;Meal replacement, chocolate velvet drink, cambridge;87.3;7.2;10.1;1.6;KPL_VALM:250,PORTS:125,PORTM:250,PORTL:500
35492;Ateriankorvike, keittojauhe, cambridge;Meal replacement, soup powder, cambridge;374.3;27.8;46.3;7.2;PORTS:27,PORTM:54,PORTL:81
35493;Ateriankorvike, keittojauhe ja vesi, cambridge;Meal replacement, soup powder and water, cambridge;66.5;4.9;8.2;1.3;PORTS:150,PORTM:300,PORTL:450
35495;Ateriankorvike, spaghetti bolognese, jauhe, cambridge;Meal replacement, spaghetti bolognese, powder, cambridge;357.9;24.4;42.0;8.2;KPL_M:54,PORTS:27,PORTM:54,PORTL:80
35496;Ateriankorvike, spaghetti bolognese ja vesi, cambridge;Meal replacement, spaghetti bolognese powder and water, cambridge;60.5;4.1;7.1;1.4;PORTS:160,PORTM:320,PORTL:480
35497;Ateriankorvike, proteiinipatukka, cranberry crunch, cambridge;Meal replacement, protein bar, cranberry crunch, cambridge;426.4;27.7;42.9;12.3;KPL_S:30,KPL_M:60,KPL_L:80,KPL_VALM:54,PORTS:27,PORTM:54,PORTL:80
35499;Pizza, mozzarella-tomaatti-pestopizza, gluteeniton;Pizza, mozzarella pizza, tomato, pesto, gluten-free;205.3;6.9;18.9;10.9;KPL_S:200,KPL_M:320,KPL_L:585,PORTS:75,PORTM:175,PORTL:350
35500;Pizza, kana-ananas-sinihomejuustopizza, chiansiemeniä, gluteeniton;Pizza, chicken, pineapple and blue cheese pizza, chia seeds, gluten-free;185.6;13.1;5.5;11.7;KPL_S:200,KPL_M:320,KPL_L:585,PORTS:75,PORTM:175,PORTL:350
35501;Munakas, pekoni-perunamunakas, saarioinen;Omelette, bacon and potato omelette, saarioinen;136.9;8.7;4.9;9.1;KPL_VALM:250,PORTS:100,PORTM:200,PORTL:300
35503;Poronliha, kuivattu;Reindeer, dried;318.5;53.9;0.0;11.2;PORTS:10,PORTM:20,PORTL:50
35505;Naudanpaisti, kuivattu;Beef round, dried;283.6;54.1;0.0;7.2;PORTS:10,PORTM:20,PORTL:50
35506;Liha, kuivattu, keskiarvo;Dried meat, average;301.0;54.0;0.0;9.2;PORTS:10,PORTM:20,PORTL:50
35507;Ateriasalaatti, tabbouleh;Tabbouleh salad;74.9;1.9;9.0;2.7;PORTS:200,PORTM:250,PORTL:300,DL:75
35510;Vaalea leipä, focaccia, valkosipuli, aurinkokuivattu tomaatti;White bread, focaccia, garlic, sun-dried tomato;285.8;6.3;38.7;11.1;KPL_M:30,PORTS:20,PORTM:30,PORTL:40
35511;Syrnikki, rahkapihvi;Quark pancake;184.2;10.2;19.5;6.9;KPL_S:18,KPL_M:40,KPL_L:70,PORTS:75,PORTM:150,PORTL:300
35512;Nyhtökaura-nuudeliwokki;Pulled oats noodle wok;123.1;7.2;11.7;4.7;PORTS:300,PORTM:350,PORTL:400
35513;Pellavansiemenrouhe, paahdettu, valo24;Linseed, crushed, roasted, valo24;563.3;20.6;2.4;48.0;PORTS:5,PORTM:15,PORTL:30,DL:65,RKL:10,TL:3
35515;Lihakeitto, ramen, sianliha, kananmuna, nuudeli;Meat soup, ramen, pork, egg, noodles;85.0;4.1;5.3;5.2;PORTS:200,PORTM:350,PORTL:400,DL:100,RKL:15
35520;Makaroni, gluteeniton, keitetty, suolaton;Macaroni, gluten-free, boiled without salt;122.2;3.2;25.1;0.6;PORTS:135,PORTM:175,PORTL:200
35553;Grillimakkara, juustoinen, lihaisa, grillattu;Barbeque sausage with cheese, meaty, grilled;243.0;13.9;1.1;20.6;PORTS:50,PORTM:100,PORTL:200
35554;Maissitortilla, gluteeniton;Corn tortilla;309.1;3.5;51.8;9.3;KPL_S:42,KPL_M:63,KPL_L:91,PORTS:50,PORTM:130,PORTL:200
35555;Ruokasuola, keskiarvo, jodioitu 50% ja jodioimaton 50%;Salt, average;1.3;0.3;0.0;0.0;PORTS:1,PORTM:2,PORTL:3,DL:125,RKL:20,TL:6.5
35560;Pulla, kuningatarpitko, pullava, oululainen, fazer;Bun, jam and quark filling, pullava, oululainen, fazer;285.2;4.0;55.2;4.7;KPL_VALM:70,PORTS:35,PORTM:70,PORTL:105
35565;Paistoöljy uppo- ja pintapaistoon, kultasula paistoöljy;Oil for frying and  deep fat frying, kultasula paistoöljy;884.3;0.0;0.0;100.0;PORTS:3,PORTM:6,PORTL:10
35566;Kakku- ja taikinamargariini raisa 5;Margarine used in cakes raisa 5;707.5;0.0;0.0;80.0;PORTS:3,PORTM:6,PORTL:10
35580;Karpalo, kuivattu, karpalojauhe;Cranberry, dried, cranberry powder;268.3;6.0;20.6;5.4;PORTS:5,PORTM:15,PORTL:30
35581;Kangastatti;Velvet bolete;18.7;1.1;0.8;0.5;PORTS:120,PORTM:230,PORTL:300
35582;Lampaankääpä;Forest lamb mushroom, sheep polypore;24.0;1.2;0.9;1.0;PORTS:120,PORTM:230,PORTL:300
35583;Punikkitatti;Bolete;27.8;2.1;2.0;0.6;PORTS:120,PORTM:230,PORTL:300
35584;Kuusenkerkkä;Spruce bud;33.6;3.1;0.7;0.5;PORTS:40,PORTM:60,PORTL:100
35585;Maitohorsma, verso;Rosebay willow herb or fireweed, shoot;45.6;4.8;1.4;0.7;PORTS:40,PORTM:60,PORTL:100
35586;Voikukka, lehti, voikukan lehti;Dandelion, leaf;37.9;3.1;2.2;0.2;PORTS:40,PORTM:60,PORTL:100
35587;Voikukka, nuppu, voikukan nuppu;Dandelion, bud;48.4;3.5;1.9;1.2;PORTS:40,PORTM:60,PORTL:100
35588;Vuohenputki, lehti;Goutweed, ground elder, herb gerard, leaf;40.3;3.9;1.1;0.3;PORTS:40,PORTM:60,PORTL:100
35589;Mustaherukka, lehti, mustaherukan lehti;Black currant, leaf;63.7;6.3;2.5;0.7;PORTS:40,PORTM:60,PORTL:100
35591;Juolukka;Bog bilberry, bog whortleberry;38.5;0.4;6.3;0.7;PORTS:60,PORTM:120,PORTL:180
35592;Marja-aronia;Chokeberry;56.1;0.4;5.8;0.6;PORTS:60,PORTM:120,PORTL:180
35593;Marja-aronia, kuivattu, marja-aroniajauhe;Chokeberry, dried, chokeberry powder;242.1;5.1;16.3;2.4;PORTS:5,PORTM:15,PORTL:30
35594;Mustaherukanlehtiuute, alkoholiton kasviglyseriiniuute, grosellero;Black currant leaf extract, non-alcoholic vegetable glycerin extract, grosellero;22.4;0.2;4.8;0.1;PORTS:0.9,PORTM:1.8,PORTL:2.7
35595;Mustaherukka, kuivattu, mustaherukkajauhe;Black currant, dried, black currant powder;252.1;8.4;25.8;3.4;PORTS:5,PORTM:15,PORTL:30
35596;Mustikka, pensasmustikka;Blueberry;61.5;0.3;12.5;0.3;PORTS:60,PORTM:120,PORTL:180,DL:60,RKL:12
35597;Pihlajanmarja, kuivattu, pihlajanmarjajauhe;Rowanberry, dried, rowanberry powder;263.5;8.8;8.2;6.9;PORTS:5,PORTM:15,PORTL:30
35598;Täysmehu, pihlajanmarjatäysmehu;Rowanberry juice, without sugar;28.9;0.2;4.1;0.1;PORTS:150,PORTM:200,PORTL:300,DL:100,RKL:15,TL:5
35599;Puolukka, kuivattu, puolukkajauhe;Lingonberry, dried, lingonberry powder;283.4;6.9;26.2;5.5;PORTS:5,PORTM:15,PORTL:30
35600;Tyrnimarja, kuivattu, tyrnimarjajauhe;Sea buckthorn, dried, sea buckthorn powder;365.4;18.8;7.9;18.8;PORTS:5,PORTM:15,PORTL:30
35601;Täysmehu, tyrnitäysmehu;Sea buckthorn juice, without sugar;46.6;0.6;4.2;2.3;PORTS:150,PORTM:200,PORTL:300,DL:100,RKL:15,TL:5
35602;Variksenmarja;Black crowberry;44.0;0.5;4.2;0.7;PORTS:60,PORTM:120,PORTL:180
35603;Rasvaseos 80 %, oivariini juokseva, laktoositon;Fat blend 80 %, liquid form, oivariini juokseva, lactose-free;710.4;0.1;0.2;80.2;PORTS:3,PORTM:6,PORTL:10,DL:90,RKL:14,TL:4.5
35605;Voikukka, nuppu ja lehti, keskiarvo;Dandelion, bud and leaf, average;43.1;3.3;2.1;0.7;PORTS:40,PORTM:60,PORTL:100
35606;Väinönputki;Angelica;46.9;3.9;3.0;0.3;PORTS:40,PORTM:60,PORTL:100
35607;Siankärsämö;Yarrow;56.5;5.0;2.6;0.3;PORTS:40,PORTM:60,PORTL:100
35608;Mustatorvisieni, kuivattu;Horn of plenty, dried;289.5;17.0;12.0;11.2;PORTS:60,PORTM:230,PORTL:300
35609;Kantarelli, höyrytetty;Chanterelle, steamed;43.1;2.3;2.0;1.8;PORTS:120,PORTM:230,PORTL:300
35610;Suppilovahvero, höyrytetty;Funnel chanterelle, steamed;39.0;1.8;1.3;2.0;PORTS:120,PORTM:230,PORTL:300
35611;Männynherkkutatti, pakaste;Pine bolete, frozen;28.3;2.1;3.3;0.3;PORTS:120,PORTM:230,PORTL:300
35612;Karvarousku, ryöpätty;Woolly milkcap, blanched;30.9;1.9;1.3;0.9;PORTS:120,PORTM:230,PORTL:300
35613;Haaparousku, ryöpätty;Northern milkcap, blanched;30.7;1.9;1.1;1.1;PORTS:120,PORTM:230,PORTL:300
35614;Kangasrousku, ryöpätty;Rufous milkcap, blanched;43.3;3.2;1.9;1.2;PORTS:120,PORTM:230,PORTL:300
35615;Katajanmarja;Juniper berry;248.0;4.2;25.0;4.9;PORTS:5,PORTM:15,PORTL:30
35616;Nokkonen, lehti, kuivattu;Nettle, leaf, dried;204.5;20.0;9.4;2.9;PORTS:40,PORTM:60,PORTL:100
35619;Tofu, kova/kiinteä, soijavalmiste;Tofu, firm, soya product;153.6;17.3;0.5;8.7;PORTS:100,PORTM:150,PORTL:300,DL:100,RKL:14,TL:4
35623;Papu, härkäpapu, kuivattu, keitetty ilman suolaa;Bean, broad bean, fava bean, dried, boiled without salt;102.2;7.6;14.1;0.4;KPL_M:15,PORTS:60,PORTM:75,PORTL:90,DL:55,RKL:9
35628;Elovena muru kaurajauhis;Elovena muru, broad bean product;235.1;20.1;26.3;3.9;PORTS:60,PORTM:75,PORTL:90,DL:55,RKL:9
35629;Smoothie, marli hedelmäinen smoothie + d&c-vitamiinit;Smoothie, marli smoothie, fruit +vitamins  d&c;55.8;0.6;12.0;0.2;PORTS:100,PORTM:200,PORTL:300,DL:100,RKL:15,TL:5
35630;Smoothie, marli marjainen smoothie + d&c-vitamiinit;Smoothie, marli smoothie, berry +vitamins  d&c;60.3;0.8;12.0;0.3;PORTS:100,PORTM:200,PORTL:300,DL:100,RKL:15,TL:5
35631;Jauheliha-nachopaistos;Baked minced meat and nachos;231.3;11.1;11.5;15.5;KPL_S:200,KPL_M:320,KPL_L:585,PORTS:75,PORTM:175,PORTL:350
35632;Kauravalmiste, hapatettu,oddlygood kaurapohjainen gurtti, maustettu, vitaminoitu;Valio oddlygood gurtti, oat product, flavoured;76.1;2.1;14.5;0.7;PORTS:62.5,PORTM:125,PORTL:250,DL:100,RKL:15,TL:5
35633;Kauravalmiste, hapatettu, oddlygood kaurapohjainen gurtti, maustamaton, vitamin.;Valio oddlygood gurtti, oat product, unflavoured,  with vitamins;52.3;2.2;8.4;0.8;PORTS:62.5,PORTM:125,PORTL:250,DL:100,RKL:15,TL:5
35634;Kauravalmiste, hapatettu, oatly havregurt, maustamaton, vitaminoitu;Oatly havregurt, oat product, unflavoured,  with vitamins;70.1;1.7;9.9;2.3;PORTS:62.5,PORTM:125,PORTL:250,DL:100,RKL:15,TL:5
35635;Papu, musta, mustapapu, kuivattu;Bean, black bean, turtle bean, dried;317.9;21.2;47.8;0.9;PORTS:30,PORTM:37.5,PORTL:45,DL:85
35636;Kauravalmiste, hapatettu, oatly havregurt, maustettu, vitaminoitu;Oatly havregurt, oat product, flavoured,  with vitamins;82.8;1.5;13.7;2.1;PORTS:62.5,PORTM:125,PORTL:250,DL:100,RKL:15,TL:5
35637;Sekaleipä, kauraleipä, taika täysjyväkauraviipaleet, vaasan;Multigrain bread, oat bread, taika täysjyväkauraviipaleet, vaasan;244.0;13.1;36.4;3.5;KPL_M:30,KPL_VALM:32,PORTS:20,PORTM:30,PORTL:40
35638;Papu, musta, mustapapu, suolaliemessä, säilyke;Bean, black bean, turtle bean, in brine, canned;79.5;6.0;9.7;0.3;PORTS:30,PORTM:37.5,PORTL:45,DL:100
35639;Voisarvi, croissant, kotitekoinen, gluteeniton;Croissant, home-made, gluten-free;347.0;4.0;33.0;21.9;KPL_M:50,PORTS:40,PORTM:50,PORTL:100
35640;Kinkku-juustopiirakka, muropohja, gluteeniton;Ham and cheese pie, shortcrust pastry, gluten-free;332.0;9.8;30.1;18.9;KPL_S:80,KPL_M:115,KPL_L:150,PORTS:80,PORTM:120,PORTL:160
35641;Makaronilaatikko, liha-makaronilaatikko, sika-nauta, kevytmaito, gluteeniton;Macaroni and pork beef mince casserole, low-fat milk, gluten-free;124.8;6.8;10.2;6.1;PORTS:250,PORTM:300,PORTL:350
35642;Pasta carbonara, pekoni, gluteeniton;Pasta carbonara, bacon, gluten-free;225.2;9.9;14.5;14.2;PORTS:250,PORTM:300,PORTL:350,DL:100,RKL:15
35644;Makaronilaatikko, kala-makaronilaatikko, tonnikala, kevytmaito, gluteeniton;Macaroni and tuna casserole, low-fat milk, gluten-free;112.7;9.9;9.2;3.9;PORTS:250,PORTM:300,PORTL:350
35645;Makaronilaatikko, soija-makaronilaatikko, kevytmaito, gluteeniton;Macaroni and soya casserole, low-fat milk, gluten-free;95.7;6.8;11.5;2.0;PORTS:250,PORTM:300,PORTL:350
35647;Täytetty leipä, patonki, tonnikala, gluteeniton;Sandwich, baguette, tuna, gluten-free;192.8;7.5;20.7;8.3;KPL_M:233,PORTS:170,PORTM:233,PORTL:466
35652;Haaparousku, ryöpätty, suolattu 15 %, kuivasuolaus;Northern milkcap, blanched, added salt 15 %;26.5;1.7;0.9;0.9;PORTS:120,PORTM:230,PORTL:300
35887;Maksa, keitetty, ei lisättyä suolaa;Liver, boiled, without salt;188.5;27.9;5.7;5.9;PORTS:100,PORTM:150,PORTL:200
